ISO-10303-21;
HEADER;
/* Generated by software containing ST-Developer
 * from STEP Tools, Inc. (www.steptools.com) 
 */

FILE_DESCRIPTION(
/* description */ (''),
/* implementation_level */ '2;1');

FILE_NAME(
/* name */ 'TX.step',
/* time_stamp */ '2026-09-08T10:45:11+07:00',
/* author */ (''),
/* organization */ (''),
/* preprocessor_version */ 'ST-DEVELOPER v20.2',
/* originating_system */ 'Autodesk Translation Framework v15.15.0.0',
/* authorisation */ '');

FILE_SCHEMA (('AUTOMOTIVE_DESIGN { 1 0 10303 214 3 1 1 }'));
ENDSEC;

DATA;
#10=MECHANICAL_DESIGN_GEOMETRIC_PRESENTATION_REPRESENTATION('',(#53,#54,
#55,#56,#57,#58,#59,#60,#61,#62,#63,#64,#65,#66,#67,#68,#69,#70,#71,#72,
#73,#74,#75,#76,#77,#78,#79,#80,#81,#82,#83,#84,#85,#86,#87),#13772);
#11=ITEM_DEFINED_TRANSFORMATION($,$,#8261,#8992);
#12=ITEM_DEFINED_TRANSFORMATION($,$,#8261,#8993);
#13=(
REPRESENTATION_RELATIONSHIP($,$,#13784,#13783)
REPRESENTATION_RELATIONSHIP_WITH_TRANSFORMATION(#11)
SHAPE_REPRESENTATION_RELATIONSHIP()
);
#14=(
REPRESENTATION_RELATIONSHIP($,$,#13784,#13783)
REPRESENTATION_RELATIONSHIP_WITH_TRANSFORMATION(#12)
SHAPE_REPRESENTATION_RELATIONSHIP()
);
#15=CONTEXT_DEPENDENT_SHAPE_REPRESENTATION(#13,#13781);
#16=CONTEXT_DEPENDENT_SHAPE_REPRESENTATION(#14,#13782);
#17=NEXT_ASSEMBLY_USAGE_OCCURRENCE('joy_stick_2a:1','joy_stick_2a:1',
'joy_stick_2a:1',#13786,#13787,'joy_stick_2a:1');
#18=NEXT_ASSEMBLY_USAGE_OCCURRENCE('joy_stick_2a:2','joy_stick_2a:2',
'joy_stick_2a:2',#13786,#13787,'joy_stick_2a:2');
#19=B_SPLINE_CURVE_WITH_KNOTS('',3,(#12247,#12248,#12249,#12250,#12251),
 .UNSPECIFIED.,.F.,.F.,(4,1,4),(0.,0.0256736826550908,0.0631702012691569),
 .UNSPECIFIED.);
#20=B_SPLINE_CURVE_WITH_KNOTS('',3,(#12254,#12255,#12256,#12257,#12258),
 .UNSPECIFIED.,.F.,.F.,(4,1,4),(0.,0.0256736826550908,0.0631702012691569),
 .UNSPECIFIED.);
#21=B_SPLINE_CURVE_WITH_KNOTS('',3,(#12270,#12271,#12272,#12273,#12274),
 .UNSPECIFIED.,.F.,.F.,(4,1,4),(0.,0.0303386392984274,0.0556903526644937),
 .UNSPECIFIED.);
#22=B_SPLINE_CURVE_WITH_KNOTS('',3,(#12277,#12278,#12279,#12280,#12281),
 .UNSPECIFIED.,.F.,.F.,(4,1,4),(0.,0.0303386392984274,0.0556903526644937),
 .UNSPECIFIED.);
#23=B_SPLINE_CURVE_WITH_KNOTS('',3,(#12298,#12299,#12300,#12301,#12302),
 .UNSPECIFIED.,.F.,.F.,(4,1,4),(0.,0.0738205812629326,0.14060162526928),
 .UNSPECIFIED.);
#24=B_SPLINE_CURVE_WITH_KNOTS('',3,(#12303,#12304,#12305,#12306,#12307),
 .UNSPECIFIED.,.F.,.F.,(4,1,4),(0.,0.0738205812629326,0.14060162526928),
 .UNSPECIFIED.);
#25=B_SPLINE_CURVE_WITH_KNOTS('',3,(#12334,#12335,#12336,#12337,#12338),
 .UNSPECIFIED.,.F.,.F.,(4,1,4),(0.,0.0260794545220139,0.0634652337507356),
 .UNSPECIFIED.);
#26=B_SPLINE_CURVE_WITH_KNOTS('',3,(#12341,#12342,#12343,#12344,#12345),
 .UNSPECIFIED.,.F.,.F.,(4,1,4),(0.,0.0260794545220139,0.0634652337507356),
 .UNSPECIFIED.);
#27=B_SPLINE_CURVE_WITH_KNOTS('',3,(#12357,#12358,#12359,#12360,#12361),
 .UNSPECIFIED.,.F.,.F.,(4,1,4),(0.,0.0270356529287916,0.0523925834294267),
 .UNSPECIFIED.);
#28=B_SPLINE_CURVE_WITH_KNOTS('',3,(#12364,#12365,#12366,#12367,#12368),
 .UNSPECIFIED.,.F.,.F.,(4,1,4),(0.,0.0270356529287916,0.0523925834294267),
 .UNSPECIFIED.);
#29=B_SPLINE_CURVE_WITH_KNOTS('',3,(#12398,#12399,#12400,#12401,#12402),
 .UNSPECIFIED.,.F.,.F.,(4,1,4),(0.,0.0862212698014816,0.172681532768329),
 .UNSPECIFIED.);
#30=B_SPLINE_CURVE_WITH_KNOTS('',3,(#12405,#12406,#12407,#12408,#12409),
 .UNSPECIFIED.,.F.,.F.,(4,1,4),(0.,0.0862212698014816,0.172681532768329),
 .UNSPECIFIED.);
#31=B_SPLINE_CURVE_WITH_KNOTS('',3,(#12421,#12422,#12423,#12424,#12425),
 .UNSPECIFIED.,.F.,.F.,(4,1,4),(0.,0.113494411215116,0.273189425043729),
 .UNSPECIFIED.);
#32=B_SPLINE_CURVE_WITH_KNOTS('',3,(#12428,#12429,#12430,#12431,#12432),
 .UNSPECIFIED.,.F.,.F.,(4,1,4),(0.,0.113494411215116,0.273189425043729),
 .UNSPECIFIED.);
#33=B_SPLINE_CURVE_WITH_KNOTS('',3,(#12450,#12451,#12452,#12453,#12454),
 .UNSPECIFIED.,.F.,.F.,(4,1,4),(0.,0.0731055233558438,0.147401589815535),
 .UNSPECIFIED.);
#34=B_SPLINE_CURVE_WITH_KNOTS('',3,(#12457,#12458,#12459,#12460,#12461),
 .UNSPECIFIED.,.F.,.F.,(4,1,4),(0.,0.0731055233558438,0.147401589815535),
 .UNSPECIFIED.);
#35=B_SPLINE_CURVE_WITH_KNOTS('',3,(#12473,#12474,#12475,#12476,#12477),
 .UNSPECIFIED.,.F.,.F.,(4,1,4),(0.,0.0933581236432706,0.16858395600682),
 .UNSPECIFIED.);
#36=B_SPLINE_CURVE_WITH_KNOTS('',3,(#12480,#12481,#12482,#12483,#12484),
 .UNSPECIFIED.,.F.,.F.,(4,1,4),(0.,0.0933581236432706,0.16858395600682),
 .UNSPECIFIED.);
#37=B_SPLINE_SURFACE_WITH_KNOTS('',3,1,((#12236,#12237),(#12238,#12239),
(#12240,#12241),(#12242,#12243),(#12244,#12245)),.UNSPECIFIED.,.F.,.F.,
 .F.,(4,1,4),(2,2),(0.,0.0256736826550908,0.0631702012691569),(0.,0.1),
 .UNSPECIFIED.);
#38=B_SPLINE_SURFACE_WITH_KNOTS('',3,1,((#12259,#12260),(#12261,#12262),
(#12263,#12264),(#12265,#12266),(#12267,#12268)),.UNSPECIFIED.,.F.,.F.,
 .F.,(4,1,4),(2,2),(0.,0.0303386392984274,0.0556903526644937),(0.,0.1),
 .UNSPECIFIED.);
#39=B_SPLINE_SURFACE_WITH_KNOTS('',3,1,((#12288,#12289),(#12290,#12291),
(#12292,#12293),(#12294,#12295),(#12296,#12297)),.UNSPECIFIED.,.F.,.F.,
 .F.,(4,1,4),(2,2),(0.,0.0738205812629326,0.14060162526928),(0.,0.1),
 .UNSPECIFIED.);
#40=B_SPLINE_SURFACE_WITH_KNOTS('',3,1,((#12323,#12324),(#12325,#12326),
(#12327,#12328),(#12329,#12330),(#12331,#12332)),.UNSPECIFIED.,.F.,.F.,
 .F.,(4,1,4),(2,2),(0.,0.0260794545220139,0.0634652337507356),(0.,0.1),
 .UNSPECIFIED.);
#41=B_SPLINE_SURFACE_WITH_KNOTS('',3,1,((#12346,#12347),(#12348,#12349),
(#12350,#12351),(#12352,#12353),(#12354,#12355)),.UNSPECIFIED.,.F.,.F.,
 .F.,(4,1,4),(2,2),(0.,0.0270356529287916,0.0523925834294267),(0.,0.1),
 .UNSPECIFIED.);
#42=B_SPLINE_SURFACE_WITH_KNOTS('',3,1,((#12387,#12388),(#12389,#12390),
(#12391,#12392),(#12393,#12394),(#12395,#12396)),.UNSPECIFIED.,.F.,.F.,
 .F.,(4,1,4),(2,2),(0.,0.0862212698014816,0.172681532768329),(0.,0.1),
 .UNSPECIFIED.);
#43=B_SPLINE_SURFACE_WITH_KNOTS('',3,1,((#12410,#12411),(#12412,#12413),
(#12414,#12415),(#12416,#12417),(#12418,#12419)),.UNSPECIFIED.,.F.,.F.,
 .F.,(4,1,4),(2,2),(0.,0.113494411215116,0.273189425043729),(0.,0.1),
 .UNSPECIFIED.);
#44=B_SPLINE_SURFACE_WITH_KNOTS('',3,1,((#12439,#12440),(#12441,#12442),
(#12443,#12444),(#12445,#12446),(#12447,#12448)),.UNSPECIFIED.,.F.,.F.,
 .F.,(4,1,4),(2,2),(0.,0.0731055233558438,0.147401589815535),(0.,0.1),
 .UNSPECIFIED.);
#45=B_SPLINE_SURFACE_WITH_KNOTS('',3,1,((#12462,#12463),(#12464,#12465),
(#12466,#12467),(#12468,#12469),(#12470,#12471)),.UNSPECIFIED.,.F.,.F.,
 .F.,(4,1,4),(2,2),(0.,0.0933581236432706,0.16858395600682),(0.,0.1),
 .UNSPECIFIED.);
#46=SHAPE_REPRESENTATION_RELATIONSHIP('SRR','None',#13784,#48);
#47=SHAPE_REPRESENTATION_RELATIONSHIP('SRR','None',#13783,#49);
#48=ADVANCED_BREP_SHAPE_REPRESENTATION('',(#88,#89,#90,#91,#92,#93,#94,
#95,#96,#97,#98,#99,#100,#101,#102,#103,#104,#105,#106,#107,#108,#109,#110,
#111,#112),#13771);
#49=ADVANCED_BREP_SHAPE_REPRESENTATION('',(#113,#114,#115,#116),#13770);
#50=TOROIDAL_SURFACE('',#8303,5.5,4.5);
#51=TOROIDAL_SURFACE('',#8308,9.5,0.5);
#52=(
BOUNDED_SURFACE()
B_SPLINE_SURFACE(2,2,((#11360,#11361,#11362,#11363,#11364,#11365,#11366,
#11367,#11368),(#11369,#11370,#11371,#11372,#11373,#11374,#11375,#11376,
#11377),(#11378,#11379,#11380,#11381,#11382,#11383,#11384,#11385,#11386)),
 .UNSPECIFIED.,.F.,.T.,.F.)
B_SPLINE_SURFACE_WITH_KNOTS((3,3),(3,2,2,2,3),(-1.5707963267949,-0.0476370626243953),
(-3.14159265358979,-1.5707963267949,0.,1.5707963267949,3.14159265358979),
 .UNSPECIFIED.)
GEOMETRIC_REPRESENTATION_ITEM()
RATIONAL_B_SPLINE_SURFACE(((1.,0.707106781186548,1.,0.707106781186548,1.,
0.707106781186548,1.,0.707106781186548,1.),(0.723746864455743,0.511766315719157,
0.723746864455743,0.511766315719157,0.723746864455743,0.511766315719157,
0.723746864455743,0.511766315719157,0.723746864455743),(1.,0.707106781186548,
1.,0.707106781186548,1.,0.707106781186548,1.,0.707106781186548,1.)))
REPRESENTATION_ITEM('')
SURFACE()
);
#53=STYLED_ITEM('',(#13799),#88);
#54=STYLED_ITEM('',(#13800),#89);
#55=STYLED_ITEM('',(#13801),#90);
#56=STYLED_ITEM('',(#13799),#91);
#57=STYLED_ITEM('',(#13801),#92);
#58=STYLED_ITEM('',(#13799),#93);
#59=STYLED_ITEM('',(#13802),#94);
#60=STYLED_ITEM('',(#13799),#95);
#61=STYLED_ITEM('',(#13799),#96);
#62=STYLED_ITEM('',(#13801),#97);
#63=STYLED_ITEM('',(#13801),#98);
#64=STYLED_ITEM('',(#13801),#99);
#65=STYLED_ITEM('',(#13801),#100);
#66=STYLED_ITEM('',(#13801),#101);
#67=STYLED_ITEM('',(#13801),#102);
#68=STYLED_ITEM('',(#13801),#103);
#69=STYLED_ITEM('',(#13801),#104);
#70=STYLED_ITEM('',(#13801),#105);
#71=STYLED_ITEM('',(#13801),#106);
#72=STYLED_ITEM('',(#13802),#107);
#73=STYLED_ITEM('',(#13802),#108);
#74=STYLED_ITEM('',(#13802),#109);
#75=STYLED_ITEM('',(#13802),#110);
#76=STYLED_ITEM('',(#13802),#111);
#77=STYLED_ITEM('',(#13799),#112);
#78=STYLED_ITEM('',(#13799),#7976);
#79=STYLED_ITEM('',(#13799),#7990);
#80=STYLED_ITEM('',(#13799),#8013);
#81=STYLED_ITEM('',(#13799),#8018);
#82=STYLED_ITEM('',(#13799),#8031);
#83=STYLED_ITEM('',(#13799),#8043);
#84=STYLED_ITEM('',(#13798),#113);
#85=STYLED_ITEM('',(#13798),#114);
#86=STYLED_ITEM('',(#13798),#115);
#87=STYLED_ITEM('',(#13798),#116);
#88=MANIFOLD_SOLID_BREP('Body1',#8219);
#89=MANIFOLD_SOLID_BREP('Body2',#8220);
#90=MANIFOLD_SOLID_BREP('Body3',#8221);
#91=MANIFOLD_SOLID_BREP('Body4',#8222);
#92=MANIFOLD_SOLID_BREP('Body5',#8223);
#93=MANIFOLD_SOLID_BREP('Body6',#8224);
#94=MANIFOLD_SOLID_BREP('Body7',#8225);
#95=MANIFOLD_SOLID_BREP('Body8',#8226);
#96=MANIFOLD_SOLID_BREP('Body9',#8227);
#97=MANIFOLD_SOLID_BREP('Body10',#8228);
#98=MANIFOLD_SOLID_BREP('Body11',#8229);
#99=MANIFOLD_SOLID_BREP('Body12',#8230);
#100=MANIFOLD_SOLID_BREP('Body13',#8231);
#101=MANIFOLD_SOLID_BREP('Body14',#8232);
#102=MANIFOLD_SOLID_BREP('Body15',#8233);
#103=MANIFOLD_SOLID_BREP('Body16',#8234);
#104=MANIFOLD_SOLID_BREP('Body17',#8235);
#105=MANIFOLD_SOLID_BREP('Body18',#8236);
#106=MANIFOLD_SOLID_BREP('Body19',#8237);
#107=MANIFOLD_SOLID_BREP('Body20',#8238);
#108=MANIFOLD_SOLID_BREP('Body21',#8239);
#109=MANIFOLD_SOLID_BREP('Body22',#8240);
#110=MANIFOLD_SOLID_BREP('Body23',#8241);
#111=MANIFOLD_SOLID_BREP('Body24',#8242);
#112=MANIFOLD_SOLID_BREP('Body25',#8243);
#113=MANIFOLD_SOLID_BREP('Body8',#8244);
#114=MANIFOLD_SOLID_BREP('Body13',#8245);
#115=MANIFOLD_SOLID_BREP('Body17',#8246);
#116=MANIFOLD_SOLID_BREP('Body25',#8247);
#117=FACE_BOUND('',#1062,.T.);
#118=FACE_BOUND('',#1063,.T.);
#119=FACE_BOUND('',#1064,.T.);
#120=FACE_BOUND('',#1065,.T.);
#121=FACE_BOUND('',#1066,.T.);
#122=FACE_BOUND('',#1067,.T.);
#123=FACE_BOUND('',#1068,.T.);
#124=FACE_BOUND('',#1069,.T.);
#125=FACE_BOUND('',#1070,.T.);
#126=FACE_BOUND('',#1072,.T.);
#127=FACE_BOUND('',#1073,.T.);
#128=FACE_BOUND('',#1074,.T.);
#129=FACE_BOUND('',#1075,.T.);
#130=FACE_BOUND('',#1076,.T.);
#131=FACE_BOUND('',#1077,.T.);
#132=FACE_BOUND('',#1078,.T.);
#133=FACE_BOUND('',#1079,.T.);
#134=FACE_BOUND('',#1080,.T.);
#135=FACE_BOUND('',#1086,.T.);
#136=FACE_BOUND('',#1131,.T.);
#137=FACE_BOUND('',#1133,.T.);
#138=FACE_BOUND('',#1140,.T.);
#139=FACE_BOUND('',#1142,.T.);
#140=FACE_BOUND('',#1149,.T.);
#141=FACE_BOUND('',#1151,.T.);
#142=FACE_BOUND('',#1158,.T.);
#143=FACE_BOUND('',#1160,.T.);
#144=FACE_BOUND('',#1167,.T.);
#145=FACE_BOUND('',#1169,.T.);
#146=FACE_BOUND('',#1171,.T.);
#147=FACE_BOUND('',#1178,.T.);
#148=FACE_BOUND('',#1180,.T.);
#149=FACE_BOUND('',#1187,.T.);
#150=FACE_BOUND('',#1189,.T.);
#151=FACE_BOUND('',#1196,.T.);
#152=FACE_BOUND('',#1198,.T.);
#153=FACE_BOUND('',#1205,.T.);
#154=FACE_BOUND('',#1207,.T.);
#155=FACE_BOUND('',#1214,.T.);
#156=FACE_BOUND('',#1285,.T.);
#157=FACE_BOUND('',#1286,.T.);
#158=FACE_BOUND('',#1287,.T.);
#159=FACE_BOUND('',#1288,.T.);
#160=FACE_BOUND('',#1289,.T.);
#161=FACE_BOUND('',#1291,.T.);
#162=FACE_BOUND('',#1292,.T.);
#163=FACE_BOUND('',#1293,.T.);
#164=FACE_BOUND('',#1294,.T.);
#165=FACE_BOUND('',#1295,.T.);
#166=FACE_BOUND('',#1321,.T.);
#167=FACE_BOUND('',#1337,.T.);
#168=FACE_BOUND('',#1338,.T.);
#169=FACE_BOUND('',#1339,.T.);
#170=FACE_BOUND('',#1340,.T.);
#171=FACE_BOUND('',#1369,.T.);
#172=FACE_BOUND('',#1370,.T.);
#173=FACE_BOUND('',#1371,.T.);
#174=FACE_BOUND('',#1372,.T.);
#175=FACE_BOUND('',#1373,.T.);
#176=FACE_BOUND('',#1374,.T.);
#177=FACE_BOUND('',#1375,.T.);
#178=FACE_BOUND('',#1376,.T.);
#179=FACE_BOUND('',#1377,.T.);
#180=FACE_BOUND('',#1379,.T.);
#181=FACE_BOUND('',#1380,.T.);
#182=FACE_BOUND('',#1381,.T.);
#183=FACE_BOUND('',#1382,.T.);
#184=FACE_BOUND('',#1383,.T.);
#185=FACE_BOUND('',#1384,.T.);
#186=FACE_BOUND('',#1385,.T.);
#187=FACE_BOUND('',#1386,.T.);
#188=FACE_BOUND('',#1387,.T.);
#189=FACE_BOUND('',#1411,.T.);
#190=FACE_BOUND('',#1431,.T.);
#191=FACE_BOUND('',#1432,.T.);
#192=FACE_BOUND('',#1433,.T.);
#193=FACE_BOUND('',#1434,.T.);
#194=FACE_BOUND('',#1435,.T.);
#195=FACE_BOUND('',#1436,.T.);
#196=FACE_BOUND('',#1437,.T.);
#197=FACE_BOUND('',#1438,.T.);
#198=FACE_BOUND('',#1439,.T.);
#199=FACE_BOUND('',#1440,.T.);
#200=FACE_BOUND('',#1441,.T.);
#201=FACE_BOUND('',#1442,.T.);
#202=FACE_BOUND('',#1443,.T.);
#203=FACE_BOUND('',#1444,.T.);
#204=FACE_BOUND('',#1445,.T.);
#205=FACE_BOUND('',#1446,.T.);
#206=FACE_BOUND('',#1447,.T.);
#207=FACE_BOUND('',#1448,.T.);
#208=FACE_BOUND('',#1449,.T.);
#209=FACE_BOUND('',#1450,.T.);
#210=FACE_BOUND('',#1468,.T.);
#211=FACE_BOUND('',#1469,.T.);
#212=FACE_BOUND('',#1470,.T.);
#213=FACE_BOUND('',#1471,.T.);
#214=FACE_BOUND('',#1472,.T.);
#215=FACE_BOUND('',#1474,.T.);
#216=FACE_BOUND('',#1475,.T.);
#217=FACE_BOUND('',#1476,.T.);
#218=FACE_BOUND('',#1477,.T.);
#219=FACE_BOUND('',#1478,.T.);
#220=FACE_BOUND('',#1482,.T.);
#221=FACE_BOUND('',#1484,.T.);
#222=FACE_BOUND('',#1487,.T.);
#223=FACE_BOUND('',#1489,.T.);
#224=FACE_BOUND('',#1501,.T.);
#225=FACE_BOUND('',#1503,.T.);
#226=FACE_BOUND('',#1515,.T.);
#227=FACE_BOUND('',#1527,.T.);
#228=FACE_BOUND('',#1537,.T.);
#229=FACE_BOUND('',#1538,.T.);
#230=FACE_BOUND('',#1539,.T.);
#231=FACE_BOUND('',#1540,.T.);
#232=FACE_BOUND('',#1541,.T.);
#233=FACE_BOUND('',#1544,.T.);
#234=FACE_BOUND('',#1547,.T.);
#235=FACE_BOUND('',#1550,.T.);
#236=FACE_BOUND('',#1553,.T.);
#237=FACE_BOUND('',#1563,.T.);
#238=FACE_BOUND('',#1564,.T.);
#239=FACE_BOUND('',#1565,.T.);
#240=FACE_BOUND('',#1566,.T.);
#241=FACE_BOUND('',#1573,.T.);
#242=FACE_BOUND('',#1576,.T.);
#243=FACE_BOUND('',#1579,.T.);
#244=FACE_BOUND('',#1582,.T.);
#245=FACE_BOUND('',#1592,.T.);
#246=FACE_BOUND('',#1593,.T.);
#247=FACE_BOUND('',#1594,.T.);
#248=FACE_BOUND('',#1595,.T.);
#249=FACE_BOUND('',#1631,.T.);
#250=FACE_BOUND('',#1632,.T.);
#251=FACE_BOUND('',#1647,.T.);
#252=FACE_BOUND('',#1648,.T.);
#253=FACE_BOUND('',#1649,.T.);
#254=FACE_BOUND('',#1650,.T.);
#255=FACE_BOUND('',#1651,.T.);
#256=FACE_BOUND('',#1653,.T.);
#257=FACE_BOUND('',#1654,.T.);
#258=FACE_BOUND('',#1655,.T.);
#259=FACE_BOUND('',#1656,.T.);
#260=FACE_BOUND('',#1657,.T.);
#261=PLANE('',#8289);
#262=PLANE('',#8290);
#263=PLANE('',#8291);
#264=PLANE('',#8292);
#265=PLANE('',#8293);
#266=PLANE('',#8294);
#267=PLANE('',#8301);
#268=PLANE('',#8306);
#269=PLANE('',#8310);
#270=PLANE('',#8311);
#271=PLANE('',#8312);
#272=PLANE('',#8313);
#273=PLANE('',#8314);
#274=PLANE('',#8315);
#275=PLANE('',#8316);
#276=PLANE('',#8317);
#277=PLANE('',#8318);
#278=PLANE('',#8319);
#279=PLANE('',#8320);
#280=PLANE('',#8321);
#281=PLANE('',#8322);
#282=PLANE('',#8323);
#283=PLANE('',#8324);
#284=PLANE('',#8325);
#285=PLANE('',#8326);
#286=PLANE('',#8327);
#287=PLANE('',#8328);
#288=PLANE('',#8332);
#289=PLANE('',#8333);
#290=PLANE('',#8337);
#291=PLANE('',#8338);
#292=PLANE('',#8339);
#293=PLANE('',#8340);
#294=PLANE('',#8341);
#295=PLANE('',#8342);
#296=PLANE('',#8343);
#297=PLANE('',#8344);
#298=PLANE('',#8345);
#299=PLANE('',#8346);
#300=PLANE('',#8347);
#301=PLANE('',#8348);
#302=PLANE('',#8349);
#303=PLANE('',#8350);
#304=PLANE('',#8354);
#305=PLANE('',#8358);
#306=PLANE('',#8362);
#307=PLANE('',#8363);
#308=PLANE('',#8367);
#309=PLANE('',#8371);
#310=PLANE('',#8375);
#311=PLANE('',#8376);
#312=PLANE('',#8380);
#313=PLANE('',#8384);
#314=PLANE('',#8388);
#315=PLANE('',#8389);
#316=PLANE('',#8393);
#317=PLANE('',#8397);
#318=PLANE('',#8401);
#319=PLANE('',#8402);
#320=PLANE('',#8406);
#321=PLANE('',#8410);
#322=PLANE('',#8414);
#323=PLANE('',#8415);
#324=PLANE('',#8416);
#325=PLANE('',#8420);
#326=PLANE('',#8427);
#327=PLANE('',#8428);
#328=PLANE('',#8429);
#329=PLANE('',#8433);
#330=PLANE('',#8440);
#331=PLANE('',#8441);
#332=PLANE('',#8442);
#333=PLANE('',#8446);
#334=PLANE('',#8453);
#335=PLANE('',#8454);
#336=PLANE('',#8455);
#337=PLANE('',#8459);
#338=PLANE('',#8466);
#339=PLANE('',#8467);
#340=PLANE('',#8468);
#341=PLANE('',#8472);
#342=PLANE('',#8479);
#343=PLANE('',#8480);
#344=PLANE('',#8481);
#345=PLANE('',#8482);
#346=PLANE('',#8483);
#347=PLANE('',#8484);
#348=PLANE('',#8485);
#349=PLANE('',#8486);
#350=PLANE('',#8487);
#351=PLANE('',#8488);
#352=PLANE('',#8489);
#353=PLANE('',#8490);
#354=PLANE('',#8491);
#355=PLANE('',#8492);
#356=PLANE('',#8493);
#357=PLANE('',#8494);
#358=PLANE('',#8495);
#359=PLANE('',#8496);
#360=PLANE('',#8497);
#361=PLANE('',#8498);
#362=PLANE('',#8499);
#363=PLANE('',#8500);
#364=PLANE('',#8501);
#365=PLANE('',#8502);
#366=PLANE('',#8503);
#367=PLANE('',#8504);
#368=PLANE('',#8505);
#369=PLANE('',#8506);
#370=PLANE('',#8507);
#371=PLANE('',#8508);
#372=PLANE('',#8509);
#373=PLANE('',#8510);
#374=PLANE('',#8511);
#375=PLANE('',#8512);
#376=PLANE('',#8513);
#377=PLANE('',#8514);
#378=PLANE('',#8515);
#379=PLANE('',#8516);
#380=PLANE('',#8517);
#381=PLANE('',#8518);
#382=PLANE('',#8519);
#383=PLANE('',#8520);
#384=PLANE('',#8521);
#385=PLANE('',#8522);
#386=PLANE('',#8523);
#387=PLANE('',#8524);
#388=PLANE('',#8525);
#389=PLANE('',#8526);
#390=PLANE('',#8527);
#391=PLANE('',#8528);
#392=PLANE('',#8529);
#393=PLANE('',#8530);
#394=PLANE('',#8531);
#395=PLANE('',#8532);
#396=PLANE('',#8533);
#397=PLANE('',#8534);
#398=PLANE('',#8535);
#399=PLANE('',#8536);
#400=PLANE('',#8537);
#401=PLANE('',#8538);
#402=PLANE('',#8539);
#403=PLANE('',#8540);
#404=PLANE('',#8556);
#405=PLANE('',#8557);
#406=PLANE('',#8558);
#407=PLANE('',#8559);
#408=PLANE('',#8560);
#409=PLANE('',#8561);
#410=PLANE('',#8568);
#411=PLANE('',#8569);
#412=PLANE('',#8570);
#413=PLANE('',#8571);
#414=PLANE('',#8572);
#415=PLANE('',#8573);
#416=PLANE('',#8574);
#417=PLANE('',#8575);
#418=PLANE('',#8576);
#419=PLANE('',#8577);
#420=PLANE('',#8578);
#421=PLANE('',#8579);
#422=PLANE('',#8580);
#423=PLANE('',#8581);
#424=PLANE('',#8582);
#425=PLANE('',#8583);
#426=PLANE('',#8584);
#427=PLANE('',#8585);
#428=PLANE('',#8586);
#429=PLANE('',#8587);
#430=PLANE('',#8588);
#431=PLANE('',#8589);
#432=PLANE('',#8590);
#433=PLANE('',#8591);
#434=PLANE('',#8592);
#435=PLANE('',#8593);
#436=PLANE('',#8594);
#437=PLANE('',#8595);
#438=PLANE('',#8596);
#439=PLANE('',#8597);
#440=PLANE('',#8598);
#441=PLANE('',#8599);
#442=PLANE('',#8600);
#443=PLANE('',#8604);
#444=PLANE('',#8608);
#445=PLANE('',#8609);
#446=PLANE('',#8613);
#447=PLANE('',#8617);
#448=PLANE('',#8618);
#449=PLANE('',#8619);
#450=PLANE('',#8620);
#451=PLANE('',#8621);
#452=PLANE('',#8622);
#453=PLANE('',#8623);
#454=PLANE('',#8624);
#455=PLANE('',#8625);
#456=PLANE('',#8626);
#457=PLANE('',#8627);
#458=PLANE('',#8628);
#459=PLANE('',#8629);
#460=PLANE('',#8630);
#461=PLANE('',#8631);
#462=PLANE('',#8632);
#463=PLANE('',#8641);
#464=PLANE('',#8650);
#465=PLANE('',#8651);
#466=PLANE('',#8652);
#467=PLANE('',#8653);
#468=PLANE('',#8654);
#469=PLANE('',#8655);
#470=PLANE('',#8656);
#471=PLANE('',#8657);
#472=PLANE('',#8658);
#473=PLANE('',#8659);
#474=PLANE('',#8660);
#475=PLANE('',#8661);
#476=PLANE('',#8662);
#477=PLANE('',#8663);
#478=PLANE('',#8664);
#479=PLANE('',#8665);
#480=PLANE('',#8666);
#481=PLANE('',#8667);
#482=PLANE('',#8668);
#483=PLANE('',#8669);
#484=PLANE('',#8670);
#485=PLANE('',#8671);
#486=PLANE('',#8672);
#487=PLANE('',#8673);
#488=PLANE('',#8674);
#489=PLANE('',#8695);
#490=PLANE('',#8698);
#491=PLANE('',#8701);
#492=PLANE('',#8704);
#493=PLANE('',#8714);
#494=PLANE('',#8718);
#495=PLANE('',#8737);
#496=PLANE('',#8741);
#497=PLANE('',#8742);
#498=PLANE('',#8743);
#499=PLANE('',#8750);
#500=PLANE('',#8755);
#501=PLANE('',#8760);
#502=PLANE('',#8761);
#503=PLANE('',#8766);
#504=PLANE('',#8771);
#505=PLANE('',#8773);
#506=PLANE('',#8775);
#507=PLANE('',#8776);
#508=PLANE('',#8779);
#509=PLANE('',#8780);
#510=PLANE('',#8781);
#511=PLANE('',#8786);
#512=PLANE('',#8791);
#513=PLANE('',#8793);
#514=PLANE('',#8795);
#515=PLANE('',#8796);
#516=PLANE('',#8799);
#517=PLANE('',#8800);
#518=PLANE('',#8801);
#519=PLANE('',#8807);
#520=PLANE('',#8809);
#521=PLANE('',#8810);
#522=PLANE('',#8813);
#523=PLANE('',#8814);
#524=PLANE('',#8815);
#525=PLANE('',#8816);
#526=PLANE('',#8822);
#527=PLANE('',#8824);
#528=PLANE('',#8825);
#529=PLANE('',#8828);
#530=PLANE('',#8829);
#531=PLANE('',#8845);
#532=PLANE('',#8850);
#533=PLANE('',#8855);
#534=PLANE('',#8860);
#535=PLANE('',#8870);
#536=PLANE('',#8871);
#537=PLANE('',#8872);
#538=PLANE('',#8873);
#539=PLANE('',#8874);
#540=PLANE('',#8875);
#541=PLANE('',#8876);
#542=PLANE('',#8877);
#543=PLANE('',#8878);
#544=PLANE('',#8882);
#545=PLANE('',#8887);
#546=PLANE('',#8892);
#547=PLANE('',#8897);
#548=PLANE('',#8907);
#549=PLANE('',#8908);
#550=PLANE('',#8909);
#551=PLANE('',#8910);
#552=PLANE('',#8911);
#553=PLANE('',#8912);
#554=PLANE('',#8913);
#555=PLANE('',#8914);
#556=PLANE('',#8915);
#557=PLANE('',#8918);
#558=PLANE('',#8919);
#559=PLANE('',#8922);
#560=PLANE('',#8925);
#561=PLANE('',#8928);
#562=PLANE('',#8929);
#563=PLANE('',#8930);
#564=PLANE('',#8933);
#565=PLANE('',#8934);
#566=PLANE('',#8937);
#567=PLANE('',#8940);
#568=PLANE('',#8943);
#569=PLANE('',#8944);
#570=PLANE('',#8945);
#571=PLANE('',#8946);
#572=PLANE('',#8949);
#573=PLANE('',#8952);
#574=PLANE('',#8957);
#575=PLANE('',#8958);
#576=PLANE('',#8962);
#577=PLANE('',#8966);
#578=PLANE('',#8985);
#579=PLANE('',#8989);
#580=PLANE('',#8990);
#581=PLANE('',#8991);
#582=FACE_OUTER_BOUND('',#1048,.T.);
#583=FACE_OUTER_BOUND('',#1049,.T.);
#584=FACE_OUTER_BOUND('',#1050,.T.);
#585=FACE_OUTER_BOUND('',#1051,.T.);
#586=FACE_OUTER_BOUND('',#1052,.T.);
#587=FACE_OUTER_BOUND('',#1053,.T.);
#588=FACE_OUTER_BOUND('',#1054,.T.);
#589=FACE_OUTER_BOUND('',#1055,.T.);
#590=FACE_OUTER_BOUND('',#1056,.T.);
#591=FACE_OUTER_BOUND('',#1057,.T.);
#592=FACE_OUTER_BOUND('',#1058,.T.);
#593=FACE_OUTER_BOUND('',#1059,.T.);
#594=FACE_OUTER_BOUND('',#1060,.T.);
#595=FACE_OUTER_BOUND('',#1061,.T.);
#596=FACE_OUTER_BOUND('',#1071,.T.);
#597=FACE_OUTER_BOUND('',#1081,.T.);
#598=FACE_OUTER_BOUND('',#1082,.T.);
#599=FACE_OUTER_BOUND('',#1083,.T.);
#600=FACE_OUTER_BOUND('',#1084,.T.);
#601=FACE_OUTER_BOUND('',#1085,.T.);
#602=FACE_OUTER_BOUND('',#1087,.T.);
#603=FACE_OUTER_BOUND('',#1088,.T.);
#604=FACE_OUTER_BOUND('',#1089,.T.);
#605=FACE_OUTER_BOUND('',#1090,.T.);
#606=FACE_OUTER_BOUND('',#1091,.T.);
#607=FACE_OUTER_BOUND('',#1092,.T.);
#608=FACE_OUTER_BOUND('',#1093,.T.);
#609=FACE_OUTER_BOUND('',#1094,.T.);
#610=FACE_OUTER_BOUND('',#1095,.T.);
#611=FACE_OUTER_BOUND('',#1096,.T.);
#612=FACE_OUTER_BOUND('',#1097,.T.);
#613=FACE_OUTER_BOUND('',#1098,.T.);
#614=FACE_OUTER_BOUND('',#1099,.T.);
#615=FACE_OUTER_BOUND('',#1100,.T.);
#616=FACE_OUTER_BOUND('',#1101,.T.);
#617=FACE_OUTER_BOUND('',#1102,.T.);
#618=FACE_OUTER_BOUND('',#1103,.T.);
#619=FACE_OUTER_BOUND('',#1104,.T.);
#620=FACE_OUTER_BOUND('',#1105,.T.);
#621=FACE_OUTER_BOUND('',#1106,.T.);
#622=FACE_OUTER_BOUND('',#1107,.T.);
#623=FACE_OUTER_BOUND('',#1108,.T.);
#624=FACE_OUTER_BOUND('',#1109,.T.);
#625=FACE_OUTER_BOUND('',#1110,.T.);
#626=FACE_OUTER_BOUND('',#1111,.T.);
#627=FACE_OUTER_BOUND('',#1112,.T.);
#628=FACE_OUTER_BOUND('',#1113,.T.);
#629=FACE_OUTER_BOUND('',#1114,.T.);
#630=FACE_OUTER_BOUND('',#1115,.T.);
#631=FACE_OUTER_BOUND('',#1116,.T.);
#632=FACE_OUTER_BOUND('',#1117,.T.);
#633=FACE_OUTER_BOUND('',#1118,.T.);
#634=FACE_OUTER_BOUND('',#1119,.T.);
#635=FACE_OUTER_BOUND('',#1120,.T.);
#636=FACE_OUTER_BOUND('',#1121,.T.);
#637=FACE_OUTER_BOUND('',#1122,.T.);
#638=FACE_OUTER_BOUND('',#1123,.T.);
#639=FACE_OUTER_BOUND('',#1124,.T.);
#640=FACE_OUTER_BOUND('',#1125,.T.);
#641=FACE_OUTER_BOUND('',#1126,.T.);
#642=FACE_OUTER_BOUND('',#1127,.T.);
#643=FACE_OUTER_BOUND('',#1128,.T.);
#644=FACE_OUTER_BOUND('',#1129,.T.);
#645=FACE_OUTER_BOUND('',#1130,.T.);
#646=FACE_OUTER_BOUND('',#1132,.T.);
#647=FACE_OUTER_BOUND('',#1134,.T.);
#648=FACE_OUTER_BOUND('',#1135,.T.);
#649=FACE_OUTER_BOUND('',#1136,.T.);
#650=FACE_OUTER_BOUND('',#1137,.T.);
#651=FACE_OUTER_BOUND('',#1138,.T.);
#652=FACE_OUTER_BOUND('',#1139,.T.);
#653=FACE_OUTER_BOUND('',#1141,.T.);
#654=FACE_OUTER_BOUND('',#1143,.T.);
#655=FACE_OUTER_BOUND('',#1144,.T.);
#656=FACE_OUTER_BOUND('',#1145,.T.);
#657=FACE_OUTER_BOUND('',#1146,.T.);
#658=FACE_OUTER_BOUND('',#1147,.T.);
#659=FACE_OUTER_BOUND('',#1148,.T.);
#660=FACE_OUTER_BOUND('',#1150,.T.);
#661=FACE_OUTER_BOUND('',#1152,.T.);
#662=FACE_OUTER_BOUND('',#1153,.T.);
#663=FACE_OUTER_BOUND('',#1154,.T.);
#664=FACE_OUTER_BOUND('',#1155,.T.);
#665=FACE_OUTER_BOUND('',#1156,.T.);
#666=FACE_OUTER_BOUND('',#1157,.T.);
#667=FACE_OUTER_BOUND('',#1159,.T.);
#668=FACE_OUTER_BOUND('',#1161,.T.);
#669=FACE_OUTER_BOUND('',#1162,.T.);
#670=FACE_OUTER_BOUND('',#1163,.T.);
#671=FACE_OUTER_BOUND('',#1164,.T.);
#672=FACE_OUTER_BOUND('',#1165,.T.);
#673=FACE_OUTER_BOUND('',#1166,.T.);
#674=FACE_OUTER_BOUND('',#1168,.T.);
#675=FACE_OUTER_BOUND('',#1170,.T.);
#676=FACE_OUTER_BOUND('',#1172,.T.);
#677=FACE_OUTER_BOUND('',#1173,.T.);
#678=FACE_OUTER_BOUND('',#1174,.T.);
#679=FACE_OUTER_BOUND('',#1175,.T.);
#680=FACE_OUTER_BOUND('',#1176,.T.);
#681=FACE_OUTER_BOUND('',#1177,.T.);
#682=FACE_OUTER_BOUND('',#1179,.T.);
#683=FACE_OUTER_BOUND('',#1181,.T.);
#684=FACE_OUTER_BOUND('',#1182,.T.);
#685=FACE_OUTER_BOUND('',#1183,.T.);
#686=FACE_OUTER_BOUND('',#1184,.T.);
#687=FACE_OUTER_BOUND('',#1185,.T.);
#688=FACE_OUTER_BOUND('',#1186,.T.);
#689=FACE_OUTER_BOUND('',#1188,.T.);
#690=FACE_OUTER_BOUND('',#1190,.T.);
#691=FACE_OUTER_BOUND('',#1191,.T.);
#692=FACE_OUTER_BOUND('',#1192,.T.);
#693=FACE_OUTER_BOUND('',#1193,.T.);
#694=FACE_OUTER_BOUND('',#1194,.T.);
#695=FACE_OUTER_BOUND('',#1195,.T.);
#696=FACE_OUTER_BOUND('',#1197,.T.);
#697=FACE_OUTER_BOUND('',#1199,.T.);
#698=FACE_OUTER_BOUND('',#1200,.T.);
#699=FACE_OUTER_BOUND('',#1201,.T.);
#700=FACE_OUTER_BOUND('',#1202,.T.);
#701=FACE_OUTER_BOUND('',#1203,.T.);
#702=FACE_OUTER_BOUND('',#1204,.T.);
#703=FACE_OUTER_BOUND('',#1206,.T.);
#704=FACE_OUTER_BOUND('',#1208,.T.);
#705=FACE_OUTER_BOUND('',#1209,.T.);
#706=FACE_OUTER_BOUND('',#1210,.T.);
#707=FACE_OUTER_BOUND('',#1211,.T.);
#708=FACE_OUTER_BOUND('',#1212,.T.);
#709=FACE_OUTER_BOUND('',#1213,.T.);
#710=FACE_OUTER_BOUND('',#1215,.T.);
#711=FACE_OUTER_BOUND('',#1216,.T.);
#712=FACE_OUTER_BOUND('',#1217,.T.);
#713=FACE_OUTER_BOUND('',#1218,.T.);
#714=FACE_OUTER_BOUND('',#1219,.T.);
#715=FACE_OUTER_BOUND('',#1220,.T.);
#716=FACE_OUTER_BOUND('',#1221,.T.);
#717=FACE_OUTER_BOUND('',#1222,.T.);
#718=FACE_OUTER_BOUND('',#1223,.T.);
#719=FACE_OUTER_BOUND('',#1224,.T.);
#720=FACE_OUTER_BOUND('',#1225,.T.);
#721=FACE_OUTER_BOUND('',#1226,.T.);
#722=FACE_OUTER_BOUND('',#1227,.T.);
#723=FACE_OUTER_BOUND('',#1228,.T.);
#724=FACE_OUTER_BOUND('',#1229,.T.);
#725=FACE_OUTER_BOUND('',#1230,.T.);
#726=FACE_OUTER_BOUND('',#1231,.T.);
#727=FACE_OUTER_BOUND('',#1232,.T.);
#728=FACE_OUTER_BOUND('',#1233,.T.);
#729=FACE_OUTER_BOUND('',#1234,.T.);
#730=FACE_OUTER_BOUND('',#1235,.T.);
#731=FACE_OUTER_BOUND('',#1236,.T.);
#732=FACE_OUTER_BOUND('',#1237,.T.);
#733=FACE_OUTER_BOUND('',#1238,.T.);
#734=FACE_OUTER_BOUND('',#1239,.T.);
#735=FACE_OUTER_BOUND('',#1240,.T.);
#736=FACE_OUTER_BOUND('',#1241,.T.);
#737=FACE_OUTER_BOUND('',#1242,.T.);
#738=FACE_OUTER_BOUND('',#1243,.T.);
#739=FACE_OUTER_BOUND('',#1244,.T.);
#740=FACE_OUTER_BOUND('',#1245,.T.);
#741=FACE_OUTER_BOUND('',#1246,.T.);
#742=FACE_OUTER_BOUND('',#1247,.T.);
#743=FACE_OUTER_BOUND('',#1248,.T.);
#744=FACE_OUTER_BOUND('',#1249,.T.);
#745=FACE_OUTER_BOUND('',#1250,.T.);
#746=FACE_OUTER_BOUND('',#1251,.T.);
#747=FACE_OUTER_BOUND('',#1252,.T.);
#748=FACE_OUTER_BOUND('',#1253,.T.);
#749=FACE_OUTER_BOUND('',#1254,.T.);
#750=FACE_OUTER_BOUND('',#1255,.T.);
#751=FACE_OUTER_BOUND('',#1256,.T.);
#752=FACE_OUTER_BOUND('',#1257,.T.);
#753=FACE_OUTER_BOUND('',#1258,.T.);
#754=FACE_OUTER_BOUND('',#1259,.T.);
#755=FACE_OUTER_BOUND('',#1260,.T.);
#756=FACE_OUTER_BOUND('',#1261,.T.);
#757=FACE_OUTER_BOUND('',#1262,.T.);
#758=FACE_OUTER_BOUND('',#1263,.T.);
#759=FACE_OUTER_BOUND('',#1264,.T.);
#760=FACE_OUTER_BOUND('',#1265,.T.);
#761=FACE_OUTER_BOUND('',#1266,.T.);
#762=FACE_OUTER_BOUND('',#1267,.T.);
#763=FACE_OUTER_BOUND('',#1268,.T.);
#764=FACE_OUTER_BOUND('',#1269,.T.);
#765=FACE_OUTER_BOUND('',#1270,.T.);
#766=FACE_OUTER_BOUND('',#1271,.T.);
#767=FACE_OUTER_BOUND('',#1272,.T.);
#768=FACE_OUTER_BOUND('',#1273,.T.);
#769=FACE_OUTER_BOUND('',#1274,.T.);
#770=FACE_OUTER_BOUND('',#1275,.T.);
#771=FACE_OUTER_BOUND('',#1276,.T.);
#772=FACE_OUTER_BOUND('',#1277,.T.);
#773=FACE_OUTER_BOUND('',#1278,.T.);
#774=FACE_OUTER_BOUND('',#1279,.T.);
#775=FACE_OUTER_BOUND('',#1280,.T.);
#776=FACE_OUTER_BOUND('',#1281,.T.);
#777=FACE_OUTER_BOUND('',#1282,.T.);
#778=FACE_OUTER_BOUND('',#1283,.T.);
#779=FACE_OUTER_BOUND('',#1284,.T.);
#780=FACE_OUTER_BOUND('',#1290,.T.);
#781=FACE_OUTER_BOUND('',#1296,.T.);
#782=FACE_OUTER_BOUND('',#1297,.T.);
#783=FACE_OUTER_BOUND('',#1298,.T.);
#784=FACE_OUTER_BOUND('',#1299,.T.);
#785=FACE_OUTER_BOUND('',#1300,.T.);
#786=FACE_OUTER_BOUND('',#1301,.T.);
#787=FACE_OUTER_BOUND('',#1302,.T.);
#788=FACE_OUTER_BOUND('',#1303,.T.);
#789=FACE_OUTER_BOUND('',#1304,.T.);
#790=FACE_OUTER_BOUND('',#1305,.T.);
#791=FACE_OUTER_BOUND('',#1306,.T.);
#792=FACE_OUTER_BOUND('',#1307,.T.);
#793=FACE_OUTER_BOUND('',#1308,.T.);
#794=FACE_OUTER_BOUND('',#1309,.T.);
#795=FACE_OUTER_BOUND('',#1310,.T.);
#796=FACE_OUTER_BOUND('',#1311,.T.);
#797=FACE_OUTER_BOUND('',#1312,.T.);
#798=FACE_OUTER_BOUND('',#1313,.T.);
#799=FACE_OUTER_BOUND('',#1314,.T.);
#800=FACE_OUTER_BOUND('',#1315,.T.);
#801=FACE_OUTER_BOUND('',#1316,.T.);
#802=FACE_OUTER_BOUND('',#1317,.T.);
#803=FACE_OUTER_BOUND('',#1318,.T.);
#804=FACE_OUTER_BOUND('',#1319,.T.);
#805=FACE_OUTER_BOUND('',#1320,.T.);
#806=FACE_OUTER_BOUND('',#1322,.T.);
#807=FACE_OUTER_BOUND('',#1323,.T.);
#808=FACE_OUTER_BOUND('',#1324,.T.);
#809=FACE_OUTER_BOUND('',#1325,.T.);
#810=FACE_OUTER_BOUND('',#1326,.T.);
#811=FACE_OUTER_BOUND('',#1327,.T.);
#812=FACE_OUTER_BOUND('',#1328,.T.);
#813=FACE_OUTER_BOUND('',#1329,.T.);
#814=FACE_OUTER_BOUND('',#1330,.T.);
#815=FACE_OUTER_BOUND('',#1331,.T.);
#816=FACE_OUTER_BOUND('',#1332,.T.);
#817=FACE_OUTER_BOUND('',#1333,.T.);
#818=FACE_OUTER_BOUND('',#1334,.T.);
#819=FACE_OUTER_BOUND('',#1335,.T.);
#820=FACE_OUTER_BOUND('',#1336,.T.);
#821=FACE_OUTER_BOUND('',#1341,.T.);
#822=FACE_OUTER_BOUND('',#1342,.T.);
#823=FACE_OUTER_BOUND('',#1343,.T.);
#824=FACE_OUTER_BOUND('',#1344,.T.);
#825=FACE_OUTER_BOUND('',#1345,.T.);
#826=FACE_OUTER_BOUND('',#1346,.T.);
#827=FACE_OUTER_BOUND('',#1347,.T.);
#828=FACE_OUTER_BOUND('',#1348,.T.);
#829=FACE_OUTER_BOUND('',#1349,.T.);
#830=FACE_OUTER_BOUND('',#1350,.T.);
#831=FACE_OUTER_BOUND('',#1351,.T.);
#832=FACE_OUTER_BOUND('',#1352,.T.);
#833=FACE_OUTER_BOUND('',#1353,.T.);
#834=FACE_OUTER_BOUND('',#1354,.T.);
#835=FACE_OUTER_BOUND('',#1355,.T.);
#836=FACE_OUTER_BOUND('',#1356,.T.);
#837=FACE_OUTER_BOUND('',#1357,.T.);
#838=FACE_OUTER_BOUND('',#1358,.T.);
#839=FACE_OUTER_BOUND('',#1359,.T.);
#840=FACE_OUTER_BOUND('',#1360,.T.);
#841=FACE_OUTER_BOUND('',#1361,.T.);
#842=FACE_OUTER_BOUND('',#1362,.T.);
#843=FACE_OUTER_BOUND('',#1363,.T.);
#844=FACE_OUTER_BOUND('',#1364,.T.);
#845=FACE_OUTER_BOUND('',#1365,.T.);
#846=FACE_OUTER_BOUND('',#1366,.T.);
#847=FACE_OUTER_BOUND('',#1367,.T.);
#848=FACE_OUTER_BOUND('',#1368,.T.);
#849=FACE_OUTER_BOUND('',#1378,.T.);
#850=FACE_OUTER_BOUND('',#1388,.T.);
#851=FACE_OUTER_BOUND('',#1389,.T.);
#852=FACE_OUTER_BOUND('',#1390,.T.);
#853=FACE_OUTER_BOUND('',#1391,.T.);
#854=FACE_OUTER_BOUND('',#1392,.T.);
#855=FACE_OUTER_BOUND('',#1393,.T.);
#856=FACE_OUTER_BOUND('',#1394,.T.);
#857=FACE_OUTER_BOUND('',#1395,.T.);
#858=FACE_OUTER_BOUND('',#1396,.T.);
#859=FACE_OUTER_BOUND('',#1397,.T.);
#860=FACE_OUTER_BOUND('',#1398,.T.);
#861=FACE_OUTER_BOUND('',#1399,.T.);
#862=FACE_OUTER_BOUND('',#1400,.T.);
#863=FACE_OUTER_BOUND('',#1401,.T.);
#864=FACE_OUTER_BOUND('',#1402,.T.);
#865=FACE_OUTER_BOUND('',#1403,.T.);
#866=FACE_OUTER_BOUND('',#1404,.T.);
#867=FACE_OUTER_BOUND('',#1405,.T.);
#868=FACE_OUTER_BOUND('',#1406,.T.);
#869=FACE_OUTER_BOUND('',#1407,.T.);
#870=FACE_OUTER_BOUND('',#1408,.T.);
#871=FACE_OUTER_BOUND('',#1409,.T.);
#872=FACE_OUTER_BOUND('',#1410,.T.);
#873=FACE_OUTER_BOUND('',#1412,.T.);
#874=FACE_OUTER_BOUND('',#1413,.T.);
#875=FACE_OUTER_BOUND('',#1414,.T.);
#876=FACE_OUTER_BOUND('',#1415,.T.);
#877=FACE_OUTER_BOUND('',#1416,.T.);
#878=FACE_OUTER_BOUND('',#1417,.T.);
#879=FACE_OUTER_BOUND('',#1418,.T.);
#880=FACE_OUTER_BOUND('',#1419,.T.);
#881=FACE_OUTER_BOUND('',#1420,.T.);
#882=FACE_OUTER_BOUND('',#1421,.T.);
#883=FACE_OUTER_BOUND('',#1422,.T.);
#884=FACE_OUTER_BOUND('',#1423,.T.);
#885=FACE_OUTER_BOUND('',#1424,.T.);
#886=FACE_OUTER_BOUND('',#1425,.T.);
#887=FACE_OUTER_BOUND('',#1426,.T.);
#888=FACE_OUTER_BOUND('',#1427,.T.);
#889=FACE_OUTER_BOUND('',#1428,.T.);
#890=FACE_OUTER_BOUND('',#1429,.T.);
#891=FACE_OUTER_BOUND('',#1430,.T.);
#892=FACE_OUTER_BOUND('',#1451,.T.);
#893=FACE_OUTER_BOUND('',#1452,.T.);
#894=FACE_OUTER_BOUND('',#1453,.T.);
#895=FACE_OUTER_BOUND('',#1454,.T.);
#896=FACE_OUTER_BOUND('',#1455,.T.);
#897=FACE_OUTER_BOUND('',#1456,.T.);
#898=FACE_OUTER_BOUND('',#1457,.T.);
#899=FACE_OUTER_BOUND('',#1458,.T.);
#900=FACE_OUTER_BOUND('',#1459,.T.);
#901=FACE_OUTER_BOUND('',#1460,.T.);
#902=FACE_OUTER_BOUND('',#1461,.T.);
#903=FACE_OUTER_BOUND('',#1462,.T.);
#904=FACE_OUTER_BOUND('',#1463,.T.);
#905=FACE_OUTER_BOUND('',#1464,.T.);
#906=FACE_OUTER_BOUND('',#1465,.T.);
#907=FACE_OUTER_BOUND('',#1466,.T.);
#908=FACE_OUTER_BOUND('',#1467,.T.);
#909=FACE_OUTER_BOUND('',#1473,.T.);
#910=FACE_OUTER_BOUND('',#1479,.T.);
#911=FACE_OUTER_BOUND('',#1480,.T.);
#912=FACE_OUTER_BOUND('',#1481,.T.);
#913=FACE_OUTER_BOUND('',#1483,.T.);
#914=FACE_OUTER_BOUND('',#1485,.T.);
#915=FACE_OUTER_BOUND('',#1486,.T.);
#916=FACE_OUTER_BOUND('',#1488,.T.);
#917=FACE_OUTER_BOUND('',#1490,.T.);
#918=FACE_OUTER_BOUND('',#1491,.T.);
#919=FACE_OUTER_BOUND('',#1492,.T.);
#920=FACE_OUTER_BOUND('',#1493,.T.);
#921=FACE_OUTER_BOUND('',#1494,.T.);
#922=FACE_OUTER_BOUND('',#1495,.T.);
#923=FACE_OUTER_BOUND('',#1496,.T.);
#924=FACE_OUTER_BOUND('',#1497,.T.);
#925=FACE_OUTER_BOUND('',#1498,.T.);
#926=FACE_OUTER_BOUND('',#1499,.T.);
#927=FACE_OUTER_BOUND('',#1500,.T.);
#928=FACE_OUTER_BOUND('',#1502,.T.);
#929=FACE_OUTER_BOUND('',#1504,.T.);
#930=FACE_OUTER_BOUND('',#1505,.T.);
#931=FACE_OUTER_BOUND('',#1506,.T.);
#932=FACE_OUTER_BOUND('',#1507,.T.);
#933=FACE_OUTER_BOUND('',#1508,.T.);
#934=FACE_OUTER_BOUND('',#1509,.T.);
#935=FACE_OUTER_BOUND('',#1510,.T.);
#936=FACE_OUTER_BOUND('',#1511,.T.);
#937=FACE_OUTER_BOUND('',#1512,.T.);
#938=FACE_OUTER_BOUND('',#1513,.T.);
#939=FACE_OUTER_BOUND('',#1514,.T.);
#940=FACE_OUTER_BOUND('',#1516,.T.);
#941=FACE_OUTER_BOUND('',#1517,.T.);
#942=FACE_OUTER_BOUND('',#1518,.T.);
#943=FACE_OUTER_BOUND('',#1519,.T.);
#944=FACE_OUTER_BOUND('',#1520,.T.);
#945=FACE_OUTER_BOUND('',#1521,.T.);
#946=FACE_OUTER_BOUND('',#1522,.T.);
#947=FACE_OUTER_BOUND('',#1523,.T.);
#948=FACE_OUTER_BOUND('',#1524,.T.);
#949=FACE_OUTER_BOUND('',#1525,.T.);
#950=FACE_OUTER_BOUND('',#1526,.T.);
#951=FACE_OUTER_BOUND('',#1528,.T.);
#952=FACE_OUTER_BOUND('',#1529,.T.);
#953=FACE_OUTER_BOUND('',#1530,.T.);
#954=FACE_OUTER_BOUND('',#1531,.T.);
#955=FACE_OUTER_BOUND('',#1532,.T.);
#956=FACE_OUTER_BOUND('',#1533,.T.);
#957=FACE_OUTER_BOUND('',#1534,.T.);
#958=FACE_OUTER_BOUND('',#1535,.T.);
#959=FACE_OUTER_BOUND('',#1536,.T.);
#960=FACE_OUTER_BOUND('',#1542,.T.);
#961=FACE_OUTER_BOUND('',#1543,.T.);
#962=FACE_OUTER_BOUND('',#1545,.T.);
#963=FACE_OUTER_BOUND('',#1546,.T.);
#964=FACE_OUTER_BOUND('',#1548,.T.);
#965=FACE_OUTER_BOUND('',#1549,.T.);
#966=FACE_OUTER_BOUND('',#1551,.T.);
#967=FACE_OUTER_BOUND('',#1552,.T.);
#968=FACE_OUTER_BOUND('',#1554,.T.);
#969=FACE_OUTER_BOUND('',#1555,.T.);
#970=FACE_OUTER_BOUND('',#1556,.T.);
#971=FACE_OUTER_BOUND('',#1557,.T.);
#972=FACE_OUTER_BOUND('',#1558,.T.);
#973=FACE_OUTER_BOUND('',#1559,.T.);
#974=FACE_OUTER_BOUND('',#1560,.T.);
#975=FACE_OUTER_BOUND('',#1561,.T.);
#976=FACE_OUTER_BOUND('',#1562,.T.);
#977=FACE_OUTER_BOUND('',#1567,.T.);
#978=FACE_OUTER_BOUND('',#1568,.T.);
#979=FACE_OUTER_BOUND('',#1569,.T.);
#980=FACE_OUTER_BOUND('',#1570,.T.);
#981=FACE_OUTER_BOUND('',#1571,.T.);
#982=FACE_OUTER_BOUND('',#1572,.T.);
#983=FACE_OUTER_BOUND('',#1574,.T.);
#984=FACE_OUTER_BOUND('',#1575,.T.);
#985=FACE_OUTER_BOUND('',#1577,.T.);
#986=FACE_OUTER_BOUND('',#1578,.T.);
#987=FACE_OUTER_BOUND('',#1580,.T.);
#988=FACE_OUTER_BOUND('',#1581,.T.);
#989=FACE_OUTER_BOUND('',#1583,.T.);
#990=FACE_OUTER_BOUND('',#1584,.T.);
#991=FACE_OUTER_BOUND('',#1585,.T.);
#992=FACE_OUTER_BOUND('',#1586,.T.);
#993=FACE_OUTER_BOUND('',#1587,.T.);
#994=FACE_OUTER_BOUND('',#1588,.T.);
#995=FACE_OUTER_BOUND('',#1589,.T.);
#996=FACE_OUTER_BOUND('',#1590,.T.);
#997=FACE_OUTER_BOUND('',#1591,.T.);
#998=FACE_OUTER_BOUND('',#1596,.T.);
#999=FACE_OUTER_BOUND('',#1597,.T.);
#1000=FACE_OUTER_BOUND('',#1598,.T.);
#1001=FACE_OUTER_BOUND('',#1599,.T.);
#1002=FACE_OUTER_BOUND('',#1600,.T.);
#1003=FACE_OUTER_BOUND('',#1601,.T.);
#1004=FACE_OUTER_BOUND('',#1602,.T.);
#1005=FACE_OUTER_BOUND('',#1603,.T.);
#1006=FACE_OUTER_BOUND('',#1604,.T.);
#1007=FACE_OUTER_BOUND('',#1605,.T.);
#1008=FACE_OUTER_BOUND('',#1606,.T.);
#1009=FACE_OUTER_BOUND('',#1607,.T.);
#1010=FACE_OUTER_BOUND('',#1608,.T.);
#1011=FACE_OUTER_BOUND('',#1609,.T.);
#1012=FACE_OUTER_BOUND('',#1610,.T.);
#1013=FACE_OUTER_BOUND('',#1611,.T.);
#1014=FACE_OUTER_BOUND('',#1612,.T.);
#1015=FACE_OUTER_BOUND('',#1613,.T.);
#1016=FACE_OUTER_BOUND('',#1614,.T.);
#1017=FACE_OUTER_BOUND('',#1615,.T.);
#1018=FACE_OUTER_BOUND('',#1616,.T.);
#1019=FACE_OUTER_BOUND('',#1617,.T.);
#1020=FACE_OUTER_BOUND('',#1618,.T.);
#1021=FACE_OUTER_BOUND('',#1619,.T.);
#1022=FACE_OUTER_BOUND('',#1620,.T.);
#1023=FACE_OUTER_BOUND('',#1621,.T.);
#1024=FACE_OUTER_BOUND('',#1622,.T.);
#1025=FACE_OUTER_BOUND('',#1623,.T.);
#1026=FACE_OUTER_BOUND('',#1624,.T.);
#1027=FACE_OUTER_BOUND('',#1625,.T.);
#1028=FACE_OUTER_BOUND('',#1626,.T.);
#1029=FACE_OUTER_BOUND('',#1627,.T.);
#1030=FACE_OUTER_BOUND('',#1628,.T.);
#1031=FACE_OUTER_BOUND('',#1629,.T.);
#1032=FACE_OUTER_BOUND('',#1630,.T.);
#1033=FACE_OUTER_BOUND('',#1633,.T.);
#1034=FACE_OUTER_BOUND('',#1634,.T.);
#1035=FACE_OUTER_BOUND('',#1635,.T.);
#1036=FACE_OUTER_BOUND('',#1636,.T.);
#1037=FACE_OUTER_BOUND('',#1637,.T.);
#1038=FACE_OUTER_BOUND('',#1638,.T.);
#1039=FACE_OUTER_BOUND('',#1639,.T.);
#1040=FACE_OUTER_BOUND('',#1640,.T.);
#1041=FACE_OUTER_BOUND('',#1641,.T.);
#1042=FACE_OUTER_BOUND('',#1642,.T.);
#1043=FACE_OUTER_BOUND('',#1643,.T.);
#1044=FACE_OUTER_BOUND('',#1644,.T.);
#1045=FACE_OUTER_BOUND('',#1645,.T.);
#1046=FACE_OUTER_BOUND('',#1646,.T.);
#1047=FACE_OUTER_BOUND('',#1652,.T.);
#1048=EDGE_LOOP('',(#5404,#5405,#5406,#5407));
#1049=EDGE_LOOP('',(#5408,#5409,#5410,#5411));
#1050=EDGE_LOOP('',(#5412,#5413,#5414,#5415));
#1051=EDGE_LOOP('',(#5416,#5417,#5418,#5419));
#1052=EDGE_LOOP('',(#5420,#5421,#5422,#5423));
#1053=EDGE_LOOP('',(#5424,#5425,#5426,#5427));
#1054=EDGE_LOOP('',(#5428,#5429,#5430,#5431));
#1055=EDGE_LOOP('',(#5432,#5433,#5434,#5435));
#1056=EDGE_LOOP('',(#5436,#5437,#5438,#5439));
#1057=EDGE_LOOP('',(#5440,#5441,#5442,#5443));
#1058=EDGE_LOOP('',(#5444,#5445,#5446,#5447));
#1059=EDGE_LOOP('',(#5448,#5449,#5450,#5451));
#1060=EDGE_LOOP('',(#5452,#5453,#5454,#5455));
#1061=EDGE_LOOP('',(#5456,#5457,#5458,#5459));
#1062=EDGE_LOOP('',(#5460));
#1063=EDGE_LOOP('',(#5461));
#1064=EDGE_LOOP('',(#5462));
#1065=EDGE_LOOP('',(#5463));
#1066=EDGE_LOOP('',(#5464));
#1067=EDGE_LOOP('',(#5465));
#1068=EDGE_LOOP('',(#5466));
#1069=EDGE_LOOP('',(#5467));
#1070=EDGE_LOOP('',(#5468));
#1071=EDGE_LOOP('',(#5469,#5470,#5471,#5472));
#1072=EDGE_LOOP('',(#5473));
#1073=EDGE_LOOP('',(#5474));
#1074=EDGE_LOOP('',(#5475));
#1075=EDGE_LOOP('',(#5476));
#1076=EDGE_LOOP('',(#5477));
#1077=EDGE_LOOP('',(#5478));
#1078=EDGE_LOOP('',(#5479));
#1079=EDGE_LOOP('',(#5480));
#1080=EDGE_LOOP('',(#5481));
#1081=EDGE_LOOP('',(#5482,#5483,#5484,#5485,#5486));
#1082=EDGE_LOOP('',(#5487,#5488,#5489,#5490,#5491));
#1083=EDGE_LOOP('',(#5492));
#1084=EDGE_LOOP('',(#5493,#5494,#5495,#5496));
#1085=EDGE_LOOP('',(#5497));
#1086=EDGE_LOOP('',(#5498));
#1087=EDGE_LOOP('',(#5499,#5500,#5501,#5502));
#1088=EDGE_LOOP('',(#5503));
#1089=EDGE_LOOP('',(#5504,#5505,#5506,#5507));
#1090=EDGE_LOOP('',(#5508,#5509,#5510,#5511));
#1091=EDGE_LOOP('',(#5512,#5513,#5514,#5515));
#1092=EDGE_LOOP('',(#5516,#5517,#5518,#5519));
#1093=EDGE_LOOP('',(#5520,#5521,#5522,#5523));
#1094=EDGE_LOOP('',(#5524,#5525,#5526,#5527));
#1095=EDGE_LOOP('',(#5528,#5529,#5530,#5531));
#1096=EDGE_LOOP('',(#5532,#5533,#5534,#5535));
#1097=EDGE_LOOP('',(#5536,#5537,#5538,#5539));
#1098=EDGE_LOOP('',(#5540,#5541,#5542,#5543));
#1099=EDGE_LOOP('',(#5544,#5545,#5546,#5547));
#1100=EDGE_LOOP('',(#5548,#5549,#5550,#5551));
#1101=EDGE_LOOP('',(#5552,#5553,#5554,#5555));
#1102=EDGE_LOOP('',(#5556,#5557,#5558,#5559));
#1103=EDGE_LOOP('',(#5560,#5561,#5562,#5563));
#1104=EDGE_LOOP('',(#5564,#5565,#5566,#5567));
#1105=EDGE_LOOP('',(#5568,#5569,#5570,#5571));
#1106=EDGE_LOOP('',(#5572,#5573,#5574,#5575));
#1107=EDGE_LOOP('',(#5576,#5577,#5578,#5579));
#1108=EDGE_LOOP('',(#5580));
#1109=EDGE_LOOP('',(#5581));
#1110=EDGE_LOOP('',(#5582,#5583,#5584,#5585));
#1111=EDGE_LOOP('',(#5586));
#1112=EDGE_LOOP('',(#5587));
#1113=EDGE_LOOP('',(#5588,#5589,#5590,#5591));
#1114=EDGE_LOOP('',(#5592,#5593,#5594,#5595));
#1115=EDGE_LOOP('',(#5596,#5597,#5598,#5599));
#1116=EDGE_LOOP('',(#5600,#5601,#5602,#5603));
#1117=EDGE_LOOP('',(#5604,#5605,#5606,#5607));
#1118=EDGE_LOOP('',(#5608,#5609,#5610,#5611));
#1119=EDGE_LOOP('',(#5612,#5613,#5614,#5615));
#1120=EDGE_LOOP('',(#5616,#5617,#5618,#5619));
#1121=EDGE_LOOP('',(#5620,#5621,#5622,#5623));
#1122=EDGE_LOOP('',(#5624,#5625,#5626,#5627));
#1123=EDGE_LOOP('',(#5628,#5629,#5630,#5631));
#1124=EDGE_LOOP('',(#5632,#5633,#5634,#5635));
#1125=EDGE_LOOP('',(#5636,#5637,#5638,#5639));
#1126=EDGE_LOOP('',(#5640,#5641,#5642,#5643));
#1127=EDGE_LOOP('',(#5644,#5645,#5646,#5647));
#1128=EDGE_LOOP('',(#5648,#5649,#5650,#5651));
#1129=EDGE_LOOP('',(#5652,#5653,#5654,#5655));
#1130=EDGE_LOOP('',(#5656,#5657,#5658,#5659));
#1131=EDGE_LOOP('',(#5660));
#1132=EDGE_LOOP('',(#5661,#5662,#5663,#5664));
#1133=EDGE_LOOP('',(#5665));
#1134=EDGE_LOOP('',(#5666,#5667,#5668,#5669));
#1135=EDGE_LOOP('',(#5670,#5671,#5672,#5673));
#1136=EDGE_LOOP('',(#5674,#5675,#5676,#5677));
#1137=EDGE_LOOP('',(#5678,#5679,#5680,#5681));
#1138=EDGE_LOOP('',(#5682,#5683,#5684,#5685));
#1139=EDGE_LOOP('',(#5686,#5687,#5688,#5689));
#1140=EDGE_LOOP('',(#5690));
#1141=EDGE_LOOP('',(#5691,#5692,#5693,#5694));
#1142=EDGE_LOOP('',(#5695));
#1143=EDGE_LOOP('',(#5696,#5697,#5698,#5699));
#1144=EDGE_LOOP('',(#5700,#5701,#5702,#5703));
#1145=EDGE_LOOP('',(#5704,#5705,#5706,#5707));
#1146=EDGE_LOOP('',(#5708,#5709,#5710,#5711));
#1147=EDGE_LOOP('',(#5712,#5713,#5714,#5715));
#1148=EDGE_LOOP('',(#5716,#5717,#5718,#5719));
#1149=EDGE_LOOP('',(#5720));
#1150=EDGE_LOOP('',(#5721,#5722,#5723,#5724));
#1151=EDGE_LOOP('',(#5725));
#1152=EDGE_LOOP('',(#5726,#5727,#5728,#5729));
#1153=EDGE_LOOP('',(#5730,#5731,#5732,#5733));
#1154=EDGE_LOOP('',(#5734,#5735,#5736,#5737));
#1155=EDGE_LOOP('',(#5738,#5739,#5740,#5741));
#1156=EDGE_LOOP('',(#5742,#5743,#5744,#5745));
#1157=EDGE_LOOP('',(#5746,#5747,#5748,#5749));
#1158=EDGE_LOOP('',(#5750));
#1159=EDGE_LOOP('',(#5751,#5752,#5753,#5754));
#1160=EDGE_LOOP('',(#5755));
#1161=EDGE_LOOP('',(#5756,#5757,#5758,#5759));
#1162=EDGE_LOOP('',(#5760,#5761,#5762,#5763));
#1163=EDGE_LOOP('',(#5764,#5765,#5766,#5767));
#1164=EDGE_LOOP('',(#5768,#5769,#5770,#5771));
#1165=EDGE_LOOP('',(#5772,#5773,#5774,#5775));
#1166=EDGE_LOOP('',(#5776,#5777,#5778,#5779));
#1167=EDGE_LOOP('',(#5780));
#1168=EDGE_LOOP('',(#5781,#5782,#5783,#5784));
#1169=EDGE_LOOP('',(#5785));
#1170=EDGE_LOOP('',(#5786,#5787,#5788,#5789));
#1171=EDGE_LOOP('',(#5790));
#1172=EDGE_LOOP('',(#5791,#5792,#5793,#5794));
#1173=EDGE_LOOP('',(#5795,#5796,#5797,#5798));
#1174=EDGE_LOOP('',(#5799,#5800,#5801,#5802));
#1175=EDGE_LOOP('',(#5803,#5804,#5805,#5806));
#1176=EDGE_LOOP('',(#5807,#5808,#5809,#5810));
#1177=EDGE_LOOP('',(#5811,#5812,#5813,#5814));
#1178=EDGE_LOOP('',(#5815));
#1179=EDGE_LOOP('',(#5816,#5817,#5818,#5819));
#1180=EDGE_LOOP('',(#5820));
#1181=EDGE_LOOP('',(#5821,#5822,#5823,#5824));
#1182=EDGE_LOOP('',(#5825,#5826,#5827,#5828));
#1183=EDGE_LOOP('',(#5829,#5830,#5831,#5832));
#1184=EDGE_LOOP('',(#5833,#5834,#5835,#5836));
#1185=EDGE_LOOP('',(#5837,#5838,#5839,#5840));
#1186=EDGE_LOOP('',(#5841,#5842,#5843,#5844));
#1187=EDGE_LOOP('',(#5845));
#1188=EDGE_LOOP('',(#5846,#5847,#5848,#5849));
#1189=EDGE_LOOP('',(#5850));
#1190=EDGE_LOOP('',(#5851,#5852,#5853,#5854));
#1191=EDGE_LOOP('',(#5855,#5856,#5857,#5858));
#1192=EDGE_LOOP('',(#5859,#5860,#5861,#5862));
#1193=EDGE_LOOP('',(#5863,#5864,#5865,#5866));
#1194=EDGE_LOOP('',(#5867,#5868,#5869,#5870));
#1195=EDGE_LOOP('',(#5871,#5872,#5873,#5874));
#1196=EDGE_LOOP('',(#5875));
#1197=EDGE_LOOP('',(#5876,#5877,#5878,#5879));
#1198=EDGE_LOOP('',(#5880));
#1199=EDGE_LOOP('',(#5881,#5882,#5883,#5884));
#1200=EDGE_LOOP('',(#5885,#5886,#5887,#5888));
#1201=EDGE_LOOP('',(#5889,#5890,#5891,#5892));
#1202=EDGE_LOOP('',(#5893,#5894,#5895,#5896));
#1203=EDGE_LOOP('',(#5897,#5898,#5899,#5900));
#1204=EDGE_LOOP('',(#5901,#5902,#5903,#5904));
#1205=EDGE_LOOP('',(#5905));
#1206=EDGE_LOOP('',(#5906,#5907,#5908,#5909));
#1207=EDGE_LOOP('',(#5910));
#1208=EDGE_LOOP('',(#5911,#5912,#5913,#5914));
#1209=EDGE_LOOP('',(#5915,#5916,#5917,#5918));
#1210=EDGE_LOOP('',(#5919,#5920,#5921,#5922));
#1211=EDGE_LOOP('',(#5923,#5924,#5925,#5926));
#1212=EDGE_LOOP('',(#5927,#5928,#5929,#5930));
#1213=EDGE_LOOP('',(#5931,#5932,#5933,#5934));
#1214=EDGE_LOOP('',(#5935));
#1215=EDGE_LOOP('',(#5936,#5937,#5938,#5939));
#1216=EDGE_LOOP('',(#5940,#5941,#5942,#5943));
#1217=EDGE_LOOP('',(#5944,#5945,#5946,#5947));
#1218=EDGE_LOOP('',(#5948,#5949,#5950,#5951,#5952,#5953));
#1219=EDGE_LOOP('',(#5954,#5955,#5956,#5957));
#1220=EDGE_LOOP('',(#5958,#5959,#5960,#5961,#5962,#5963));
#1221=EDGE_LOOP('',(#5964,#5965,#5966,#5967));
#1222=EDGE_LOOP('',(#5968,#5969,#5970,#5971));
#1223=EDGE_LOOP('',(#5972,#5973,#5974,#5975));
#1224=EDGE_LOOP('',(#5976,#5977,#5978,#5979));
#1225=EDGE_LOOP('',(#5980,#5981,#5982,#5983));
#1226=EDGE_LOOP('',(#5984,#5985,#5986,#5987));
#1227=EDGE_LOOP('',(#5988,#5989,#5990,#5991));
#1228=EDGE_LOOP('',(#5992,#5993,#5994,#5995));
#1229=EDGE_LOOP('',(#5996,#5997,#5998,#5999));
#1230=EDGE_LOOP('',(#6000,#6001,#6002,#6003,#6004,#6005));
#1231=EDGE_LOOP('',(#6006,#6007,#6008,#6009));
#1232=EDGE_LOOP('',(#6010,#6011,#6012,#6013,#6014,#6015));
#1233=EDGE_LOOP('',(#6016,#6017,#6018,#6019));
#1234=EDGE_LOOP('',(#6020,#6021,#6022,#6023));
#1235=EDGE_LOOP('',(#6024,#6025,#6026,#6027));
#1236=EDGE_LOOP('',(#6028,#6029,#6030,#6031));
#1237=EDGE_LOOP('',(#6032,#6033,#6034,#6035));
#1238=EDGE_LOOP('',(#6036,#6037,#6038,#6039));
#1239=EDGE_LOOP('',(#6040,#6041,#6042,#6043));
#1240=EDGE_LOOP('',(#6044,#6045,#6046,#6047));
#1241=EDGE_LOOP('',(#6048,#6049,#6050,#6051));
#1242=EDGE_LOOP('',(#6052,#6053,#6054,#6055,#6056,#6057));
#1243=EDGE_LOOP('',(#6058,#6059,#6060,#6061));
#1244=EDGE_LOOP('',(#6062,#6063,#6064,#6065,#6066,#6067));
#1245=EDGE_LOOP('',(#6068,#6069,#6070,#6071));
#1246=EDGE_LOOP('',(#6072,#6073,#6074,#6075));
#1247=EDGE_LOOP('',(#6076,#6077,#6078,#6079));
#1248=EDGE_LOOP('',(#6080,#6081,#6082,#6083));
#1249=EDGE_LOOP('',(#6084,#6085,#6086,#6087));
#1250=EDGE_LOOP('',(#6088,#6089,#6090,#6091));
#1251=EDGE_LOOP('',(#6092,#6093,#6094,#6095));
#1252=EDGE_LOOP('',(#6096,#6097,#6098,#6099));
#1253=EDGE_LOOP('',(#6100,#6101,#6102,#6103));
#1254=EDGE_LOOP('',(#6104,#6105,#6106,#6107,#6108,#6109));
#1255=EDGE_LOOP('',(#6110,#6111,#6112,#6113));
#1256=EDGE_LOOP('',(#6114,#6115,#6116,#6117,#6118,#6119));
#1257=EDGE_LOOP('',(#6120,#6121,#6122,#6123));
#1258=EDGE_LOOP('',(#6124,#6125,#6126,#6127));
#1259=EDGE_LOOP('',(#6128,#6129,#6130,#6131));
#1260=EDGE_LOOP('',(#6132,#6133,#6134,#6135));
#1261=EDGE_LOOP('',(#6136,#6137,#6138,#6139));
#1262=EDGE_LOOP('',(#6140,#6141,#6142,#6143));
#1263=EDGE_LOOP('',(#6144,#6145,#6146,#6147));
#1264=EDGE_LOOP('',(#6148,#6149,#6150,#6151));
#1265=EDGE_LOOP('',(#6152,#6153,#6154,#6155));
#1266=EDGE_LOOP('',(#6156,#6157,#6158,#6159,#6160,#6161));
#1267=EDGE_LOOP('',(#6162,#6163,#6164,#6165));
#1268=EDGE_LOOP('',(#6166,#6167,#6168,#6169,#6170,#6171));
#1269=EDGE_LOOP('',(#6172,#6173,#6174,#6175));
#1270=EDGE_LOOP('',(#6176,#6177,#6178,#6179));
#1271=EDGE_LOOP('',(#6180,#6181,#6182,#6183));
#1272=EDGE_LOOP('',(#6184,#6185,#6186,#6187));
#1273=EDGE_LOOP('',(#6188,#6189,#6190,#6191));
#1274=EDGE_LOOP('',(#6192,#6193,#6194,#6195));
#1275=EDGE_LOOP('',(#6196,#6197,#6198,#6199));
#1276=EDGE_LOOP('',(#6200,#6201,#6202,#6203));
#1277=EDGE_LOOP('',(#6204,#6205,#6206,#6207));
#1278=EDGE_LOOP('',(#6208,#6209,#6210,#6211));
#1279=EDGE_LOOP('',(#6212,#6213,#6214,#6215));
#1280=EDGE_LOOP('',(#6216,#6217,#6218,#6219));
#1281=EDGE_LOOP('',(#6220,#6221,#6222,#6223));
#1282=EDGE_LOOP('',(#6224,#6225,#6226,#6227));
#1283=EDGE_LOOP('',(#6228,#6229,#6230,#6231));
#1284=EDGE_LOOP('',(#6232,#6233,#6234,#6235));
#1285=EDGE_LOOP('',(#6236));
#1286=EDGE_LOOP('',(#6237));
#1287=EDGE_LOOP('',(#6238));
#1288=EDGE_LOOP('',(#6239));
#1289=EDGE_LOOP('',(#6240));
#1290=EDGE_LOOP('',(#6241,#6242,#6243,#6244));
#1291=EDGE_LOOP('',(#6245));
#1292=EDGE_LOOP('',(#6246));
#1293=EDGE_LOOP('',(#6247));
#1294=EDGE_LOOP('',(#6248));
#1295=EDGE_LOOP('',(#6249));
#1296=EDGE_LOOP('',(#6250,#6251,#6252,#6253));
#1297=EDGE_LOOP('',(#6254,#6255,#6256,#6257));
#1298=EDGE_LOOP('',(#6258,#6259,#6260,#6261));
#1299=EDGE_LOOP('',(#6262,#6263,#6264,#6265));
#1300=EDGE_LOOP('',(#6266,#6267,#6268,#6269));
#1301=EDGE_LOOP('',(#6270,#6271,#6272,#6273));
#1302=EDGE_LOOP('',(#6274,#6275,#6276,#6277));
#1303=EDGE_LOOP('',(#6278,#6279,#6280,#6281));
#1304=EDGE_LOOP('',(#6282,#6283,#6284,#6285));
#1305=EDGE_LOOP('',(#6286,#6287,#6288,#6289));
#1306=EDGE_LOOP('',(#6290,#6291,#6292,#6293));
#1307=EDGE_LOOP('',(#6294,#6295,#6296,#6297));
#1308=EDGE_LOOP('',(#6298,#6299,#6300,#6301));
#1309=EDGE_LOOP('',(#6302,#6303,#6304,#6305));
#1310=EDGE_LOOP('',(#6306,#6307,#6308,#6309));
#1311=EDGE_LOOP('',(#6310,#6311,#6312,#6313));
#1312=EDGE_LOOP('',(#6314,#6315,#6316,#6317));
#1313=EDGE_LOOP('',(#6318,#6319,#6320,#6321));
#1314=EDGE_LOOP('',(#6322,#6323,#6324,#6325));
#1315=EDGE_LOOP('',(#6326,#6327,#6328,#6329));
#1316=EDGE_LOOP('',(#6330,#6331,#6332,#6333));
#1317=EDGE_LOOP('',(#6334,#6335,#6336,#6337));
#1318=EDGE_LOOP('',(#6338,#6339,#6340,#6341));
#1319=EDGE_LOOP('',(#6342,#6343,#6344,#6345));
#1320=EDGE_LOOP('',(#6346,#6347,#6348,#6349,#6350,#6351,#6352,#6353,#6354,
#6355,#6356,#6357,#6358,#6359,#6360));
#1321=EDGE_LOOP('',(#6361,#6362,#6363,#6364,#6365,#6366,#6367));
#1322=EDGE_LOOP('',(#6368,#6369,#6370,#6371));
#1323=EDGE_LOOP('',(#6372,#6373,#6374,#6375));
#1324=EDGE_LOOP('',(#6376,#6377,#6378,#6379));
#1325=EDGE_LOOP('',(#6380,#6381,#6382,#6383));
#1326=EDGE_LOOP('',(#6384,#6385,#6386,#6387));
#1327=EDGE_LOOP('',(#6388,#6389,#6390,#6391));
#1328=EDGE_LOOP('',(#6392,#6393,#6394,#6395));
#1329=EDGE_LOOP('',(#6396,#6397,#6398,#6399));
#1330=EDGE_LOOP('',(#6400,#6401,#6402,#6403));
#1331=EDGE_LOOP('',(#6404,#6405,#6406,#6407));
#1332=EDGE_LOOP('',(#6408,#6409,#6410,#6411));
#1333=EDGE_LOOP('',(#6412,#6413,#6414,#6415));
#1334=EDGE_LOOP('',(#6416,#6417,#6418,#6419));
#1335=EDGE_LOOP('',(#6420,#6421,#6422,#6423,#6424,#6425,#6426,#6427,#6428,
#6429,#6430,#6431,#6432));
#1336=EDGE_LOOP('',(#6433,#6434,#6435,#6436));
#1337=EDGE_LOOP('',(#6437,#6438,#6439,#6440,#6441,#6442,#6443,#6444,#6445));
#1338=EDGE_LOOP('',(#6446,#6447,#6448,#6449,#6450,#6451,#6452,#6453));
#1339=EDGE_LOOP('',(#6454,#6455,#6456,#6457,#6458,#6459,#6460,#6461,#6462,
#6463,#6464,#6465,#6466));
#1340=EDGE_LOOP('',(#6467,#6468,#6469,#6470,#6471,#6472,#6473,#6474,#6475,
#6476,#6477,#6478,#6479,#6480,#6481));
#1341=EDGE_LOOP('',(#6482,#6483,#6484,#6485));
#1342=EDGE_LOOP('',(#6486,#6487,#6488,#6489));
#1343=EDGE_LOOP('',(#6490,#6491,#6492,#6493));
#1344=EDGE_LOOP('',(#6494,#6495,#6496,#6497));
#1345=EDGE_LOOP('',(#6498,#6499,#6500,#6501));
#1346=EDGE_LOOP('',(#6502));
#1347=EDGE_LOOP('',(#6503,#6504,#6505,#6506));
#1348=EDGE_LOOP('',(#6507));
#1349=EDGE_LOOP('',(#6508,#6509,#6510,#6511));
#1350=EDGE_LOOP('',(#6512,#6513,#6514,#6515));
#1351=EDGE_LOOP('',(#6516,#6517,#6518,#6519));
#1352=EDGE_LOOP('',(#6520,#6521,#6522,#6523));
#1353=EDGE_LOOP('',(#6524,#6525,#6526,#6527));
#1354=EDGE_LOOP('',(#6528,#6529,#6530,#6531));
#1355=EDGE_LOOP('',(#6532,#6533,#6534,#6535));
#1356=EDGE_LOOP('',(#6536,#6537,#6538,#6539));
#1357=EDGE_LOOP('',(#6540,#6541,#6542,#6543));
#1358=EDGE_LOOP('',(#6544,#6545,#6546,#6547));
#1359=EDGE_LOOP('',(#6548,#6549,#6550,#6551));
#1360=EDGE_LOOP('',(#6552,#6553,#6554,#6555));
#1361=EDGE_LOOP('',(#6556,#6557,#6558,#6559));
#1362=EDGE_LOOP('',(#6560,#6561,#6562,#6563,#6564));
#1363=EDGE_LOOP('',(#6565,#6566,#6567,#6568));
#1364=EDGE_LOOP('',(#6569,#6570,#6571,#6572));
#1365=EDGE_LOOP('',(#6573,#6574,#6575,#6576));
#1366=EDGE_LOOP('',(#6577,#6578,#6579,#6580));
#1367=EDGE_LOOP('',(#6581,#6582,#6583,#6584));
#1368=EDGE_LOOP('',(#6585,#6586,#6587,#6588,#6589,#6590));
#1369=EDGE_LOOP('',(#6591,#6592,#6593,#6594));
#1370=EDGE_LOOP('',(#6595,#6596,#6597,#6598));
#1371=EDGE_LOOP('',(#6599));
#1372=EDGE_LOOP('',(#6600));
#1373=EDGE_LOOP('',(#6601));
#1374=EDGE_LOOP('',(#6602));
#1375=EDGE_LOOP('',(#6603));
#1376=EDGE_LOOP('',(#6604));
#1377=EDGE_LOOP('',(#6605));
#1378=EDGE_LOOP('',(#6606,#6607,#6608,#6609,#6610,#6611,#6612));
#1379=EDGE_LOOP('',(#6613,#6614,#6615,#6616));
#1380=EDGE_LOOP('',(#6617,#6618,#6619,#6620));
#1381=EDGE_LOOP('',(#6621));
#1382=EDGE_LOOP('',(#6622));
#1383=EDGE_LOOP('',(#6623));
#1384=EDGE_LOOP('',(#6624));
#1385=EDGE_LOOP('',(#6625));
#1386=EDGE_LOOP('',(#6626));
#1387=EDGE_LOOP('',(#6627));
#1388=EDGE_LOOP('',(#6628,#6629,#6630,#6631,#6632,#6633,#6634,#6635,#6636,
#6637,#6638,#6639));
#1389=EDGE_LOOP('',(#6640,#6641,#6642,#6643));
#1390=EDGE_LOOP('',(#6644,#6645,#6646,#6647));
#1391=EDGE_LOOP('',(#6648,#6649,#6650,#6651));
#1392=EDGE_LOOP('',(#6652,#6653,#6654,#6655));
#1393=EDGE_LOOP('',(#6656,#6657,#6658,#6659));
#1394=EDGE_LOOP('',(#6660,#6661,#6662,#6663));
#1395=EDGE_LOOP('',(#6664,#6665,#6666,#6667));
#1396=EDGE_LOOP('',(#6668,#6669,#6670,#6671));
#1397=EDGE_LOOP('',(#6672,#6673,#6674,#6675));
#1398=EDGE_LOOP('',(#6676,#6677,#6678,#6679,#6680,#6681,#6682,#6683,#6684));
#1399=EDGE_LOOP('',(#6685,#6686,#6687,#6688));
#1400=EDGE_LOOP('',(#6689,#6690,#6691,#6692));
#1401=EDGE_LOOP('',(#6693,#6694,#6695,#6696));
#1402=EDGE_LOOP('',(#6697,#6698,#6699,#6700));
#1403=EDGE_LOOP('',(#6701,#6702,#6703,#6704));
#1404=EDGE_LOOP('',(#6705,#6706,#6707,#6708));
#1405=EDGE_LOOP('',(#6709,#6710,#6711,#6712));
#1406=EDGE_LOOP('',(#6713,#6714,#6715,#6716));
#1407=EDGE_LOOP('',(#6717,#6718,#6719,#6720));
#1408=EDGE_LOOP('',(#6721,#6722,#6723,#6724));
#1409=EDGE_LOOP('',(#6725,#6726,#6727,#6728));
#1410=EDGE_LOOP('',(#6729,#6730,#6731,#6732,#6733,#6734,#6735,#6736));
#1411=EDGE_LOOP('',(#6737,#6738,#6739));
#1412=EDGE_LOOP('',(#6740,#6741,#6742));
#1413=EDGE_LOOP('',(#6743,#6744,#6745,#6746,#6747,#6748,#6749));
#1414=EDGE_LOOP('',(#6750,#6751,#6752,#6753));
#1415=EDGE_LOOP('',(#6754,#6755,#6756,#6757));
#1416=EDGE_LOOP('',(#6758,#6759,#6760,#6761));
#1417=EDGE_LOOP('',(#6762,#6763,#6764,#6765));
#1418=EDGE_LOOP('',(#6766,#6767,#6768,#6769));
#1419=EDGE_LOOP('',(#6770,#6771,#6772,#6773));
#1420=EDGE_LOOP('',(#6774,#6775,#6776,#6777));
#1421=EDGE_LOOP('',(#6778,#6779,#6780,#6781));
#1422=EDGE_LOOP('',(#6782,#6783,#6784,#6785));
#1423=EDGE_LOOP('',(#6786,#6787,#6788,#6789));
#1424=EDGE_LOOP('',(#6790,#6791,#6792,#6793));
#1425=EDGE_LOOP('',(#6794,#6795,#6796,#6797));
#1426=EDGE_LOOP('',(#6798,#6799,#6800,#6801,#6802,#6803,#6804,#6805,#6806,
#6807,#6808,#6809));
#1427=EDGE_LOOP('',(#6810,#6811,#6812,#6813));
#1428=EDGE_LOOP('',(#6814,#6815,#6816,#6817));
#1429=EDGE_LOOP('',(#6818,#6819,#6820,#6821));
#1430=EDGE_LOOP('',(#6822,#6823,#6824,#6825,#6826,#6827,#6828,#6829));
#1431=EDGE_LOOP('',(#6830,#6831,#6832,#6833));
#1432=EDGE_LOOP('',(#6834,#6835,#6836,#6837));
#1433=EDGE_LOOP('',(#6838,#6839,#6840,#6841));
#1434=EDGE_LOOP('',(#6842,#6843,#6844,#6845));
#1435=EDGE_LOOP('',(#6846));
#1436=EDGE_LOOP('',(#6847));
#1437=EDGE_LOOP('',(#6848));
#1438=EDGE_LOOP('',(#6849));
#1439=EDGE_LOOP('',(#6850));
#1440=EDGE_LOOP('',(#6851));
#1441=EDGE_LOOP('',(#6852));
#1442=EDGE_LOOP('',(#6853));
#1443=EDGE_LOOP('',(#6854));
#1444=EDGE_LOOP('',(#6855));
#1445=EDGE_LOOP('',(#6856));
#1446=EDGE_LOOP('',(#6857));
#1447=EDGE_LOOP('',(#6858));
#1448=EDGE_LOOP('',(#6859));
#1449=EDGE_LOOP('',(#6860));
#1450=EDGE_LOOP('',(#6861));
#1451=EDGE_LOOP('',(#6862,#6863,#6864,#6865));
#1452=EDGE_LOOP('',(#6866,#6867,#6868,#6869));
#1453=EDGE_LOOP('',(#6870,#6871,#6872,#6873));
#1454=EDGE_LOOP('',(#6874,#6875,#6876,#6877));
#1455=EDGE_LOOP('',(#6878,#6879,#6880,#6881));
#1456=EDGE_LOOP('',(#6882,#6883,#6884,#6885));
#1457=EDGE_LOOP('',(#6886,#6887,#6888,#6889));
#1458=EDGE_LOOP('',(#6890,#6891,#6892,#6893));
#1459=EDGE_LOOP('',(#6894,#6895,#6896,#6897));
#1460=EDGE_LOOP('',(#6898,#6899,#6900,#6901));
#1461=EDGE_LOOP('',(#6902,#6903,#6904,#6905));
#1462=EDGE_LOOP('',(#6906,#6907,#6908,#6909));
#1463=EDGE_LOOP('',(#6910,#6911,#6912,#6913));
#1464=EDGE_LOOP('',(#6914,#6915,#6916,#6917));
#1465=EDGE_LOOP('',(#6918,#6919,#6920,#6921));
#1466=EDGE_LOOP('',(#6922,#6923,#6924,#6925));
#1467=EDGE_LOOP('',(#6926,#6927,#6928,#6929,#6930,#6931,#6932,#6933));
#1468=EDGE_LOOP('',(#6934));
#1469=EDGE_LOOP('',(#6935));
#1470=EDGE_LOOP('',(#6936));
#1471=EDGE_LOOP('',(#6937));
#1472=EDGE_LOOP('',(#6938));
#1473=EDGE_LOOP('',(#6939,#6940,#6941,#6942,#6943,#6944,#6945,#6946));
#1474=EDGE_LOOP('',(#6947));
#1475=EDGE_LOOP('',(#6948));
#1476=EDGE_LOOP('',(#6949));
#1477=EDGE_LOOP('',(#6950));
#1478=EDGE_LOOP('',(#6951));
#1479=EDGE_LOOP('',(#6952,#6953,#6954,#6955));
#1480=EDGE_LOOP('',(#6956,#6957,#6958,#6959));
#1481=EDGE_LOOP('',(#6960,#6961,#6962,#6963,#6964,#6965,#6966,#6967));
#1482=EDGE_LOOP('',(#6968,#6969));
#1483=EDGE_LOOP('',(#6970,#6971,#6972,#6973,#6974,#6975,#6976,#6977));
#1484=EDGE_LOOP('',(#6978,#6979));
#1485=EDGE_LOOP('',(#6980,#6981,#6982,#6983,#6984));
#1486=EDGE_LOOP('',(#6985,#6986,#6987,#6988,#6989,#6990,#6991,#6992));
#1487=EDGE_LOOP('',(#6993));
#1488=EDGE_LOOP('',(#6994,#6995,#6996,#6997,#6998,#6999,#7000,#7001));
#1489=EDGE_LOOP('',(#7002));
#1490=EDGE_LOOP('',(#7003,#7004,#7005,#7006,#7007));
#1491=EDGE_LOOP('',(#7008,#7009,#7010,#7011));
#1492=EDGE_LOOP('',(#7012,#7013,#7014,#7015));
#1493=EDGE_LOOP('',(#7016,#7017,#7018,#7019));
#1494=EDGE_LOOP('',(#7020,#7021,#7022,#7023,#7024));
#1495=EDGE_LOOP('',(#7025,#7026,#7027,#7028));
#1496=EDGE_LOOP('',(#7029,#7030,#7031,#7032));
#1497=EDGE_LOOP('',(#7033,#7034,#7035,#7036));
#1498=EDGE_LOOP('',(#7037,#7038,#7039,#7040,#7041,#7042,#7043,#7044,#7045,
#7046,#7047,#7048,#7049,#7050,#7051));
#1499=EDGE_LOOP('',(#7052,#7053,#7054,#7055,#7056));
#1500=EDGE_LOOP('',(#7057,#7058,#7059,#7060,#7061,#7062,#7063,#7064));
#1501=EDGE_LOOP('',(#7065));
#1502=EDGE_LOOP('',(#7066,#7067,#7068,#7069,#7070,#7071,#7072,#7073));
#1503=EDGE_LOOP('',(#7074));
#1504=EDGE_LOOP('',(#7075,#7076,#7077,#7078,#7079));
#1505=EDGE_LOOP('',(#7080,#7081,#7082,#7083));
#1506=EDGE_LOOP('',(#7084,#7085,#7086,#7087));
#1507=EDGE_LOOP('',(#7088,#7089,#7090,#7091));
#1508=EDGE_LOOP('',(#7092,#7093,#7094,#7095,#7096));
#1509=EDGE_LOOP('',(#7097,#7098,#7099,#7100));
#1510=EDGE_LOOP('',(#7101,#7102,#7103,#7104));
#1511=EDGE_LOOP('',(#7105,#7106,#7107,#7108));
#1512=EDGE_LOOP('',(#7109,#7110,#7111,#7112,#7113,#7114));
#1513=EDGE_LOOP('',(#7115,#7116,#7117,#7118));
#1514=EDGE_LOOP('',(#7119,#7120,#7121,#7122,#7123,#7124,#7125,#7126));
#1515=EDGE_LOOP('',(#7127,#7128));
#1516=EDGE_LOOP('',(#7129,#7130,#7131,#7132));
#1517=EDGE_LOOP('',(#7133,#7134,#7135,#7136));
#1518=EDGE_LOOP('',(#7137,#7138,#7139,#7140));
#1519=EDGE_LOOP('',(#7141,#7142,#7143,#7144,#7145,#7146));
#1520=EDGE_LOOP('',(#7147,#7148,#7149,#7150));
#1521=EDGE_LOOP('',(#7151,#7152,#7153,#7154));
#1522=EDGE_LOOP('',(#7155,#7156,#7157,#7158));
#1523=EDGE_LOOP('',(#7159,#7160,#7161,#7162,#7163,#7164,#7165,#7166,#7167,
#7168,#7169,#7170));
#1524=EDGE_LOOP('',(#7171,#7172,#7173,#7174,#7175,#7176));
#1525=EDGE_LOOP('',(#7177,#7178,#7179,#7180));
#1526=EDGE_LOOP('',(#7181,#7182,#7183,#7184,#7185,#7186,#7187,#7188));
#1527=EDGE_LOOP('',(#7189,#7190));
#1528=EDGE_LOOP('',(#7191,#7192,#7193,#7194));
#1529=EDGE_LOOP('',(#7195,#7196,#7197,#7198));
#1530=EDGE_LOOP('',(#7199,#7200,#7201,#7202));
#1531=EDGE_LOOP('',(#7203,#7204,#7205,#7206,#7207,#7208));
#1532=EDGE_LOOP('',(#7209,#7210,#7211,#7212));
#1533=EDGE_LOOP('',(#7213,#7214,#7215,#7216));
#1534=EDGE_LOOP('',(#7217,#7218,#7219,#7220));
#1535=EDGE_LOOP('',(#7221,#7222,#7223,#7224));
#1536=EDGE_LOOP('',(#7225,#7226,#7227,#7228,#7229,#7230,#7231,#7232));
#1537=EDGE_LOOP('',(#7233,#7234,#7235,#7236,#7237,#7238,#7239,#7240,#7241,
#7242,#7243,#7244,#7245,#7246,#7247,#7248,#7249,#7250,#7251,#7252,#7253,
#7254,#7255,#7256,#7257,#7258,#7259,#7260,#7261,#7262,#7263));
#1538=EDGE_LOOP('',(#7264));
#1539=EDGE_LOOP('',(#7265));
#1540=EDGE_LOOP('',(#7266));
#1541=EDGE_LOOP('',(#7267));
#1542=EDGE_LOOP('',(#7268,#7269,#7270,#7271));
#1543=EDGE_LOOP('',(#7272));
#1544=EDGE_LOOP('',(#7273));
#1545=EDGE_LOOP('',(#7274,#7275,#7276,#7277));
#1546=EDGE_LOOP('',(#7278));
#1547=EDGE_LOOP('',(#7279));
#1548=EDGE_LOOP('',(#7280,#7281,#7282,#7283));
#1549=EDGE_LOOP('',(#7284));
#1550=EDGE_LOOP('',(#7285));
#1551=EDGE_LOOP('',(#7286,#7287,#7288,#7289));
#1552=EDGE_LOOP('',(#7290));
#1553=EDGE_LOOP('',(#7291));
#1554=EDGE_LOOP('',(#7292,#7293,#7294,#7295));
#1555=EDGE_LOOP('',(#7296,#7297,#7298,#7299));
#1556=EDGE_LOOP('',(#7300,#7301,#7302,#7303));
#1557=EDGE_LOOP('',(#7304,#7305,#7306,#7307));
#1558=EDGE_LOOP('',(#7308,#7309,#7310,#7311));
#1559=EDGE_LOOP('',(#7312,#7313,#7314,#7315));
#1560=EDGE_LOOP('',(#7316,#7317,#7318,#7319));
#1561=EDGE_LOOP('',(#7320,#7321,#7322,#7323));
#1562=EDGE_LOOP('',(#7324,#7325,#7326,#7327));
#1563=EDGE_LOOP('',(#7328));
#1564=EDGE_LOOP('',(#7329));
#1565=EDGE_LOOP('',(#7330));
#1566=EDGE_LOOP('',(#7331));
#1567=EDGE_LOOP('',(#7332));
#1568=EDGE_LOOP('',(#7333));
#1569=EDGE_LOOP('',(#7334));
#1570=EDGE_LOOP('',(#7335));
#1571=EDGE_LOOP('',(#7336,#7337,#7338,#7339));
#1572=EDGE_LOOP('',(#7340));
#1573=EDGE_LOOP('',(#7341));
#1574=EDGE_LOOP('',(#7342,#7343,#7344,#7345));
#1575=EDGE_LOOP('',(#7346));
#1576=EDGE_LOOP('',(#7347));
#1577=EDGE_LOOP('',(#7348,#7349,#7350,#7351));
#1578=EDGE_LOOP('',(#7352));
#1579=EDGE_LOOP('',(#7353));
#1580=EDGE_LOOP('',(#7354,#7355,#7356,#7357));
#1581=EDGE_LOOP('',(#7358));
#1582=EDGE_LOOP('',(#7359));
#1583=EDGE_LOOP('',(#7360,#7361,#7362,#7363));
#1584=EDGE_LOOP('',(#7364,#7365,#7366,#7367));
#1585=EDGE_LOOP('',(#7368,#7369,#7370,#7371));
#1586=EDGE_LOOP('',(#7372,#7373,#7374,#7375));
#1587=EDGE_LOOP('',(#7376,#7377,#7378,#7379));
#1588=EDGE_LOOP('',(#7380,#7381,#7382,#7383));
#1589=EDGE_LOOP('',(#7384,#7385,#7386,#7387));
#1590=EDGE_LOOP('',(#7388,#7389,#7390,#7391));
#1591=EDGE_LOOP('',(#7392,#7393,#7394,#7395));
#1592=EDGE_LOOP('',(#7396));
#1593=EDGE_LOOP('',(#7397));
#1594=EDGE_LOOP('',(#7398));
#1595=EDGE_LOOP('',(#7399));
#1596=EDGE_LOOP('',(#7400));
#1597=EDGE_LOOP('',(#7401));
#1598=EDGE_LOOP('',(#7402));
#1599=EDGE_LOOP('',(#7403));
#1600=EDGE_LOOP('',(#7404,#7405,#7406,#7407));
#1601=EDGE_LOOP('',(#7408,#7409,#7410,#7411));
#1602=EDGE_LOOP('',(#7412,#7413,#7414,#7415));
#1603=EDGE_LOOP('',(#7416,#7417,#7418,#7419));
#1604=EDGE_LOOP('',(#7420));
#1605=EDGE_LOOP('',(#7421,#7422,#7423,#7424));
#1606=EDGE_LOOP('',(#7425,#7426,#7427,#7428));
#1607=EDGE_LOOP('',(#7429,#7430,#7431,#7432));
#1608=EDGE_LOOP('',(#7433,#7434,#7435,#7436));
#1609=EDGE_LOOP('',(#7437,#7438,#7439,#7440));
#1610=EDGE_LOOP('',(#7441));
#1611=EDGE_LOOP('',(#7442,#7443,#7444,#7445));
#1612=EDGE_LOOP('',(#7446,#7447,#7448,#7449));
#1613=EDGE_LOOP('',(#7450,#7451,#7452,#7453));
#1614=EDGE_LOOP('',(#7454,#7455,#7456,#7457));
#1615=EDGE_LOOP('',(#7458));
#1616=EDGE_LOOP('',(#7459,#7460,#7461,#7462));
#1617=EDGE_LOOP('',(#7463,#7464,#7465,#7466));
#1618=EDGE_LOOP('',(#7467,#7468,#7469,#7470));
#1619=EDGE_LOOP('',(#7471,#7472,#7473,#7474));
#1620=EDGE_LOOP('',(#7475));
#1621=EDGE_LOOP('',(#7476,#7477,#7478,#7479));
#1622=EDGE_LOOP('',(#7480,#7481,#7482,#7483));
#1623=EDGE_LOOP('',(#7484,#7485,#7486,#7487));
#1624=EDGE_LOOP('',(#7488,#7489,#7490,#7491));
#1625=EDGE_LOOP('',(#7492,#7493,#7494,#7495));
#1626=EDGE_LOOP('',(#7496,#7497,#7498,#7499));
#1627=EDGE_LOOP('',(#7500,#7501,#7502,#7503));
#1628=EDGE_LOOP('',(#7504,#7505,#7506,#7507));
#1629=EDGE_LOOP('',(#7508,#7509,#7510,#7511,#7512,#7513,#7514,#7515));
#1630=EDGE_LOOP('',(#7516,#7517,#7518,#7519,#7520,#7521,#7522,#7523,#7524,
#7525,#7526,#7527,#7528,#7529,#7530,#7531,#7532,#7533));
#1631=EDGE_LOOP('',(#7534,#7535,#7536,#7537));
#1632=EDGE_LOOP('',(#7538,#7539,#7540,#7541));
#1633=EDGE_LOOP('',(#7542,#7543,#7544,#7545));
#1634=EDGE_LOOP('',(#7546,#7547,#7548,#7549));
#1635=EDGE_LOOP('',(#7550,#7551,#7552,#7553));
#1636=EDGE_LOOP('',(#7554,#7555,#7556,#7557));
#1637=EDGE_LOOP('',(#7558,#7559,#7560,#7561));
#1638=EDGE_LOOP('',(#7562,#7563,#7564,#7565));
#1639=EDGE_LOOP('',(#7566,#7567,#7568,#7569));
#1640=EDGE_LOOP('',(#7570,#7571,#7572,#7573));
#1641=EDGE_LOOP('',(#7574,#7575,#7576,#7577));
#1642=EDGE_LOOP('',(#7578,#7579,#7580,#7581));
#1643=EDGE_LOOP('',(#7582,#7583,#7584,#7585));
#1644=EDGE_LOOP('',(#7586,#7587,#7588,#7589));
#1645=EDGE_LOOP('',(#7590,#7591,#7592,#7593));
#1646=EDGE_LOOP('',(#7594,#7595,#7596,#7597,#7598,#7599,#7600,#7601));
#1647=EDGE_LOOP('',(#7602));
#1648=EDGE_LOOP('',(#7603));
#1649=EDGE_LOOP('',(#7604));
#1650=EDGE_LOOP('',(#7605));
#1651=EDGE_LOOP('',(#7606));
#1652=EDGE_LOOP('',(#7607,#7608,#7609,#7610,#7611,#7612,#7613,#7614));
#1653=EDGE_LOOP('',(#7615));
#1654=EDGE_LOOP('',(#7616));
#1655=EDGE_LOOP('',(#7617));
#1656=EDGE_LOOP('',(#7618));
#1657=EDGE_LOOP('',(#7619));
#1658=LINE('',#11284,#2474);
#1659=LINE('',#11290,#2475);
#1660=LINE('',#11296,#2476);
#1661=LINE('',#11302,#2477);
#1662=LINE('',#11308,#2478);
#1663=LINE('',#11314,#2479);
#1664=LINE('',#11320,#2480);
#1665=LINE('',#11326,#2481);
#1666=LINE('',#11332,#2482);
#1667=LINE('',#11337,#2483);
#1668=LINE('',#11339,#2484);
#1669=LINE('',#11341,#2485);
#1670=LINE('',#11342,#2486);
#1671=LINE('',#11345,#2487);
#1672=LINE('',#11347,#2488);
#1673=LINE('',#11348,#2489);
#1674=LINE('',#11351,#2490);
#1675=LINE('',#11353,#2491);
#1676=LINE('',#11354,#2492);
#1677=LINE('',#11356,#2493);
#1678=LINE('',#11357,#2494);
#1679=LINE('',#11397,#2495);
#1680=LINE('',#11414,#2496);
#1681=LINE('',#11416,#2497);
#1682=LINE('',#11418,#2498);
#1683=LINE('',#11419,#2499);
#1684=LINE('',#11423,#2500);
#1685=LINE('',#11424,#2501);
#1686=LINE('',#11425,#2502);
#1687=LINE('',#11428,#2503);
#1688=LINE('',#11429,#2504);
#1689=LINE('',#11432,#2505);
#1690=LINE('',#11433,#2506);
#1691=LINE('',#11435,#2507);
#1692=LINE('',#11440,#2508);
#1693=LINE('',#11442,#2509);
#1694=LINE('',#11444,#2510);
#1695=LINE('',#11445,#2511);
#1696=LINE('',#11448,#2512);
#1697=LINE('',#11450,#2513);
#1698=LINE('',#11451,#2514);
#1699=LINE('',#11454,#2515);
#1700=LINE('',#11456,#2516);
#1701=LINE('',#11457,#2517);
#1702=LINE('',#11459,#2518);
#1703=LINE('',#11460,#2519);
#1704=LINE('',#11466,#2520);
#1705=LINE('',#11468,#2521);
#1706=LINE('',#11470,#2522);
#1707=LINE('',#11471,#2523);
#1708=LINE('',#11474,#2524);
#1709=LINE('',#11476,#2525);
#1710=LINE('',#11477,#2526);
#1711=LINE('',#11480,#2527);
#1712=LINE('',#11482,#2528);
#1713=LINE('',#11483,#2529);
#1714=LINE('',#11485,#2530);
#1715=LINE('',#11486,#2531);
#1716=LINE('',#11493,#2532);
#1717=LINE('',#11501,#2533);
#1718=LINE('',#11508,#2534);
#1719=LINE('',#11510,#2535);
#1720=LINE('',#11512,#2536);
#1721=LINE('',#11513,#2537);
#1722=LINE('',#11516,#2538);
#1723=LINE('',#11518,#2539);
#1724=LINE('',#11519,#2540);
#1725=LINE('',#11522,#2541);
#1726=LINE('',#11524,#2542);
#1727=LINE('',#11525,#2543);
#1728=LINE('',#11527,#2544);
#1729=LINE('',#11528,#2545);
#1730=LINE('',#11534,#2546);
#1731=LINE('',#11536,#2547);
#1732=LINE('',#11538,#2548);
#1733=LINE('',#11539,#2549);
#1734=LINE('',#11542,#2550);
#1735=LINE('',#11544,#2551);
#1736=LINE('',#11545,#2552);
#1737=LINE('',#11548,#2553);
#1738=LINE('',#11550,#2554);
#1739=LINE('',#11551,#2555);
#1740=LINE('',#11553,#2556);
#1741=LINE('',#11554,#2557);
#1742=LINE('',#11561,#2558);
#1743=LINE('',#11566,#2559);
#1744=LINE('',#11568,#2560);
#1745=LINE('',#11570,#2561);
#1746=LINE('',#11571,#2562);
#1747=LINE('',#11577,#2563);
#1748=LINE('',#11580,#2564);
#1749=LINE('',#11582,#2565);
#1750=LINE('',#11583,#2566);
#1751=LINE('',#11593,#2567);
#1752=LINE('',#11598,#2568);
#1753=LINE('',#11600,#2569);
#1754=LINE('',#11602,#2570);
#1755=LINE('',#11603,#2571);
#1756=LINE('',#11609,#2572);
#1757=LINE('',#11612,#2573);
#1758=LINE('',#11614,#2574);
#1759=LINE('',#11615,#2575);
#1760=LINE('',#11625,#2576);
#1761=LINE('',#11630,#2577);
#1762=LINE('',#11632,#2578);
#1763=LINE('',#11634,#2579);
#1764=LINE('',#11635,#2580);
#1765=LINE('',#11641,#2581);
#1766=LINE('',#11644,#2582);
#1767=LINE('',#11646,#2583);
#1768=LINE('',#11647,#2584);
#1769=LINE('',#11657,#2585);
#1770=LINE('',#11662,#2586);
#1771=LINE('',#11664,#2587);
#1772=LINE('',#11666,#2588);
#1773=LINE('',#11667,#2589);
#1774=LINE('',#11673,#2590);
#1775=LINE('',#11676,#2591);
#1776=LINE('',#11678,#2592);
#1777=LINE('',#11679,#2593);
#1778=LINE('',#11689,#2594);
#1779=LINE('',#11694,#2595);
#1780=LINE('',#11696,#2596);
#1781=LINE('',#11698,#2597);
#1782=LINE('',#11699,#2598);
#1783=LINE('',#11705,#2599);
#1784=LINE('',#11708,#2600);
#1785=LINE('',#11710,#2601);
#1786=LINE('',#11711,#2602);
#1787=LINE('',#11722,#2603);
#1788=LINE('',#11725,#2604);
#1789=LINE('',#11730,#2605);
#1790=LINE('',#11732,#2606);
#1791=LINE('',#11733,#2607);
#1792=LINE('',#11736,#2608);
#1793=LINE('',#11740,#2609);
#1794=LINE('',#11745,#2610);
#1795=LINE('',#11747,#2611);
#1796=LINE('',#11754,#2612);
#1797=LINE('',#11757,#2613);
#1798=LINE('',#11762,#2614);
#1799=LINE('',#11764,#2615);
#1800=LINE('',#11765,#2616);
#1801=LINE('',#11768,#2617);
#1802=LINE('',#11772,#2618);
#1803=LINE('',#11777,#2619);
#1804=LINE('',#11779,#2620);
#1805=LINE('',#11786,#2621);
#1806=LINE('',#11789,#2622);
#1807=LINE('',#11794,#2623);
#1808=LINE('',#11796,#2624);
#1809=LINE('',#11797,#2625);
#1810=LINE('',#11800,#2626);
#1811=LINE('',#11804,#2627);
#1812=LINE('',#11809,#2628);
#1813=LINE('',#11811,#2629);
#1814=LINE('',#11818,#2630);
#1815=LINE('',#11821,#2631);
#1816=LINE('',#11826,#2632);
#1817=LINE('',#11828,#2633);
#1818=LINE('',#11829,#2634);
#1819=LINE('',#11832,#2635);
#1820=LINE('',#11836,#2636);
#1821=LINE('',#11841,#2637);
#1822=LINE('',#11843,#2638);
#1823=LINE('',#11850,#2639);
#1824=LINE('',#11853,#2640);
#1825=LINE('',#11858,#2641);
#1826=LINE('',#11860,#2642);
#1827=LINE('',#11861,#2643);
#1828=LINE('',#11864,#2644);
#1829=LINE('',#11868,#2645);
#1830=LINE('',#11873,#2646);
#1831=LINE('',#11875,#2647);
#1832=LINE('',#11880,#2648);
#1833=LINE('',#11882,#2649);
#1834=LINE('',#11884,#2650);
#1835=LINE('',#11885,#2651);
#1836=LINE('',#11888,#2652);
#1837=LINE('',#11890,#2653);
#1838=LINE('',#11891,#2654);
#1839=LINE('',#11894,#2655);
#1840=LINE('',#11896,#2656);
#1841=LINE('',#11897,#2657);
#1842=LINE('',#11900,#2658);
#1843=LINE('',#11902,#2659);
#1844=LINE('',#11904,#2660);
#1845=LINE('',#11906,#2661);
#1846=LINE('',#11907,#2662);
#1847=LINE('',#11910,#2663);
#1848=LINE('',#11911,#2664);
#1849=LINE('',#11914,#2665);
#1850=LINE('',#11916,#2666);
#1851=LINE('',#11918,#2667);
#1852=LINE('',#11919,#2668);
#1853=LINE('',#11921,#2669);
#1854=LINE('',#11922,#2670);
#1855=LINE('',#11924,#2671);
#1856=LINE('',#11927,#2672);
#1857=LINE('',#11929,#2673);
#1858=LINE('',#11934,#2674);
#1859=LINE('',#11936,#2675);
#1860=LINE('',#11938,#2676);
#1861=LINE('',#11939,#2677);
#1862=LINE('',#11942,#2678);
#1863=LINE('',#11944,#2679);
#1864=LINE('',#11945,#2680);
#1865=LINE('',#11948,#2681);
#1866=LINE('',#11950,#2682);
#1867=LINE('',#11951,#2683);
#1868=LINE('',#11954,#2684);
#1869=LINE('',#11956,#2685);
#1870=LINE('',#11958,#2686);
#1871=LINE('',#11960,#2687);
#1872=LINE('',#11961,#2688);
#1873=LINE('',#11964,#2689);
#1874=LINE('',#11965,#2690);
#1875=LINE('',#11968,#2691);
#1876=LINE('',#11970,#2692);
#1877=LINE('',#11972,#2693);
#1878=LINE('',#11973,#2694);
#1879=LINE('',#11975,#2695);
#1880=LINE('',#11976,#2696);
#1881=LINE('',#11978,#2697);
#1882=LINE('',#11981,#2698);
#1883=LINE('',#11983,#2699);
#1884=LINE('',#11988,#2700);
#1885=LINE('',#11990,#2701);
#1886=LINE('',#11992,#2702);
#1887=LINE('',#11993,#2703);
#1888=LINE('',#11996,#2704);
#1889=LINE('',#11998,#2705);
#1890=LINE('',#11999,#2706);
#1891=LINE('',#12002,#2707);
#1892=LINE('',#12004,#2708);
#1893=LINE('',#12005,#2709);
#1894=LINE('',#12008,#2710);
#1895=LINE('',#12010,#2711);
#1896=LINE('',#12012,#2712);
#1897=LINE('',#12014,#2713);
#1898=LINE('',#12015,#2714);
#1899=LINE('',#12018,#2715);
#1900=LINE('',#12019,#2716);
#1901=LINE('',#12022,#2717);
#1902=LINE('',#12024,#2718);
#1903=LINE('',#12026,#2719);
#1904=LINE('',#12027,#2720);
#1905=LINE('',#12029,#2721);
#1906=LINE('',#12030,#2722);
#1907=LINE('',#12032,#2723);
#1908=LINE('',#12035,#2724);
#1909=LINE('',#12037,#2725);
#1910=LINE('',#12042,#2726);
#1911=LINE('',#12044,#2727);
#1912=LINE('',#12046,#2728);
#1913=LINE('',#12047,#2729);
#1914=LINE('',#12050,#2730);
#1915=LINE('',#12052,#2731);
#1916=LINE('',#12053,#2732);
#1917=LINE('',#12056,#2733);
#1918=LINE('',#12058,#2734);
#1919=LINE('',#12059,#2735);
#1920=LINE('',#12062,#2736);
#1921=LINE('',#12064,#2737);
#1922=LINE('',#12066,#2738);
#1923=LINE('',#12068,#2739);
#1924=LINE('',#12069,#2740);
#1925=LINE('',#12072,#2741);
#1926=LINE('',#12073,#2742);
#1927=LINE('',#12076,#2743);
#1928=LINE('',#12078,#2744);
#1929=LINE('',#12080,#2745);
#1930=LINE('',#12081,#2746);
#1931=LINE('',#12083,#2747);
#1932=LINE('',#12084,#2748);
#1933=LINE('',#12086,#2749);
#1934=LINE('',#12089,#2750);
#1935=LINE('',#12091,#2751);
#1936=LINE('',#12096,#2752);
#1937=LINE('',#12098,#2753);
#1938=LINE('',#12100,#2754);
#1939=LINE('',#12101,#2755);
#1940=LINE('',#12104,#2756);
#1941=LINE('',#12106,#2757);
#1942=LINE('',#12107,#2758);
#1943=LINE('',#12110,#2759);
#1944=LINE('',#12112,#2760);
#1945=LINE('',#12113,#2761);
#1946=LINE('',#12116,#2762);
#1947=LINE('',#12118,#2763);
#1948=LINE('',#12120,#2764);
#1949=LINE('',#12122,#2765);
#1950=LINE('',#12123,#2766);
#1951=LINE('',#12126,#2767);
#1952=LINE('',#12127,#2768);
#1953=LINE('',#12130,#2769);
#1954=LINE('',#12132,#2770);
#1955=LINE('',#12134,#2771);
#1956=LINE('',#12135,#2772);
#1957=LINE('',#12137,#2773);
#1958=LINE('',#12138,#2774);
#1959=LINE('',#12140,#2775);
#1960=LINE('',#12143,#2776);
#1961=LINE('',#12145,#2777);
#1962=LINE('',#12151,#2778);
#1963=LINE('',#12157,#2779);
#1964=LINE('',#12163,#2780);
#1965=LINE('',#12169,#2781);
#1966=LINE('',#12175,#2782);
#1967=LINE('',#12180,#2783);
#1968=LINE('',#12182,#2784);
#1969=LINE('',#12184,#2785);
#1970=LINE('',#12185,#2786);
#1971=LINE('',#12188,#2787);
#1972=LINE('',#12190,#2788);
#1973=LINE('',#12191,#2789);
#1974=LINE('',#12194,#2790);
#1975=LINE('',#12196,#2791);
#1976=LINE('',#12197,#2792);
#1977=LINE('',#12199,#2793);
#1978=LINE('',#12200,#2794);
#1979=LINE('',#12207,#2795);
#1980=LINE('',#12213,#2796);
#1981=LINE('',#12218,#2797);
#1982=LINE('',#12220,#2798);
#1983=LINE('',#12222,#2799);
#1984=LINE('',#12223,#2800);
#1985=LINE('',#12226,#2801);
#1986=LINE('',#12228,#2802);
#1987=LINE('',#12229,#2803);
#1988=LINE('',#12232,#2804);
#1989=LINE('',#12234,#2805);
#1990=LINE('',#12235,#2806);
#1991=LINE('',#12253,#2807);
#1992=LINE('',#12276,#2808);
#1993=LINE('',#12284,#2809);
#1994=LINE('',#12286,#2810);
#1995=LINE('',#12287,#2811);
#1996=LINE('',#12311,#2812);
#1997=LINE('',#12313,#2813);
#1998=LINE('',#12315,#2814);
#1999=LINE('',#12316,#2815);
#2000=LINE('',#12319,#2816);
#2001=LINE('',#12321,#2817);
#2002=LINE('',#12322,#2818);
#2003=LINE('',#12340,#2819);
#2004=LINE('',#12363,#2820);
#2005=LINE('',#12371,#2821);
#2006=LINE('',#12373,#2822);
#2007=LINE('',#12374,#2823);
#2008=LINE('',#12377,#2824);
#2009=LINE('',#12379,#2825);
#2010=LINE('',#12380,#2826);
#2011=LINE('',#12383,#2827);
#2012=LINE('',#12385,#2828);
#2013=LINE('',#12386,#2829);
#2014=LINE('',#12404,#2830);
#2015=LINE('',#12427,#2831);
#2016=LINE('',#12435,#2832);
#2017=LINE('',#12437,#2833);
#2018=LINE('',#12438,#2834);
#2019=LINE('',#12456,#2835);
#2020=LINE('',#12479,#2836);
#2021=LINE('',#12487,#2837);
#2022=LINE('',#12489,#2838);
#2023=LINE('',#12490,#2839);
#2024=LINE('',#12493,#2840);
#2025=LINE('',#12495,#2841);
#2026=LINE('',#12496,#2842);
#2027=LINE('',#12498,#2843);
#2028=LINE('',#12499,#2844);
#2029=LINE('',#12504,#2845);
#2030=LINE('',#12506,#2846);
#2031=LINE('',#12508,#2847);
#2032=LINE('',#12509,#2848);
#2033=LINE('',#12512,#2849);
#2034=LINE('',#12514,#2850);
#2035=LINE('',#12515,#2851);
#2036=LINE('',#12518,#2852);
#2037=LINE('',#12520,#2853);
#2038=LINE('',#12521,#2854);
#2039=LINE('',#12524,#2855);
#2040=LINE('',#12526,#2856);
#2041=LINE('',#12527,#2857);
#2042=LINE('',#12530,#2858);
#2043=LINE('',#12532,#2859);
#2044=LINE('',#12533,#2860);
#2045=LINE('',#12536,#2861);
#2046=LINE('',#12538,#2862);
#2047=LINE('',#12539,#2863);
#2048=LINE('',#12542,#2864);
#2049=LINE('',#12544,#2865);
#2050=LINE('',#12545,#2866);
#2051=LINE('',#12548,#2867);
#2052=LINE('',#12550,#2868);
#2053=LINE('',#12551,#2869);
#2054=LINE('',#12554,#2870);
#2055=LINE('',#12556,#2871);
#2056=LINE('',#12557,#2872);
#2057=LINE('',#12560,#2873);
#2058=LINE('',#12562,#2874);
#2059=LINE('',#12563,#2875);
#2060=LINE('',#12566,#2876);
#2061=LINE('',#12568,#2877);
#2062=LINE('',#12569,#2878);
#2063=LINE('',#12572,#2879);
#2064=LINE('',#12574,#2880);
#2065=LINE('',#12575,#2881);
#2066=LINE('',#12577,#2882);
#2067=LINE('',#12578,#2883);
#2068=LINE('',#12583,#2884);
#2069=LINE('',#12585,#2885);
#2070=LINE('',#12587,#2886);
#2071=LINE('',#12588,#2887);
#2072=LINE('',#12591,#2888);
#2073=LINE('',#12593,#2889);
#2074=LINE('',#12595,#2890);
#2075=LINE('',#12597,#2891);
#2076=LINE('',#12599,#2892);
#2077=LINE('',#12601,#2893);
#2078=LINE('',#12603,#2894);
#2079=LINE('',#12605,#2895);
#2080=LINE('',#12606,#2896);
#2081=LINE('',#12609,#2897);
#2082=LINE('',#12611,#2898);
#2083=LINE('',#12613,#2899);
#2084=LINE('',#12615,#2900);
#2085=LINE('',#12617,#2901);
#2086=LINE('',#12619,#2902);
#2087=LINE('',#12621,#2903);
#2088=LINE('',#12622,#2904);
#2089=LINE('',#12626,#2905);
#2090=LINE('',#12628,#2906);
#2091=LINE('',#12630,#2907);
#2092=LINE('',#12631,#2908);
#2093=LINE('',#12634,#2909);
#2094=LINE('',#12636,#2910);
#2095=LINE('',#12637,#2911);
#2096=LINE('',#12640,#2912);
#2097=LINE('',#12642,#2913);
#2098=LINE('',#12643,#2914);
#2099=LINE('',#12645,#2915);
#2100=LINE('',#12646,#2916);
#2101=LINE('',#12651,#2917);
#2102=LINE('',#12658,#2918);
#2103=LINE('',#12664,#2919);
#2104=LINE('',#12666,#2920);
#2105=LINE('',#12668,#2921);
#2106=LINE('',#12669,#2922);
#2107=LINE('',#12675,#2923);
#2108=LINE('',#12678,#2924);
#2109=LINE('',#12680,#2925);
#2110=LINE('',#12681,#2926);
#2111=LINE('',#12688,#2927);
#2112=LINE('',#12690,#2928);
#2113=LINE('',#12692,#2929);
#2114=LINE('',#12693,#2930);
#2115=LINE('',#12696,#2931);
#2116=LINE('',#12698,#2932);
#2117=LINE('',#12699,#2933);
#2118=LINE('',#12702,#2934);
#2119=LINE('',#12704,#2935);
#2120=LINE('',#12705,#2936);
#2121=LINE('',#12707,#2937);
#2122=LINE('',#12708,#2938);
#2123=LINE('',#12712,#2939);
#2124=LINE('',#12714,#2940);
#2125=LINE('',#12716,#2941);
#2126=LINE('',#12717,#2942);
#2127=LINE('',#12720,#2943);
#2128=LINE('',#12722,#2944);
#2129=LINE('',#12723,#2945);
#2130=LINE('',#12726,#2946);
#2131=LINE('',#12728,#2947);
#2132=LINE('',#12729,#2948);
#2133=LINE('',#12731,#2949);
#2134=LINE('',#12732,#2950);
#2135=LINE('',#12736,#2951);
#2136=LINE('',#12738,#2952);
#2137=LINE('',#12740,#2953);
#2138=LINE('',#12741,#2954);
#2139=LINE('',#12744,#2955);
#2140=LINE('',#12746,#2956);
#2141=LINE('',#12748,#2957);
#2142=LINE('',#12749,#2958);
#2143=LINE('',#12751,#2959);
#2144=LINE('',#12752,#2960);
#2145=LINE('',#12755,#2961);
#2146=LINE('',#12756,#2962);
#2147=LINE('',#12760,#2963);
#2148=LINE('',#12762,#2964);
#2149=LINE('',#12764,#2965);
#2150=LINE('',#12765,#2966);
#2151=LINE('',#12768,#2967);
#2152=LINE('',#12770,#2968);
#2153=LINE('',#12771,#2969);
#2154=LINE('',#12773,#2970);
#2155=LINE('',#12774,#2971);
#2156=LINE('',#12777,#2972);
#2157=LINE('',#12781,#2973);
#2158=LINE('',#12784,#2974);
#2159=LINE('',#12799,#2975);
#2160=LINE('',#12803,#2976);
#2161=LINE('',#12806,#2977);
#2162=LINE('',#12821,#2978);
#2163=LINE('',#12823,#2979);
#2164=LINE('',#12824,#2980);
#2165=LINE('',#12827,#2981);
#2166=LINE('',#12829,#2982);
#2167=LINE('',#12830,#2983);
#2168=LINE('',#12833,#2984);
#2169=LINE('',#12834,#2985);
#2170=LINE('',#12837,#2986);
#2171=LINE('',#12838,#2987);
#2172=LINE('',#12841,#2988);
#2173=LINE('',#12842,#2989);
#2174=LINE('',#12845,#2990);
#2175=LINE('',#12846,#2991);
#2176=LINE('',#12849,#2992);
#2177=LINE('',#12850,#2993);
#2178=LINE('',#12853,#2994);
#2179=LINE('',#12854,#2995);
#2180=LINE('',#12857,#2996);
#2181=LINE('',#12858,#2997);
#2182=LINE('',#12860,#2998);
#2183=LINE('',#12865,#2999);
#2184=LINE('',#12867,#3000);
#2185=LINE('',#12869,#3001);
#2186=LINE('',#12870,#3002);
#2187=LINE('',#12873,#3003);
#2188=LINE('',#12875,#3004);
#2189=LINE('',#12876,#3005);
#2190=LINE('',#12878,#3006);
#2191=LINE('',#12879,#3007);
#2192=LINE('',#12882,#3008);
#2193=LINE('',#12884,#3009);
#2194=LINE('',#12885,#3010);
#2195=LINE('',#12888,#3011);
#2196=LINE('',#12889,#3012);
#2197=LINE('',#12892,#3013);
#2198=LINE('',#12893,#3014);
#2199=LINE('',#12896,#3015);
#2200=LINE('',#12897,#3016);
#2201=LINE('',#12900,#3017);
#2202=LINE('',#12901,#3018);
#2203=LINE('',#12904,#3019);
#2204=LINE('',#12905,#3020);
#2205=LINE('',#12908,#3021);
#2206=LINE('',#12909,#3022);
#2207=LINE('',#12911,#3023);
#2208=LINE('',#12918,#3024);
#2209=LINE('',#12922,#3025);
#2210=LINE('',#12926,#3026);
#2211=LINE('',#12930,#3027);
#2212=LINE('',#12934,#3028);
#2213=LINE('',#12938,#3029);
#2214=LINE('',#12942,#3030);
#2215=LINE('',#12946,#3031);
#2216=LINE('',#12950,#3032);
#2217=LINE('',#12954,#3033);
#2218=LINE('',#12957,#3034);
#2219=LINE('',#12958,#3035);
#2220=LINE('',#12962,#3036);
#2221=LINE('',#12965,#3037);
#2222=LINE('',#12966,#3038);
#2223=LINE('',#12970,#3039);
#2224=LINE('',#12973,#3040);
#2225=LINE('',#12974,#3041);
#2226=LINE('',#12985,#3042);
#2227=LINE('',#12987,#3043);
#2228=LINE('',#12989,#3044);
#2229=LINE('',#12994,#3045);
#2230=LINE('',#12999,#3046);
#2231=LINE('',#13001,#3047);
#2232=LINE('',#13003,#3048);
#2233=LINE('',#13004,#3049);
#2234=LINE('',#13009,#3050);
#2235=LINE('',#13013,#3051);
#2236=LINE('',#13015,#3052);
#2237=LINE('',#13016,#3053);
#2238=LINE('',#13021,#3054);
#2239=LINE('',#13027,#3055);
#2240=LINE('',#13033,#3056);
#2241=LINE('',#13039,#3057);
#2242=LINE('',#13045,#3058);
#2243=LINE('',#13052,#3059);
#2244=LINE('',#13055,#3060);
#2245=LINE('',#13057,#3061);
#2246=LINE('',#13058,#3062);
#2247=LINE('',#13064,#3063);
#2248=LINE('',#13066,#3064);
#2249=LINE('',#13067,#3065);
#2250=LINE('',#13075,#3066);
#2251=LINE('',#13078,#3067);
#2252=LINE('',#13084,#3068);
#2253=LINE('',#13087,#3069);
#2254=LINE('',#13091,#3070);
#2255=LINE('',#13093,#3071);
#2256=LINE('',#13095,#3072);
#2257=LINE('',#13103,#3073);
#2258=LINE('',#13104,#3074);
#2259=LINE('',#13109,#3075);
#2260=LINE('',#13111,#3076);
#2261=LINE('',#13113,#3077);
#2262=LINE('',#13121,#3078);
#2263=LINE('',#13122,#3079);
#2264=LINE('',#13127,#3080);
#2265=LINE('',#13129,#3081);
#2266=LINE('',#13131,#3082);
#2267=LINE('',#13133,#3083);
#2268=LINE('',#13134,#3084);
#2269=LINE('',#13138,#3085);
#2270=LINE('',#13140,#3086);
#2271=LINE('',#13142,#3087);
#2272=LINE('',#13150,#3088);
#2273=LINE('',#13151,#3089);
#2274=LINE('',#13156,#3090);
#2275=LINE('',#13158,#3091);
#2276=LINE('',#13166,#3092);
#2277=LINE('',#13167,#3093);
#2278=LINE('',#13171,#3094);
#2279=LINE('',#13172,#3095);
#2280=LINE('',#13174,#3096);
#2281=LINE('',#13175,#3097);
#2282=LINE('',#13178,#3098);
#2283=LINE('',#13179,#3099);
#2284=LINE('',#13181,#3100);
#2285=LINE('',#13182,#3101);
#2286=LINE('',#13185,#3102);
#2287=LINE('',#13189,#3103);
#2288=LINE('',#13191,#3104);
#2289=LINE('',#13193,#3105);
#2290=LINE('',#13195,#3106);
#2291=LINE('',#13197,#3107);
#2292=LINE('',#13199,#3108);
#2293=LINE('',#13201,#3109);
#2294=LINE('',#13203,#3110);
#2295=LINE('',#13205,#3111);
#2296=LINE('',#13207,#3112);
#2297=LINE('',#13209,#3113);
#2298=LINE('',#13210,#3114);
#2299=LINE('',#13213,#3115);
#2300=LINE('',#13214,#3116);
#2301=LINE('',#13216,#3117);
#2302=LINE('',#13218,#3118);
#2303=LINE('',#13219,#3119);
#2304=LINE('',#13222,#3120);
#2305=LINE('',#13224,#3121);
#2306=LINE('',#13232,#3122);
#2307=LINE('',#13233,#3123);
#2308=LINE('',#13238,#3124);
#2309=LINE('',#13240,#3125);
#2310=LINE('',#13248,#3126);
#2311=LINE('',#13249,#3127);
#2312=LINE('',#13253,#3128);
#2313=LINE('',#13255,#3129);
#2314=LINE('',#13256,#3130);
#2315=LINE('',#13259,#3131);
#2316=LINE('',#13260,#3132);
#2317=LINE('',#13262,#3133);
#2318=LINE('',#13265,#3134);
#2319=LINE('',#13269,#3135);
#2320=LINE('',#13271,#3136);
#2321=LINE('',#13273,#3137);
#2322=LINE('',#13275,#3138);
#2323=LINE('',#13276,#3139);
#2324=LINE('',#13279,#3140);
#2325=LINE('',#13281,#3141);
#2326=LINE('',#13282,#3142);
#2327=LINE('',#13285,#3143);
#2328=LINE('',#13287,#3144);
#2329=LINE('',#13294,#3145);
#2330=LINE('',#13297,#3146);
#2331=LINE('',#13298,#3147);
#2332=LINE('',#13301,#3148);
#2333=LINE('',#13302,#3149);
#2334=LINE('',#13305,#3150);
#2335=LINE('',#13306,#3151);
#2336=LINE('',#13307,#3152);
#2337=LINE('',#13313,#3153);
#2338=LINE('',#13315,#3154);
#2339=LINE('',#13317,#3155);
#2340=LINE('',#13319,#3156);
#2341=LINE('',#13321,#3157);
#2342=LINE('',#13322,#3158);
#2343=LINE('',#13324,#3159);
#2344=LINE('',#13325,#3160);
#2345=LINE('',#13328,#3161);
#2346=LINE('',#13330,#3162);
#2347=LINE('',#13332,#3163);
#2348=LINE('',#13333,#3164);
#2349=LINE('',#13336,#3165);
#2350=LINE('',#13338,#3166);
#2351=LINE('',#13339,#3167);
#2352=LINE('',#13342,#3168);
#2353=LINE('',#13344,#3169);
#2354=LINE('',#13351,#3170);
#2355=LINE('',#13354,#3171);
#2356=LINE('',#13355,#3172);
#2357=LINE('',#13358,#3173);
#2358=LINE('',#13359,#3174);
#2359=LINE('',#13361,#3175);
#2360=LINE('',#13362,#3176);
#2361=LINE('',#13369,#3177);
#2362=LINE('',#13371,#3178);
#2363=LINE('',#13373,#3179);
#2364=LINE('',#13374,#3180);
#2365=LINE('',#13381,#3181);
#2366=LINE('',#13385,#3182);
#2367=LINE('',#13388,#3183);
#2368=LINE('',#13390,#3184);
#2369=LINE('',#13394,#3185);
#2370=LINE('',#13396,#3186);
#2371=LINE('',#13398,#3187);
#2372=LINE('',#13401,#3188);
#2373=LINE('',#13403,#3189);
#2374=LINE('',#13407,#3190);
#2375=LINE('',#13409,#3191);
#2376=LINE('',#13411,#3192);
#2377=LINE('',#13414,#3193);
#2378=LINE('',#13427,#3194);
#2379=LINE('',#13436,#3195);
#2380=LINE('',#13445,#3196);
#2381=LINE('',#13454,#3197);
#2382=LINE('',#13461,#3198);
#2383=LINE('',#13465,#3199);
#2384=LINE('',#13469,#3200);
#2385=LINE('',#13473,#3201);
#2386=LINE('',#13478,#3202);
#2387=LINE('',#13480,#3203);
#2388=LINE('',#13482,#3204);
#2389=LINE('',#13483,#3205);
#2390=LINE('',#13486,#3206);
#2391=LINE('',#13488,#3207);
#2392=LINE('',#13489,#3208);
#2393=LINE('',#13492,#3209);
#2394=LINE('',#13494,#3210);
#2395=LINE('',#13495,#3211);
#2396=LINE('',#13497,#3212);
#2397=LINE('',#13498,#3213);
#2398=LINE('',#13508,#3214);
#2399=LINE('',#13517,#3215);
#2400=LINE('',#13526,#3216);
#2401=LINE('',#13535,#3217);
#2402=LINE('',#13542,#3218);
#2403=LINE('',#13546,#3219);
#2404=LINE('',#13550,#3220);
#2405=LINE('',#13554,#3221);
#2406=LINE('',#13559,#3222);
#2407=LINE('',#13561,#3223);
#2408=LINE('',#13563,#3224);
#2409=LINE('',#13564,#3225);
#2410=LINE('',#13567,#3226);
#2411=LINE('',#13569,#3227);
#2412=LINE('',#13570,#3228);
#2413=LINE('',#13573,#3229);
#2414=LINE('',#13575,#3230);
#2415=LINE('',#13576,#3231);
#2416=LINE('',#13578,#3232);
#2417=LINE('',#13579,#3233);
#2418=LINE('',#13587,#3234);
#2419=LINE('',#13591,#3235);
#2420=LINE('',#13592,#3236);
#2421=LINE('',#13596,#3237);
#2422=LINE('',#13597,#3238);
#2423=LINE('',#13598,#3239);
#2424=LINE('',#13604,#3240);
#2425=LINE('',#13608,#3241);
#2426=LINE('',#13609,#3242);
#2427=LINE('',#13613,#3243);
#2428=LINE('',#13616,#3244);
#2429=LINE('',#13617,#3245);
#2430=LINE('',#13619,#3246);
#2431=LINE('',#13623,#3247);
#2432=LINE('',#13627,#3248);
#2433=LINE('',#13628,#3249);
#2434=LINE('',#13632,#3250);
#2435=LINE('',#13633,#3251);
#2436=LINE('',#13634,#3252);
#2437=LINE('',#13640,#3253);
#2438=LINE('',#13644,#3254);
#2439=LINE('',#13645,#3255);
#2440=LINE('',#13649,#3256);
#2441=LINE('',#13652,#3257);
#2442=LINE('',#13653,#3258);
#2443=LINE('',#13656,#3259);
#2444=LINE('',#13659,#3260);
#2445=LINE('',#13661,#3261);
#2446=LINE('',#13662,#3262);
#2447=LINE('',#13666,#3263);
#2448=LINE('',#13669,#3264);
#2449=LINE('',#13670,#3265);
#2450=LINE('',#13674,#3266);
#2451=LINE('',#13677,#3267);
#2452=LINE('',#13678,#3268);
#2453=LINE('',#13689,#3269);
#2454=LINE('',#13694,#3270);
#2455=LINE('',#13696,#3271);
#2456=LINE('',#13698,#3272);
#2457=LINE('',#13699,#3273);
#2458=LINE('',#13704,#3274);
#2459=LINE('',#13708,#3275);
#2460=LINE('',#13710,#3276);
#2461=LINE('',#13711,#3277);
#2462=LINE('',#13716,#3278);
#2463=LINE('',#13722,#3279);
#2464=LINE('',#13728,#3280);
#2465=LINE('',#13734,#3281);
#2466=LINE('',#13740,#3282);
#2467=LINE('',#13747,#3283);
#2468=LINE('',#13750,#3284);
#2469=LINE('',#13752,#3285);
#2470=LINE('',#13753,#3286);
#2471=LINE('',#13759,#3287);
#2472=LINE('',#13761,#3288);
#2473=LINE('',#13762,#3289);
#2474=VECTOR('',#9002,0.75);
#2475=VECTOR('',#9009,0.75);
#2476=VECTOR('',#9016,0.75);
#2477=VECTOR('',#9023,0.75);
#2478=VECTOR('',#9030,0.75);
#2479=VECTOR('',#9037,1.5);
#2480=VECTOR('',#9044,1.5);
#2481=VECTOR('',#9051,1.5);
#2482=VECTOR('',#9058,1.5);
#2483=VECTOR('',#9063,10.);
#2484=VECTOR('',#9064,10.);
#2485=VECTOR('',#9065,10.);
#2486=VECTOR('',#9066,10.);
#2487=VECTOR('',#9069,10.);
#2488=VECTOR('',#9070,10.);
#2489=VECTOR('',#9071,10.);
#2490=VECTOR('',#9074,10.);
#2491=VECTOR('',#9075,10.);
#2492=VECTOR('',#9076,10.);
#2493=VECTOR('',#9079,10.);
#2494=VECTOR('',#9080,10.);
#2495=VECTOR('',#9097,5.10952921463879);
#2496=VECTOR('',#9120,10.);
#2497=VECTOR('',#9121,10.);
#2498=VECTOR('',#9122,10.);
#2499=VECTOR('',#9123,10.);
#2500=VECTOR('',#9126,10.);
#2501=VECTOR('',#9127,10.);
#2502=VECTOR('',#9128,10.);
#2503=VECTOR('',#9131,10.);
#2504=VECTOR('',#9132,10.);
#2505=VECTOR('',#9135,10.);
#2506=VECTOR('',#9136,10.);
#2507=VECTOR('',#9139,10.);
#2508=VECTOR('',#9144,10.);
#2509=VECTOR('',#9145,10.);
#2510=VECTOR('',#9146,10.);
#2511=VECTOR('',#9147,10.);
#2512=VECTOR('',#9150,10.);
#2513=VECTOR('',#9151,10.);
#2514=VECTOR('',#9152,10.);
#2515=VECTOR('',#9155,10.);
#2516=VECTOR('',#9156,10.);
#2517=VECTOR('',#9157,10.);
#2518=VECTOR('',#9160,10.);
#2519=VECTOR('',#9161,10.);
#2520=VECTOR('',#9168,10.);
#2521=VECTOR('',#9169,10.);
#2522=VECTOR('',#9170,10.);
#2523=VECTOR('',#9171,10.);
#2524=VECTOR('',#9174,10.);
#2525=VECTOR('',#9175,10.);
#2526=VECTOR('',#9176,10.);
#2527=VECTOR('',#9179,10.);
#2528=VECTOR('',#9180,10.);
#2529=VECTOR('',#9181,10.);
#2530=VECTOR('',#9184,10.);
#2531=VECTOR('',#9185,10.);
#2532=VECTOR('',#9194,1.75);
#2533=VECTOR('',#9205,1.75);
#2534=VECTOR('',#9214,10.);
#2535=VECTOR('',#9215,10.);
#2536=VECTOR('',#9216,10.);
#2537=VECTOR('',#9217,10.);
#2538=VECTOR('',#9220,10.);
#2539=VECTOR('',#9221,10.);
#2540=VECTOR('',#9222,10.);
#2541=VECTOR('',#9225,10.);
#2542=VECTOR('',#9226,10.);
#2543=VECTOR('',#9227,10.);
#2544=VECTOR('',#9230,10.);
#2545=VECTOR('',#9231,10.);
#2546=VECTOR('',#9238,10.);
#2547=VECTOR('',#9239,10.);
#2548=VECTOR('',#9240,10.);
#2549=VECTOR('',#9241,10.);
#2550=VECTOR('',#9244,10.);
#2551=VECTOR('',#9245,10.);
#2552=VECTOR('',#9246,10.);
#2553=VECTOR('',#9249,10.);
#2554=VECTOR('',#9250,10.);
#2555=VECTOR('',#9251,10.);
#2556=VECTOR('',#9254,10.);
#2557=VECTOR('',#9255,10.);
#2558=VECTOR('',#9264,0.75);
#2559=VECTOR('',#9269,10.);
#2560=VECTOR('',#9270,10.);
#2561=VECTOR('',#9271,10.);
#2562=VECTOR('',#9272,10.);
#2563=VECTOR('',#9279,10.);
#2564=VECTOR('',#9282,10.);
#2565=VECTOR('',#9283,10.);
#2566=VECTOR('',#9284,10.);
#2567=VECTOR('',#9299,0.75);
#2568=VECTOR('',#9304,10.);
#2569=VECTOR('',#9305,10.);
#2570=VECTOR('',#9306,10.);
#2571=VECTOR('',#9307,10.);
#2572=VECTOR('',#9314,10.);
#2573=VECTOR('',#9317,10.);
#2574=VECTOR('',#9318,10.);
#2575=VECTOR('',#9319,10.);
#2576=VECTOR('',#9334,0.75);
#2577=VECTOR('',#9339,10.);
#2578=VECTOR('',#9340,10.);
#2579=VECTOR('',#9341,10.);
#2580=VECTOR('',#9342,10.);
#2581=VECTOR('',#9349,10.);
#2582=VECTOR('',#9352,10.);
#2583=VECTOR('',#9353,10.);
#2584=VECTOR('',#9354,10.);
#2585=VECTOR('',#9369,0.75);
#2586=VECTOR('',#9374,10.);
#2587=VECTOR('',#9375,10.);
#2588=VECTOR('',#9376,10.);
#2589=VECTOR('',#9377,10.);
#2590=VECTOR('',#9384,10.);
#2591=VECTOR('',#9387,10.);
#2592=VECTOR('',#9388,10.);
#2593=VECTOR('',#9389,10.);
#2594=VECTOR('',#9404,0.75);
#2595=VECTOR('',#9409,10.);
#2596=VECTOR('',#9410,10.);
#2597=VECTOR('',#9411,10.);
#2598=VECTOR('',#9412,10.);
#2599=VECTOR('',#9419,10.);
#2600=VECTOR('',#9422,10.);
#2601=VECTOR('',#9423,10.);
#2602=VECTOR('',#9424,10.);
#2603=VECTOR('',#9439,10.);
#2604=VECTOR('',#9442,10.);
#2605=VECTOR('',#9447,10.);
#2606=VECTOR('',#9448,10.);
#2607=VECTOR('',#9449,10.);
#2608=VECTOR('',#9452,10.);
#2609=VECTOR('',#9457,0.75);
#2610=VECTOR('',#9464,10.);
#2611=VECTOR('',#9467,10.);
#2612=VECTOR('',#9474,10.);
#2613=VECTOR('',#9477,10.);
#2614=VECTOR('',#9482,10.);
#2615=VECTOR('',#9483,10.);
#2616=VECTOR('',#9484,10.);
#2617=VECTOR('',#9487,10.);
#2618=VECTOR('',#9492,0.75);
#2619=VECTOR('',#9499,10.);
#2620=VECTOR('',#9502,10.);
#2621=VECTOR('',#9509,10.);
#2622=VECTOR('',#9512,10.);
#2623=VECTOR('',#9517,10.);
#2624=VECTOR('',#9518,10.);
#2625=VECTOR('',#9519,10.);
#2626=VECTOR('',#9522,10.);
#2627=VECTOR('',#9527,0.75);
#2628=VECTOR('',#9534,10.);
#2629=VECTOR('',#9537,10.);
#2630=VECTOR('',#9544,10.);
#2631=VECTOR('',#9547,10.);
#2632=VECTOR('',#9552,10.);
#2633=VECTOR('',#9553,10.);
#2634=VECTOR('',#9554,10.);
#2635=VECTOR('',#9557,10.);
#2636=VECTOR('',#9562,0.75);
#2637=VECTOR('',#9569,10.);
#2638=VECTOR('',#9572,10.);
#2639=VECTOR('',#9579,10.);
#2640=VECTOR('',#9582,10.);
#2641=VECTOR('',#9587,10.);
#2642=VECTOR('',#9588,10.);
#2643=VECTOR('',#9589,10.);
#2644=VECTOR('',#9592,10.);
#2645=VECTOR('',#9597,0.75);
#2646=VECTOR('',#9604,10.);
#2647=VECTOR('',#9607,10.);
#2648=VECTOR('',#9612,10.);
#2649=VECTOR('',#9613,10.);
#2650=VECTOR('',#9614,10.);
#2651=VECTOR('',#9615,10.);
#2652=VECTOR('',#9618,10.);
#2653=VECTOR('',#9619,10.);
#2654=VECTOR('',#9620,10.);
#2655=VECTOR('',#9623,10.);
#2656=VECTOR('',#9624,10.);
#2657=VECTOR('',#9625,10.);
#2658=VECTOR('',#9628,10.);
#2659=VECTOR('',#9629,10.);
#2660=VECTOR('',#9630,10.);
#2661=VECTOR('',#9631,10.);
#2662=VECTOR('',#9632,10.);
#2663=VECTOR('',#9635,10.);
#2664=VECTOR('',#9636,10.);
#2665=VECTOR('',#9639,10.);
#2666=VECTOR('',#9640,10.);
#2667=VECTOR('',#9641,10.);
#2668=VECTOR('',#9642,10.);
#2669=VECTOR('',#9645,10.);
#2670=VECTOR('',#9646,10.);
#2671=VECTOR('',#9649,10.);
#2672=VECTOR('',#9654,10.);
#2673=VECTOR('',#9657,10.);
#2674=VECTOR('',#9662,10.);
#2675=VECTOR('',#9663,10.);
#2676=VECTOR('',#9664,10.);
#2677=VECTOR('',#9665,10.);
#2678=VECTOR('',#9668,10.);
#2679=VECTOR('',#9669,10.);
#2680=VECTOR('',#9670,10.);
#2681=VECTOR('',#9673,10.);
#2682=VECTOR('',#9674,10.);
#2683=VECTOR('',#9675,10.);
#2684=VECTOR('',#9678,10.);
#2685=VECTOR('',#9679,10.);
#2686=VECTOR('',#9680,10.);
#2687=VECTOR('',#9681,10.);
#2688=VECTOR('',#9682,10.);
#2689=VECTOR('',#9685,10.);
#2690=VECTOR('',#9686,10.);
#2691=VECTOR('',#9689,10.);
#2692=VECTOR('',#9690,10.);
#2693=VECTOR('',#9691,10.);
#2694=VECTOR('',#9692,10.);
#2695=VECTOR('',#9695,10.);
#2696=VECTOR('',#9696,10.);
#2697=VECTOR('',#9699,10.);
#2698=VECTOR('',#9704,10.);
#2699=VECTOR('',#9707,10.);
#2700=VECTOR('',#9712,10.);
#2701=VECTOR('',#9713,10.);
#2702=VECTOR('',#9714,10.);
#2703=VECTOR('',#9715,10.);
#2704=VECTOR('',#9718,10.);
#2705=VECTOR('',#9719,10.);
#2706=VECTOR('',#9720,10.);
#2707=VECTOR('',#9723,10.);
#2708=VECTOR('',#9724,10.);
#2709=VECTOR('',#9725,10.);
#2710=VECTOR('',#9728,10.);
#2711=VECTOR('',#9729,10.);
#2712=VECTOR('',#9730,10.);
#2713=VECTOR('',#9731,10.);
#2714=VECTOR('',#9732,10.);
#2715=VECTOR('',#9735,10.);
#2716=VECTOR('',#9736,10.);
#2717=VECTOR('',#9739,10.);
#2718=VECTOR('',#9740,10.);
#2719=VECTOR('',#9741,10.);
#2720=VECTOR('',#9742,10.);
#2721=VECTOR('',#9745,10.);
#2722=VECTOR('',#9746,10.);
#2723=VECTOR('',#9749,10.);
#2724=VECTOR('',#9754,10.);
#2725=VECTOR('',#9757,10.);
#2726=VECTOR('',#9762,10.);
#2727=VECTOR('',#9763,10.);
#2728=VECTOR('',#9764,10.);
#2729=VECTOR('',#9765,10.);
#2730=VECTOR('',#9768,10.);
#2731=VECTOR('',#9769,10.);
#2732=VECTOR('',#9770,10.);
#2733=VECTOR('',#9773,10.);
#2734=VECTOR('',#9774,10.);
#2735=VECTOR('',#9775,10.);
#2736=VECTOR('',#9778,10.);
#2737=VECTOR('',#9779,10.);
#2738=VECTOR('',#9780,10.);
#2739=VECTOR('',#9781,10.);
#2740=VECTOR('',#9782,10.);
#2741=VECTOR('',#9785,10.);
#2742=VECTOR('',#9786,10.);
#2743=VECTOR('',#9789,10.);
#2744=VECTOR('',#9790,10.);
#2745=VECTOR('',#9791,10.);
#2746=VECTOR('',#9792,10.);
#2747=VECTOR('',#9795,10.);
#2748=VECTOR('',#9796,10.);
#2749=VECTOR('',#9799,10.);
#2750=VECTOR('',#9804,10.);
#2751=VECTOR('',#9807,10.);
#2752=VECTOR('',#9812,10.);
#2753=VECTOR('',#9813,10.);
#2754=VECTOR('',#9814,10.);
#2755=VECTOR('',#9815,10.);
#2756=VECTOR('',#9818,10.);
#2757=VECTOR('',#9819,10.);
#2758=VECTOR('',#9820,10.);
#2759=VECTOR('',#9823,10.);
#2760=VECTOR('',#9824,10.);
#2761=VECTOR('',#9825,10.);
#2762=VECTOR('',#9828,10.);
#2763=VECTOR('',#9829,10.);
#2764=VECTOR('',#9830,10.);
#2765=VECTOR('',#9831,10.);
#2766=VECTOR('',#9832,10.);
#2767=VECTOR('',#9835,10.);
#2768=VECTOR('',#9836,10.);
#2769=VECTOR('',#9839,10.);
#2770=VECTOR('',#9840,10.);
#2771=VECTOR('',#9841,10.);
#2772=VECTOR('',#9842,10.);
#2773=VECTOR('',#9845,10.);
#2774=VECTOR('',#9846,10.);
#2775=VECTOR('',#9849,10.);
#2776=VECTOR('',#9854,10.);
#2777=VECTOR('',#9857,10.);
#2778=VECTOR('',#9864,0.75);
#2779=VECTOR('',#9871,0.75);
#2780=VECTOR('',#9878,0.75);
#2781=VECTOR('',#9885,0.75);
#2782=VECTOR('',#9892,0.75);
#2783=VECTOR('',#9897,10.);
#2784=VECTOR('',#9898,10.);
#2785=VECTOR('',#9899,10.);
#2786=VECTOR('',#9900,10.);
#2787=VECTOR('',#9903,10.);
#2788=VECTOR('',#9904,10.);
#2789=VECTOR('',#9905,10.);
#2790=VECTOR('',#9908,10.);
#2791=VECTOR('',#9909,10.);
#2792=VECTOR('',#9910,10.);
#2793=VECTOR('',#9913,10.);
#2794=VECTOR('',#9914,10.);
#2795=VECTOR('',#9923,1.00116006214696);
#2796=VECTOR('',#9930,1.00108045016825);
#2797=VECTOR('',#9935,10.);
#2798=VECTOR('',#9936,10.);
#2799=VECTOR('',#9937,10.);
#2800=VECTOR('',#9938,10.);
#2801=VECTOR('',#9941,10.);
#2802=VECTOR('',#9942,10.);
#2803=VECTOR('',#9943,10.);
#2804=VECTOR('',#9946,10.);
#2805=VECTOR('',#9947,10.);
#2806=VECTOR('',#9948,10.);
#2807=VECTOR('',#9949,10.);
#2808=VECTOR('',#9950,10.);
#2809=VECTOR('',#9953,10.);
#2810=VECTOR('',#9954,10.);
#2811=VECTOR('',#9955,10.);
#2812=VECTOR('',#9958,10.);
#2813=VECTOR('',#9959,10.);
#2814=VECTOR('',#9960,10.);
#2815=VECTOR('',#9961,10.);
#2816=VECTOR('',#9964,10.);
#2817=VECTOR('',#9965,10.);
#2818=VECTOR('',#9966,10.);
#2819=VECTOR('',#9967,10.);
#2820=VECTOR('',#9968,10.);
#2821=VECTOR('',#9971,10.);
#2822=VECTOR('',#9972,10.);
#2823=VECTOR('',#9973,10.);
#2824=VECTOR('',#9976,10.);
#2825=VECTOR('',#9977,10.);
#2826=VECTOR('',#9978,10.);
#2827=VECTOR('',#9981,10.);
#2828=VECTOR('',#9982,10.);
#2829=VECTOR('',#9983,10.);
#2830=VECTOR('',#9984,10.);
#2831=VECTOR('',#9985,10.);
#2832=VECTOR('',#9988,10.);
#2833=VECTOR('',#9989,10.);
#2834=VECTOR('',#9990,10.);
#2835=VECTOR('',#9991,10.);
#2836=VECTOR('',#9992,10.);
#2837=VECTOR('',#9995,10.);
#2838=VECTOR('',#9996,10.);
#2839=VECTOR('',#9997,10.);
#2840=VECTOR('',#10000,10.);
#2841=VECTOR('',#10001,10.);
#2842=VECTOR('',#10002,10.);
#2843=VECTOR('',#10005,10.);
#2844=VECTOR('',#10006,10.);
#2845=VECTOR('',#10011,10.);
#2846=VECTOR('',#10012,10.);
#2847=VECTOR('',#10013,10.);
#2848=VECTOR('',#10014,10.);
#2849=VECTOR('',#10017,10.);
#2850=VECTOR('',#10018,10.);
#2851=VECTOR('',#10019,10.);
#2852=VECTOR('',#10022,10.);
#2853=VECTOR('',#10023,10.);
#2854=VECTOR('',#10024,10.);
#2855=VECTOR('',#10027,10.);
#2856=VECTOR('',#10028,10.);
#2857=VECTOR('',#10029,10.);
#2858=VECTOR('',#10032,10.);
#2859=VECTOR('',#10033,10.);
#2860=VECTOR('',#10034,10.);
#2861=VECTOR('',#10037,10.);
#2862=VECTOR('',#10038,10.);
#2863=VECTOR('',#10039,10.);
#2864=VECTOR('',#10042,10.);
#2865=VECTOR('',#10043,10.);
#2866=VECTOR('',#10044,10.);
#2867=VECTOR('',#10047,10.);
#2868=VECTOR('',#10048,10.);
#2869=VECTOR('',#10049,10.);
#2870=VECTOR('',#10052,10.);
#2871=VECTOR('',#10053,10.);
#2872=VECTOR('',#10054,10.);
#2873=VECTOR('',#10057,10.);
#2874=VECTOR('',#10058,10.);
#2875=VECTOR('',#10059,10.);
#2876=VECTOR('',#10062,10.);
#2877=VECTOR('',#10063,10.);
#2878=VECTOR('',#10064,10.);
#2879=VECTOR('',#10067,10.);
#2880=VECTOR('',#10068,10.);
#2881=VECTOR('',#10069,10.);
#2882=VECTOR('',#10072,10.);
#2883=VECTOR('',#10073,10.);
#2884=VECTOR('',#10078,10.);
#2885=VECTOR('',#10079,10.);
#2886=VECTOR('',#10080,10.);
#2887=VECTOR('',#10081,10.);
#2888=VECTOR('',#10082,10.);
#2889=VECTOR('',#10083,10.);
#2890=VECTOR('',#10084,10.);
#2891=VECTOR('',#10085,10.);
#2892=VECTOR('',#10086,10.);
#2893=VECTOR('',#10087,10.);
#2894=VECTOR('',#10088,10.);
#2895=VECTOR('',#10089,10.);
#2896=VECTOR('',#10090,10.);
#2897=VECTOR('',#10091,10.);
#2898=VECTOR('',#10092,10.);
#2899=VECTOR('',#10093,10.);
#2900=VECTOR('',#10094,10.);
#2901=VECTOR('',#10095,10.);
#2902=VECTOR('',#10096,10.);
#2903=VECTOR('',#10097,10.);
#2904=VECTOR('',#10098,10.);
#2905=VECTOR('',#10101,10.);
#2906=VECTOR('',#10102,10.);
#2907=VECTOR('',#10103,10.);
#2908=VECTOR('',#10104,10.);
#2909=VECTOR('',#10107,10.);
#2910=VECTOR('',#10108,10.);
#2911=VECTOR('',#10109,10.);
#2912=VECTOR('',#10112,10.);
#2913=VECTOR('',#10113,10.);
#2914=VECTOR('',#10114,10.);
#2915=VECTOR('',#10117,10.);
#2916=VECTOR('',#10118,10.);
#2917=VECTOR('',#10123,1.00000000000001);
#2918=VECTOR('',#10132,1.00000000000001);
#2919=VECTOR('',#10139,10.);
#2920=VECTOR('',#10140,10.);
#2921=VECTOR('',#10141,10.);
#2922=VECTOR('',#10142,10.);
#2923=VECTOR('',#10149,10.);
#2924=VECTOR('',#10152,10.);
#2925=VECTOR('',#10153,10.);
#2926=VECTOR('',#10154,10.);
#2927=VECTOR('',#10163,10.);
#2928=VECTOR('',#10164,10.);
#2929=VECTOR('',#10165,10.);
#2930=VECTOR('',#10166,10.);
#2931=VECTOR('',#10169,10.);
#2932=VECTOR('',#10170,10.);
#2933=VECTOR('',#10171,10.);
#2934=VECTOR('',#10174,10.);
#2935=VECTOR('',#10175,10.);
#2936=VECTOR('',#10176,10.);
#2937=VECTOR('',#10179,10.);
#2938=VECTOR('',#10180,10.);
#2939=VECTOR('',#10183,10.);
#2940=VECTOR('',#10184,10.);
#2941=VECTOR('',#10185,10.);
#2942=VECTOR('',#10186,10.);
#2943=VECTOR('',#10189,10.);
#2944=VECTOR('',#10190,10.);
#2945=VECTOR('',#10191,10.);
#2946=VECTOR('',#10194,10.);
#2947=VECTOR('',#10195,10.);
#2948=VECTOR('',#10196,10.);
#2949=VECTOR('',#10199,10.);
#2950=VECTOR('',#10200,10.);
#2951=VECTOR('',#10203,10.);
#2952=VECTOR('',#10204,10.);
#2953=VECTOR('',#10205,10.);
#2954=VECTOR('',#10206,10.);
#2955=VECTOR('',#10209,10.);
#2956=VECTOR('',#10210,10.);
#2957=VECTOR('',#10211,10.);
#2958=VECTOR('',#10212,10.);
#2959=VECTOR('',#10215,10.);
#2960=VECTOR('',#10216,10.);
#2961=VECTOR('',#10219,10.);
#2962=VECTOR('',#10220,10.);
#2963=VECTOR('',#10223,10.);
#2964=VECTOR('',#10224,10.);
#2965=VECTOR('',#10225,10.);
#2966=VECTOR('',#10226,10.);
#2967=VECTOR('',#10229,10.);
#2968=VECTOR('',#10230,10.);
#2969=VECTOR('',#10231,10.);
#2970=VECTOR('',#10234,10.);
#2971=VECTOR('',#10235,10.);
#2972=VECTOR('',#10238,10.);
#2973=VECTOR('',#10241,10.);
#2974=VECTOR('',#10244,10.);
#2975=VECTOR('',#10259,10.);
#2976=VECTOR('',#10262,10.);
#2977=VECTOR('',#10265,10.);
#2978=VECTOR('',#10280,10.);
#2979=VECTOR('',#10281,10.);
#2980=VECTOR('',#10282,10.);
#2981=VECTOR('',#10285,10.);
#2982=VECTOR('',#10286,10.);
#2983=VECTOR('',#10287,10.);
#2984=VECTOR('',#10290,10.);
#2985=VECTOR('',#10291,10.);
#2986=VECTOR('',#10294,10.);
#2987=VECTOR('',#10295,10.);
#2988=VECTOR('',#10298,10.);
#2989=VECTOR('',#10299,10.);
#2990=VECTOR('',#10302,10.);
#2991=VECTOR('',#10303,10.);
#2992=VECTOR('',#10306,10.);
#2993=VECTOR('',#10307,10.);
#2994=VECTOR('',#10310,10.);
#2995=VECTOR('',#10311,10.);
#2996=VECTOR('',#10314,10.);
#2997=VECTOR('',#10315,10.);
#2998=VECTOR('',#10318,10.);
#2999=VECTOR('',#10323,10.);
#3000=VECTOR('',#10324,10.);
#3001=VECTOR('',#10325,10.);
#3002=VECTOR('',#10326,10.);
#3003=VECTOR('',#10329,10.);
#3004=VECTOR('',#10330,10.);
#3005=VECTOR('',#10331,10.);
#3006=VECTOR('',#10334,10.);
#3007=VECTOR('',#10335,10.);
#3008=VECTOR('',#10338,10.);
#3009=VECTOR('',#10339,10.);
#3010=VECTOR('',#10340,10.);
#3011=VECTOR('',#10343,10.);
#3012=VECTOR('',#10344,10.);
#3013=VECTOR('',#10347,10.);
#3014=VECTOR('',#10348,10.);
#3015=VECTOR('',#10351,10.);
#3016=VECTOR('',#10352,10.);
#3017=VECTOR('',#10355,10.);
#3018=VECTOR('',#10356,10.);
#3019=VECTOR('',#10359,10.);
#3020=VECTOR('',#10360,10.);
#3021=VECTOR('',#10363,10.);
#3022=VECTOR('',#10364,10.);
#3023=VECTOR('',#10367,10.);
#3024=VECTOR('',#10378,1.00000001490116);
#3025=VECTOR('',#10383,1.00000001490116);
#3026=VECTOR('',#10388,1.00000001490116);
#3027=VECTOR('',#10393,1.00000001490116);
#3028=VECTOR('',#10398,1.00000001490116);
#3029=VECTOR('',#10403,1.00000001490116);
#3030=VECTOR('',#10408,1.00000001490116);
#3031=VECTOR('',#10413,22.5);
#3032=VECTOR('',#10418,22.5);
#3033=VECTOR('',#10423,10.);
#3034=VECTOR('',#10426,10.);
#3035=VECTOR('',#10427,10.);
#3036=VECTOR('',#10432,10.);
#3037=VECTOR('',#10435,10.);
#3038=VECTOR('',#10436,10.);
#3039=VECTOR('',#10441,10.);
#3040=VECTOR('',#10444,10.);
#3041=VECTOR('',#10445,10.);
#3042=VECTOR('',#10460,1.00000001490116);
#3043=VECTOR('',#10463,1.00000001490116);
#3044=VECTOR('',#10466,1.00000001490116);
#3045=VECTOR('',#10471,14.);
#3046=VECTOR('',#10476,10.);
#3047=VECTOR('',#10477,10.);
#3048=VECTOR('',#10478,10.);
#3049=VECTOR('',#10479,10.);
#3050=VECTOR('',#10484,10.);
#3051=VECTOR('',#10489,10.);
#3052=VECTOR('',#10490,10.);
#3053=VECTOR('',#10491,10.);
#3054=VECTOR('',#10496,10.);
#3055=VECTOR('',#10503,1.00000001490116);
#3056=VECTOR('',#10510,1.00000001490116);
#3057=VECTOR('',#10517,1.00000001490116);
#3058=VECTOR('',#10524,1.00000001490116);
#3059=VECTOR('',#10533,10.);
#3060=VECTOR('',#10536,10.);
#3061=VECTOR('',#10537,10.);
#3062=VECTOR('',#10538,10.);
#3063=VECTOR('',#10545,10.);
#3064=VECTOR('',#10548,10.);
#3065=VECTOR('',#10549,10.);
#3066=VECTOR('',#10558,10.);
#3067=VECTOR('',#10561,10.);
#3068=VECTOR('',#10566,10.);
#3069=VECTOR('',#10569,10.);
#3070=VECTOR('',#10572,10.);
#3071=VECTOR('',#10573,10.);
#3072=VECTOR('',#10574,10.);
#3073=VECTOR('',#10581,10.);
#3074=VECTOR('',#10582,10.);
#3075=VECTOR('',#10587,10.);
#3076=VECTOR('',#10588,10.);
#3077=VECTOR('',#10589,10.);
#3078=VECTOR('',#10596,10.);
#3079=VECTOR('',#10597,10.);
#3080=VECTOR('',#10602,10.);
#3081=VECTOR('',#10603,10.);
#3082=VECTOR('',#10604,10.);
#3083=VECTOR('',#10605,10.);
#3084=VECTOR('',#10606,10.);
#3085=VECTOR('',#10609,10.);
#3086=VECTOR('',#10610,10.);
#3087=VECTOR('',#10611,10.);
#3088=VECTOR('',#10618,10.);
#3089=VECTOR('',#10619,10.);
#3090=VECTOR('',#10624,10.);
#3091=VECTOR('',#10625,10.);
#3092=VECTOR('',#10632,10.);
#3093=VECTOR('',#10633,10.);
#3094=VECTOR('',#10638,10.);
#3095=VECTOR('',#10639,10.);
#3096=VECTOR('',#10642,10.);
#3097=VECTOR('',#10643,10.);
#3098=VECTOR('',#10648,10.);
#3099=VECTOR('',#10649,10.);
#3100=VECTOR('',#10652,10.);
#3101=VECTOR('',#10653,10.);
#3102=VECTOR('',#10658,1.00000001490116);
#3103=VECTOR('',#10663,10.);
#3104=VECTOR('',#10664,10.);
#3105=VECTOR('',#10665,10.);
#3106=VECTOR('',#10666,10.);
#3107=VECTOR('',#10667,10.);
#3108=VECTOR('',#10668,10.);
#3109=VECTOR('',#10669,10.);
#3110=VECTOR('',#10670,10.);
#3111=VECTOR('',#10671,10.);
#3112=VECTOR('',#10672,10.);
#3113=VECTOR('',#10673,10.);
#3114=VECTOR('',#10674,10.);
#3115=VECTOR('',#10677,10.);
#3116=VECTOR('',#10678,10.);
#3117=VECTOR('',#10679,10.);
#3118=VECTOR('',#10680,10.);
#3119=VECTOR('',#10681,10.);
#3120=VECTOR('',#10684,10.);
#3121=VECTOR('',#10685,10.);
#3122=VECTOR('',#10692,10.);
#3123=VECTOR('',#10693,10.);
#3124=VECTOR('',#10698,10.);
#3125=VECTOR('',#10699,10.);
#3126=VECTOR('',#10706,10.);
#3127=VECTOR('',#10707,10.);
#3128=VECTOR('',#10712,10.);
#3129=VECTOR('',#10715,10.);
#3130=VECTOR('',#10716,10.);
#3131=VECTOR('',#10721,10.);
#3132=VECTOR('',#10722,10.);
#3133=VECTOR('',#10725,10.);
#3134=VECTOR('',#10730,1.00000001490116);
#3135=VECTOR('',#10735,10.);
#3136=VECTOR('',#10736,10.);
#3137=VECTOR('',#10737,10.);
#3138=VECTOR('',#10738,10.);
#3139=VECTOR('',#10739,10.);
#3140=VECTOR('',#10742,10.);
#3141=VECTOR('',#10743,10.);
#3142=VECTOR('',#10744,10.);
#3143=VECTOR('',#10747,10.);
#3144=VECTOR('',#10748,10.);
#3145=VECTOR('',#10755,10.);
#3146=VECTOR('',#10760,10.);
#3147=VECTOR('',#10761,10.);
#3148=VECTOR('',#10766,10.);
#3149=VECTOR('',#10767,10.);
#3150=VECTOR('',#10770,10.);
#3151=VECTOR('',#10771,10.);
#3152=VECTOR('',#10772,10.);
#3153=VECTOR('',#10781,10.);
#3154=VECTOR('',#10782,10.);
#3155=VECTOR('',#10783,10.);
#3156=VECTOR('',#10784,10.);
#3157=VECTOR('',#10785,10.);
#3158=VECTOR('',#10786,10.);
#3159=VECTOR('',#10787,10.);
#3160=VECTOR('',#10788,10.);
#3161=VECTOR('',#10791,10.);
#3162=VECTOR('',#10792,10.);
#3163=VECTOR('',#10793,10.);
#3164=VECTOR('',#10794,10.);
#3165=VECTOR('',#10797,10.);
#3166=VECTOR('',#10798,10.);
#3167=VECTOR('',#10799,10.);
#3168=VECTOR('',#10802,10.);
#3169=VECTOR('',#10803,10.);
#3170=VECTOR('',#10810,10.);
#3171=VECTOR('',#10815,10.);
#3172=VECTOR('',#10816,10.);
#3173=VECTOR('',#10821,10.);
#3174=VECTOR('',#10822,10.);
#3175=VECTOR('',#10825,10.);
#3176=VECTOR('',#10826,10.);
#3177=VECTOR('',#10835,10.);
#3178=VECTOR('',#10836,10.);
#3179=VECTOR('',#10837,10.);
#3180=VECTOR('',#10838,10.);
#3181=VECTOR('',#10845,10.);
#3182=VECTOR('',#10848,10.);
#3183=VECTOR('',#10851,10.);
#3184=VECTOR('',#10852,10.);
#3185=VECTOR('',#10855,10.);
#3186=VECTOR('',#10856,10.);
#3187=VECTOR('',#10857,10.);
#3188=VECTOR('',#10860,10.);
#3189=VECTOR('',#10861,10.);
#3190=VECTOR('',#10864,10.);
#3191=VECTOR('',#10865,10.);
#3192=VECTOR('',#10866,10.);
#3193=VECTOR('',#10869,10.);
#3194=VECTOR('',#10882,2.);
#3195=VECTOR('',#10893,2.);
#3196=VECTOR('',#10904,1.99999999999999);
#3197=VECTOR('',#10915,2.);
#3198=VECTOR('',#10924,1.00000000000001);
#3199=VECTOR('',#10929,0.999999999999996);
#3200=VECTOR('',#10934,0.999999999999996);
#3201=VECTOR('',#10939,0.999999999999996);
#3202=VECTOR('',#10944,10.);
#3203=VECTOR('',#10945,10.);
#3204=VECTOR('',#10946,10.);
#3205=VECTOR('',#10947,10.);
#3206=VECTOR('',#10950,10.);
#3207=VECTOR('',#10951,10.);
#3208=VECTOR('',#10952,10.);
#3209=VECTOR('',#10955,10.);
#3210=VECTOR('',#10956,10.);
#3211=VECTOR('',#10957,10.);
#3212=VECTOR('',#10960,10.);
#3213=VECTOR('',#10961,10.);
#3214=VECTOR('',#10976,2.);
#3215=VECTOR('',#10987,2.);
#3216=VECTOR('',#10998,1.99999999999999);
#3217=VECTOR('',#11009,2.);
#3218=VECTOR('',#11018,1.00000000000001);
#3219=VECTOR('',#11023,0.999999999999996);
#3220=VECTOR('',#11028,0.999999999999996);
#3221=VECTOR('',#11033,0.999999999999996);
#3222=VECTOR('',#11038,10.);
#3223=VECTOR('',#11039,10.);
#3224=VECTOR('',#11040,10.);
#3225=VECTOR('',#11041,10.);
#3226=VECTOR('',#11044,10.);
#3227=VECTOR('',#11045,10.);
#3228=VECTOR('',#11046,10.);
#3229=VECTOR('',#11049,10.);
#3230=VECTOR('',#11050,10.);
#3231=VECTOR('',#11051,10.);
#3232=VECTOR('',#11054,10.);
#3233=VECTOR('',#11055,10.);
#3234=VECTOR('',#11068,1.00000001490116);
#3235=VECTOR('',#11073,10.);
#3236=VECTOR('',#11074,10.);
#3237=VECTOR('',#11077,10.);
#3238=VECTOR('',#11078,10.);
#3239=VECTOR('',#11079,10.);
#3240=VECTOR('',#11088,1.00000001490116);
#3241=VECTOR('',#11093,10.);
#3242=VECTOR('',#11094,10.);
#3243=VECTOR('',#11099,10.);
#3244=VECTOR('',#11102,10.);
#3245=VECTOR('',#11103,10.);
#3246=VECTOR('',#11106,10.);
#3247=VECTOR('',#11111,1.00000001490116);
#3248=VECTOR('',#11116,10.);
#3249=VECTOR('',#11117,10.);
#3250=VECTOR('',#11120,10.);
#3251=VECTOR('',#11121,10.);
#3252=VECTOR('',#11122,10.);
#3253=VECTOR('',#11131,1.00000001490116);
#3254=VECTOR('',#11136,10.);
#3255=VECTOR('',#11137,10.);
#3256=VECTOR('',#11142,10.);
#3257=VECTOR('',#11145,10.);
#3258=VECTOR('',#11146,10.);
#3259=VECTOR('',#11151,10.);
#3260=VECTOR('',#11154,10.);
#3261=VECTOR('',#11155,10.);
#3262=VECTOR('',#11156,10.);
#3263=VECTOR('',#11161,10.);
#3264=VECTOR('',#11164,10.);
#3265=VECTOR('',#11165,10.);
#3266=VECTOR('',#11170,10.);
#3267=VECTOR('',#11173,10.);
#3268=VECTOR('',#11174,10.);
#3269=VECTOR('',#11191,14.);
#3270=VECTOR('',#11196,10.);
#3271=VECTOR('',#11197,10.);
#3272=VECTOR('',#11198,10.);
#3273=VECTOR('',#11199,10.);
#3274=VECTOR('',#11204,10.);
#3275=VECTOR('',#11209,10.);
#3276=VECTOR('',#11210,10.);
#3277=VECTOR('',#11211,10.);
#3278=VECTOR('',#11216,10.);
#3279=VECTOR('',#11223,1.00000001490116);
#3280=VECTOR('',#11230,1.00000001490116);
#3281=VECTOR('',#11237,1.00000001490116);
#3282=VECTOR('',#11244,1.00000001490116);
#3283=VECTOR('',#11253,10.);
#3284=VECTOR('',#11256,10.);
#3285=VECTOR('',#11257,10.);
#3286=VECTOR('',#11258,10.);
#3287=VECTOR('',#11265,10.);
#3288=VECTOR('',#11268,10.);
#3289=VECTOR('',#11269,10.);
#3290=CIRCLE('',#8263,0.75);
#3291=CIRCLE('',#8264,0.75);
#3292=CIRCLE('',#8266,0.75);
#3293=CIRCLE('',#8267,0.75);
#3294=CIRCLE('',#8269,0.75);
#3295=CIRCLE('',#8270,0.75);
#3296=CIRCLE('',#8272,0.75);
#3297=CIRCLE('',#8273,0.75);
#3298=CIRCLE('',#8275,0.75);
#3299=CIRCLE('',#8276,0.75);
#3300=CIRCLE('',#8278,1.5);
#3301=CIRCLE('',#8279,1.5);
#3302=CIRCLE('',#8281,1.5);
#3303=CIRCLE('',#8282,1.5);
#3304=CIRCLE('',#8284,1.5);
#3305=CIRCLE('',#8285,1.5);
#3306=CIRCLE('',#8287,1.5);
#3307=CIRCLE('',#8288,1.5);
#3308=CIRCLE('',#8295,13.5);
#3309=CIRCLE('',#8296,8.39999999999998);
#3310=CIRCLE('',#8297,5.10952921463879);
#3311=CIRCLE('',#8298,5.10952921463879);
#3312=CIRCLE('',#8300,5.10952921463879);
#3313=CIRCLE('',#8302,5.5);
#3314=CIRCLE('',#8304,4.5);
#3315=CIRCLE('',#8305,10.);
#3316=CIRCLE('',#8307,9.5);
#3317=CIRCLE('',#8309,0.5);
#3318=CIRCLE('',#8330,1.75);
#3319=CIRCLE('',#8331,1.75);
#3320=CIRCLE('',#8335,1.75);
#3321=CIRCLE('',#8336,1.75);
#3322=CIRCLE('',#8352,0.75);
#3323=CIRCLE('',#8353,0.75);
#3324=CIRCLE('',#8356,0.800000000000001);
#3325=CIRCLE('',#8357,0.800000000000001);
#3326=CIRCLE('',#8360,0.800000000000001);
#3327=CIRCLE('',#8361,0.800000000000001);
#3328=CIRCLE('',#8365,0.75);
#3329=CIRCLE('',#8366,0.75);
#3330=CIRCLE('',#8369,0.800000000000001);
#3331=CIRCLE('',#8370,0.800000000000001);
#3332=CIRCLE('',#8373,0.800000000000001);
#3333=CIRCLE('',#8374,0.800000000000001);
#3334=CIRCLE('',#8378,0.75);
#3335=CIRCLE('',#8379,0.75);
#3336=CIRCLE('',#8382,0.800000000000001);
#3337=CIRCLE('',#8383,0.800000000000001);
#3338=CIRCLE('',#8386,0.800000000000001);
#3339=CIRCLE('',#8387,0.800000000000001);
#3340=CIRCLE('',#8391,0.75);
#3341=CIRCLE('',#8392,0.75);
#3342=CIRCLE('',#8395,0.800000000000001);
#3343=CIRCLE('',#8396,0.800000000000001);
#3344=CIRCLE('',#8399,0.800000000000001);
#3345=CIRCLE('',#8400,0.800000000000001);
#3346=CIRCLE('',#8404,0.75);
#3347=CIRCLE('',#8405,0.75);
#3348=CIRCLE('',#8408,0.800000000000001);
#3349=CIRCLE('',#8409,0.800000000000001);
#3350=CIRCLE('',#8412,0.800000000000001);
#3351=CIRCLE('',#8413,0.800000000000001);
#3352=CIRCLE('',#8417,0.800000000000001);
#3353=CIRCLE('',#8418,0.800000000000001);
#3354=CIRCLE('',#8419,0.75);
#3355=CIRCLE('',#8422,0.800000000000001);
#3356=CIRCLE('',#8424,0.75);
#3357=CIRCLE('',#8426,0.800000000000001);
#3358=CIRCLE('',#8430,0.800000000000001);
#3359=CIRCLE('',#8431,0.800000000000001);
#3360=CIRCLE('',#8432,0.75);
#3361=CIRCLE('',#8435,0.800000000000001);
#3362=CIRCLE('',#8437,0.75);
#3363=CIRCLE('',#8439,0.800000000000001);
#3364=CIRCLE('',#8443,0.800000000000001);
#3365=CIRCLE('',#8444,0.800000000000001);
#3366=CIRCLE('',#8445,0.75);
#3367=CIRCLE('',#8448,0.800000000000001);
#3368=CIRCLE('',#8450,0.75);
#3369=CIRCLE('',#8452,0.800000000000001);
#3370=CIRCLE('',#8456,0.800000000000001);
#3371=CIRCLE('',#8457,0.800000000000001);
#3372=CIRCLE('',#8458,0.75);
#3373=CIRCLE('',#8461,0.800000000000001);
#3374=CIRCLE('',#8463,0.75);
#3375=CIRCLE('',#8465,0.800000000000001);
#3376=CIRCLE('',#8469,0.800000000000001);
#3377=CIRCLE('',#8470,0.800000000000001);
#3378=CIRCLE('',#8471,0.75);
#3379=CIRCLE('',#8474,0.800000000000001);
#3380=CIRCLE('',#8476,0.75);
#3381=CIRCLE('',#8478,0.800000000000001);
#3382=CIRCLE('',#8542,0.75);
#3383=CIRCLE('',#8543,0.75);
#3384=CIRCLE('',#8545,0.75);
#3385=CIRCLE('',#8546,0.75);
#3386=CIRCLE('',#8548,0.75);
#3387=CIRCLE('',#8549,0.75);
#3388=CIRCLE('',#8551,0.75);
#3389=CIRCLE('',#8552,0.75);
#3390=CIRCLE('',#8554,0.75);
#3391=CIRCLE('',#8555,0.75);
#3392=CIRCLE('',#8563,1.00116006214696);
#3393=CIRCLE('',#8564,1.00116006214696);
#3394=CIRCLE('',#8566,1.00108045016825);
#3395=CIRCLE('',#8567,1.00108045016825);
#3396=CIRCLE('',#8602,1.00000000000001);
#3397=CIRCLE('',#8603,1.00000000000001);
#3398=CIRCLE('',#8606,1.00000000000001);
#3399=CIRCLE('',#8607,1.00000000000001);
#3400=CIRCLE('',#8611,2.15);
#3401=CIRCLE('',#8612,2.15);
#3402=CIRCLE('',#8615,2.15);
#3403=CIRCLE('',#8616,2.15);
#3404=CIRCLE('',#8633,4.99999999999993);
#3405=CIRCLE('',#8634,5.);
#3406=CIRCLE('',#8635,22.5);
#3407=CIRCLE('',#8636,1.00000001490116);
#3408=CIRCLE('',#8637,1.00000001490116);
#3409=CIRCLE('',#8638,1.00000001490116);
#3410=CIRCLE('',#8639,1.00000001490116);
#3411=CIRCLE('',#8640,1.00000001490116);
#3412=CIRCLE('',#8642,5.00000000000002);
#3413=CIRCLE('',#8643,4.99999999999993);
#3414=CIRCLE('',#8644,1.00000001490116);
#3415=CIRCLE('',#8645,1.00000001490116);
#3416=CIRCLE('',#8646,1.00000001490116);
#3417=CIRCLE('',#8647,22.5);
#3418=CIRCLE('',#8648,1.00000001490116);
#3419=CIRCLE('',#8649,1.00000001490116);
#3420=CIRCLE('',#8676,1.00000001490116);
#3421=CIRCLE('',#8678,1.00000001490116);
#3422=CIRCLE('',#8680,1.00000001490116);
#3423=CIRCLE('',#8682,1.00000001490116);
#3424=CIRCLE('',#8684,1.00000001490116);
#3425=CIRCLE('',#8686,1.00000001490116);
#3426=CIRCLE('',#8688,1.00000001490116);
#3427=CIRCLE('',#8690,22.5);
#3428=CIRCLE('',#8692,22.5);
#3429=CIRCLE('',#8694,4.99999999999993);
#3430=CIRCLE('',#8697,5.00000000000002);
#3431=CIRCLE('',#8700,5.);
#3432=CIRCLE('',#8703,4.99999999999993);
#3433=CIRCLE('',#8705,1.00000001490116);
#3434=CIRCLE('',#8706,1.00000001490116);
#3435=CIRCLE('',#8707,1.00000001490116);
#3436=CIRCLE('',#8712,14.);
#3437=CIRCLE('',#8713,14.);
#3438=CIRCLE('',#8716,2.99999858438967);
#3439=CIRCLE('',#8717,2.99999858438967);
#3440=CIRCLE('',#8720,2.99999999999994);
#3441=CIRCLE('',#8721,2.99999999999994);
#3442=CIRCLE('',#8723,1.00000001490116);
#3443=CIRCLE('',#8724,1.00000001490116);
#3444=CIRCLE('',#8726,1.00000001490116);
#3445=CIRCLE('',#8727,1.00000001490116);
#3446=CIRCLE('',#8729,1.00000001490116);
#3447=CIRCLE('',#8730,1.00000001490116);
#3448=CIRCLE('',#8732,1.00000001490116);
#3449=CIRCLE('',#8733,1.00000001490116);
#3450=CIRCLE('',#8735,2.99999858438968);
#3451=CIRCLE('',#8736,2.99999858438968);
#3452=CIRCLE('',#8739,2.99999858438967);
#3453=CIRCLE('',#8740,2.99999858438967);
#3454=CIRCLE('',#8745,1.00116006214696);
#3455=CIRCLE('',#8746,1.00116006214696);
#3456=CIRCLE('',#8748,1.00108045016825);
#3457=CIRCLE('',#8749,1.00108045016825);
#3458=CIRCLE('',#8751,0.999999999999943);
#3459=CIRCLE('',#8752,2.00000002980232);
#3460=CIRCLE('',#8753,0.999999999999943);
#3461=CIRCLE('',#8754,1.00000001490116);
#3462=CIRCLE('',#8756,0.999999999999943);
#3463=CIRCLE('',#8757,2.00000002980232);
#3464=CIRCLE('',#8758,0.999999999999943);
#3465=CIRCLE('',#8759,1.00000001490116);
#3466=CIRCLE('',#8762,0.999999999999943);
#3467=CIRCLE('',#8763,2.00000002980232);
#3468=CIRCLE('',#8764,0.999999999999943);
#3469=CIRCLE('',#8765,1.00000001490116);
#3470=CIRCLE('',#8767,0.999999999999943);
#3471=CIRCLE('',#8768,2.00000002980232);
#3472=CIRCLE('',#8769,0.999999999999943);
#3473=CIRCLE('',#8770,1.00000001490116);
#3474=CIRCLE('',#8782,0.999999999999943);
#3475=CIRCLE('',#8783,2.00000002980232);
#3476=CIRCLE('',#8784,0.999999999999943);
#3477=CIRCLE('',#8785,1.00000001490116);
#3478=CIRCLE('',#8787,0.999999999999943);
#3479=CIRCLE('',#8788,2.00000002980232);
#3480=CIRCLE('',#8789,0.999999999999943);
#3481=CIRCLE('',#8790,1.00000001490116);
#3482=CIRCLE('',#8802,0.999999999999943);
#3483=CIRCLE('',#8803,2.00000002980232);
#3484=CIRCLE('',#8804,0.999999999999943);
#3485=CIRCLE('',#8805,1.00000001490116);
#3486=CIRCLE('',#8817,0.999999999999943);
#3487=CIRCLE('',#8818,2.00000002980232);
#3488=CIRCLE('',#8819,0.999999999999943);
#3489=CIRCLE('',#8820,1.00000001490116);
#3490=CIRCLE('',#8830,4.99999999999993);
#3491=CIRCLE('',#8831,4.99999999999993);
#3492=CIRCLE('',#8832,5.);
#3493=CIRCLE('',#8833,5.00000000000002);
#3494=CIRCLE('',#8834,2.00000002980232);
#3495=CIRCLE('',#8835,2.00000002980232);
#3496=CIRCLE('',#8836,2.00000002980232);
#3497=CIRCLE('',#8837,2.00000002980232);
#3498=CIRCLE('',#8838,1.00000001490116);
#3499=CIRCLE('',#8839,1.00000001490116);
#3500=CIRCLE('',#8840,1.00000001490116);
#3501=CIRCLE('',#8841,1.00000001490116);
#3502=CIRCLE('',#8843,2.);
#3503=CIRCLE('',#8844,2.);
#3504=CIRCLE('',#8846,1.00000000000001);
#3505=CIRCLE('',#8848,2.);
#3506=CIRCLE('',#8849,2.);
#3507=CIRCLE('',#8851,0.999999999999996);
#3508=CIRCLE('',#8853,1.99999999999999);
#3509=CIRCLE('',#8854,1.99999999999999);
#3510=CIRCLE('',#8856,0.999999999999996);
#3511=CIRCLE('',#8858,2.);
#3512=CIRCLE('',#8859,2.);
#3513=CIRCLE('',#8861,0.999999999999996);
#3514=CIRCLE('',#8863,1.00000000000001);
#3515=CIRCLE('',#8865,0.999999999999996);
#3516=CIRCLE('',#8867,0.999999999999996);
#3517=CIRCLE('',#8869,0.999999999999996);
#3518=CIRCLE('',#8880,2.);
#3519=CIRCLE('',#8881,2.);
#3520=CIRCLE('',#8883,1.00000000000001);
#3521=CIRCLE('',#8885,2.);
#3522=CIRCLE('',#8886,2.);
#3523=CIRCLE('',#8888,0.999999999999996);
#3524=CIRCLE('',#8890,1.99999999999999);
#3525=CIRCLE('',#8891,1.99999999999999);
#3526=CIRCLE('',#8893,0.999999999999996);
#3527=CIRCLE('',#8895,2.);
#3528=CIRCLE('',#8896,2.);
#3529=CIRCLE('',#8898,0.999999999999996);
#3530=CIRCLE('',#8900,1.00000000000001);
#3531=CIRCLE('',#8902,0.999999999999996);
#3532=CIRCLE('',#8904,0.999999999999996);
#3533=CIRCLE('',#8906,0.999999999999996);
#3534=CIRCLE('',#8917,1.00000001490116);
#3535=CIRCLE('',#8921,2.00000002980232);
#3536=CIRCLE('',#8924,1.00000001490116);
#3537=CIRCLE('',#8927,2.00000002980232);
#3538=CIRCLE('',#8932,1.00000001490116);
#3539=CIRCLE('',#8936,2.00000002980232);
#3540=CIRCLE('',#8939,1.00000001490116);
#3541=CIRCLE('',#8942,2.00000002980232);
#3542=CIRCLE('',#8948,5.);
#3543=CIRCLE('',#8951,5.00000000000002);
#3544=CIRCLE('',#8954,4.99999999999993);
#3545=CIRCLE('',#8956,4.99999999999993);
#3546=CIRCLE('',#8960,14.);
#3547=CIRCLE('',#8961,14.);
#3548=CIRCLE('',#8964,2.99999858438967);
#3549=CIRCLE('',#8965,2.99999858438967);
#3550=CIRCLE('',#8968,2.99999999999994);
#3551=CIRCLE('',#8969,2.99999999999994);
#3552=CIRCLE('',#8971,1.00000001490116);
#3553=CIRCLE('',#8972,1.00000001490116);
#3554=CIRCLE('',#8974,1.00000001490116);
#3555=CIRCLE('',#8975,1.00000001490116);
#3556=CIRCLE('',#8977,1.00000001490116);
#3557=CIRCLE('',#8978,1.00000001490116);
#3558=CIRCLE('',#8980,1.00000001490116);
#3559=CIRCLE('',#8981,1.00000001490116);
#3560=CIRCLE('',#8983,2.99999858438968);
#3561=CIRCLE('',#8984,2.99999858438968);
#3562=CIRCLE('',#8987,2.99999858438967);
#3563=CIRCLE('',#8988,2.99999858438967);
#3564=VERTEX_POINT('',#11281);
#3565=VERTEX_POINT('',#11283);
#3566=VERTEX_POINT('',#11287);
#3567=VERTEX_POINT('',#11289);
#3568=VERTEX_POINT('',#11293);
#3569=VERTEX_POINT('',#11295);
#3570=VERTEX_POINT('',#11299);
#3571=VERTEX_POINT('',#11301);
#3572=VERTEX_POINT('',#11305);
#3573=VERTEX_POINT('',#11307);
#3574=VERTEX_POINT('',#11311);
#3575=VERTEX_POINT('',#11313);
#3576=VERTEX_POINT('',#11317);
#3577=VERTEX_POINT('',#11319);
#3578=VERTEX_POINT('',#11323);
#3579=VERTEX_POINT('',#11325);
#3580=VERTEX_POINT('',#11329);
#3581=VERTEX_POINT('',#11331);
#3582=VERTEX_POINT('',#11335);
#3583=VERTEX_POINT('',#11336);
#3584=VERTEX_POINT('',#11338);
#3585=VERTEX_POINT('',#11340);
#3586=VERTEX_POINT('',#11344);
#3587=VERTEX_POINT('',#11346);
#3588=VERTEX_POINT('',#11350);
#3589=VERTEX_POINT('',#11352);
#3590=VERTEX_POINT('',#11387);
#3591=VERTEX_POINT('',#11389);
#3592=VERTEX_POINT('',#11391);
#3593=VERTEX_POINT('',#11395);
#3594=VERTEX_POINT('',#11399);
#3595=VERTEX_POINT('',#11402);
#3596=VERTEX_POINT('',#11406);
#3597=VERTEX_POINT('',#11412);
#3598=VERTEX_POINT('',#11413);
#3599=VERTEX_POINT('',#11415);
#3600=VERTEX_POINT('',#11417);
#3601=VERTEX_POINT('',#11421);
#3602=VERTEX_POINT('',#11422);
#3603=VERTEX_POINT('',#11427);
#3604=VERTEX_POINT('',#11431);
#3605=VERTEX_POINT('',#11438);
#3606=VERTEX_POINT('',#11439);
#3607=VERTEX_POINT('',#11441);
#3608=VERTEX_POINT('',#11443);
#3609=VERTEX_POINT('',#11447);
#3610=VERTEX_POINT('',#11449);
#3611=VERTEX_POINT('',#11453);
#3612=VERTEX_POINT('',#11455);
#3613=VERTEX_POINT('',#11464);
#3614=VERTEX_POINT('',#11465);
#3615=VERTEX_POINT('',#11467);
#3616=VERTEX_POINT('',#11469);
#3617=VERTEX_POINT('',#11473);
#3618=VERTEX_POINT('',#11475);
#3619=VERTEX_POINT('',#11479);
#3620=VERTEX_POINT('',#11481);
#3621=VERTEX_POINT('',#11490);
#3622=VERTEX_POINT('',#11492);
#3623=VERTEX_POINT('',#11498);
#3624=VERTEX_POINT('',#11500);
#3625=VERTEX_POINT('',#11506);
#3626=VERTEX_POINT('',#11507);
#3627=VERTEX_POINT('',#11509);
#3628=VERTEX_POINT('',#11511);
#3629=VERTEX_POINT('',#11515);
#3630=VERTEX_POINT('',#11517);
#3631=VERTEX_POINT('',#11521);
#3632=VERTEX_POINT('',#11523);
#3633=VERTEX_POINT('',#11532);
#3634=VERTEX_POINT('',#11533);
#3635=VERTEX_POINT('',#11535);
#3636=VERTEX_POINT('',#11537);
#3637=VERTEX_POINT('',#11541);
#3638=VERTEX_POINT('',#11543);
#3639=VERTEX_POINT('',#11547);
#3640=VERTEX_POINT('',#11549);
#3641=VERTEX_POINT('',#11558);
#3642=VERTEX_POINT('',#11560);
#3643=VERTEX_POINT('',#11564);
#3644=VERTEX_POINT('',#11565);
#3645=VERTEX_POINT('',#11567);
#3646=VERTEX_POINT('',#11569);
#3647=VERTEX_POINT('',#11573);
#3648=VERTEX_POINT('',#11575);
#3649=VERTEX_POINT('',#11579);
#3650=VERTEX_POINT('',#11581);
#3651=VERTEX_POINT('',#11590);
#3652=VERTEX_POINT('',#11592);
#3653=VERTEX_POINT('',#11596);
#3654=VERTEX_POINT('',#11597);
#3655=VERTEX_POINT('',#11599);
#3656=VERTEX_POINT('',#11601);
#3657=VERTEX_POINT('',#11605);
#3658=VERTEX_POINT('',#11607);
#3659=VERTEX_POINT('',#11611);
#3660=VERTEX_POINT('',#11613);
#3661=VERTEX_POINT('',#11622);
#3662=VERTEX_POINT('',#11624);
#3663=VERTEX_POINT('',#11628);
#3664=VERTEX_POINT('',#11629);
#3665=VERTEX_POINT('',#11631);
#3666=VERTEX_POINT('',#11633);
#3667=VERTEX_POINT('',#11637);
#3668=VERTEX_POINT('',#11639);
#3669=VERTEX_POINT('',#11643);
#3670=VERTEX_POINT('',#11645);
#3671=VERTEX_POINT('',#11654);
#3672=VERTEX_POINT('',#11656);
#3673=VERTEX_POINT('',#11660);
#3674=VERTEX_POINT('',#11661);
#3675=VERTEX_POINT('',#11663);
#3676=VERTEX_POINT('',#11665);
#3677=VERTEX_POINT('',#11669);
#3678=VERTEX_POINT('',#11671);
#3679=VERTEX_POINT('',#11675);
#3680=VERTEX_POINT('',#11677);
#3681=VERTEX_POINT('',#11686);
#3682=VERTEX_POINT('',#11688);
#3683=VERTEX_POINT('',#11692);
#3684=VERTEX_POINT('',#11693);
#3685=VERTEX_POINT('',#11695);
#3686=VERTEX_POINT('',#11697);
#3687=VERTEX_POINT('',#11701);
#3688=VERTEX_POINT('',#11703);
#3689=VERTEX_POINT('',#11707);
#3690=VERTEX_POINT('',#11709);
#3691=VERTEX_POINT('',#11718);
#3692=VERTEX_POINT('',#11719);
#3693=VERTEX_POINT('',#11721);
#3694=VERTEX_POINT('',#11723);
#3695=VERTEX_POINT('',#11726);
#3696=VERTEX_POINT('',#11729);
#3697=VERTEX_POINT('',#11731);
#3698=VERTEX_POINT('',#11735);
#3699=VERTEX_POINT('',#11739);
#3700=VERTEX_POINT('',#11743);
#3701=VERTEX_POINT('',#11750);
#3702=VERTEX_POINT('',#11751);
#3703=VERTEX_POINT('',#11753);
#3704=VERTEX_POINT('',#11755);
#3705=VERTEX_POINT('',#11758);
#3706=VERTEX_POINT('',#11761);
#3707=VERTEX_POINT('',#11763);
#3708=VERTEX_POINT('',#11767);
#3709=VERTEX_POINT('',#11771);
#3710=VERTEX_POINT('',#11775);
#3711=VERTEX_POINT('',#11782);
#3712=VERTEX_POINT('',#11783);
#3713=VERTEX_POINT('',#11785);
#3714=VERTEX_POINT('',#11787);
#3715=VERTEX_POINT('',#11790);
#3716=VERTEX_POINT('',#11793);
#3717=VERTEX_POINT('',#11795);
#3718=VERTEX_POINT('',#11799);
#3719=VERTEX_POINT('',#11803);
#3720=VERTEX_POINT('',#11807);
#3721=VERTEX_POINT('',#11814);
#3722=VERTEX_POINT('',#11815);
#3723=VERTEX_POINT('',#11817);
#3724=VERTEX_POINT('',#11819);
#3725=VERTEX_POINT('',#11822);
#3726=VERTEX_POINT('',#11825);
#3727=VERTEX_POINT('',#11827);
#3728=VERTEX_POINT('',#11831);
#3729=VERTEX_POINT('',#11835);
#3730=VERTEX_POINT('',#11839);
#3731=VERTEX_POINT('',#11846);
#3732=VERTEX_POINT('',#11847);
#3733=VERTEX_POINT('',#11849);
#3734=VERTEX_POINT('',#11851);
#3735=VERTEX_POINT('',#11854);
#3736=VERTEX_POINT('',#11857);
#3737=VERTEX_POINT('',#11859);
#3738=VERTEX_POINT('',#11863);
#3739=VERTEX_POINT('',#11867);
#3740=VERTEX_POINT('',#11871);
#3741=VERTEX_POINT('',#11878);
#3742=VERTEX_POINT('',#11879);
#3743=VERTEX_POINT('',#11881);
#3744=VERTEX_POINT('',#11883);
#3745=VERTEX_POINT('',#11887);
#3746=VERTEX_POINT('',#11889);
#3747=VERTEX_POINT('',#11893);
#3748=VERTEX_POINT('',#11895);
#3749=VERTEX_POINT('',#11899);
#3750=VERTEX_POINT('',#11901);
#3751=VERTEX_POINT('',#11903);
#3752=VERTEX_POINT('',#11905);
#3753=VERTEX_POINT('',#11909);
#3754=VERTEX_POINT('',#11913);
#3755=VERTEX_POINT('',#11915);
#3756=VERTEX_POINT('',#11917);
#3757=VERTEX_POINT('',#11932);
#3758=VERTEX_POINT('',#11933);
#3759=VERTEX_POINT('',#11935);
#3760=VERTEX_POINT('',#11937);
#3761=VERTEX_POINT('',#11941);
#3762=VERTEX_POINT('',#11943);
#3763=VERTEX_POINT('',#11947);
#3764=VERTEX_POINT('',#11949);
#3765=VERTEX_POINT('',#11953);
#3766=VERTEX_POINT('',#11955);
#3767=VERTEX_POINT('',#11957);
#3768=VERTEX_POINT('',#11959);
#3769=VERTEX_POINT('',#11963);
#3770=VERTEX_POINT('',#11967);
#3771=VERTEX_POINT('',#11969);
#3772=VERTEX_POINT('',#11971);
#3773=VERTEX_POINT('',#11986);
#3774=VERTEX_POINT('',#11987);
#3775=VERTEX_POINT('',#11989);
#3776=VERTEX_POINT('',#11991);
#3777=VERTEX_POINT('',#11995);
#3778=VERTEX_POINT('',#11997);
#3779=VERTEX_POINT('',#12001);
#3780=VERTEX_POINT('',#12003);
#3781=VERTEX_POINT('',#12007);
#3782=VERTEX_POINT('',#12009);
#3783=VERTEX_POINT('',#12011);
#3784=VERTEX_POINT('',#12013);
#3785=VERTEX_POINT('',#12017);
#3786=VERTEX_POINT('',#12021);
#3787=VERTEX_POINT('',#12023);
#3788=VERTEX_POINT('',#12025);
#3789=VERTEX_POINT('',#12040);
#3790=VERTEX_POINT('',#12041);
#3791=VERTEX_POINT('',#12043);
#3792=VERTEX_POINT('',#12045);
#3793=VERTEX_POINT('',#12049);
#3794=VERTEX_POINT('',#12051);
#3795=VERTEX_POINT('',#12055);
#3796=VERTEX_POINT('',#12057);
#3797=VERTEX_POINT('',#12061);
#3798=VERTEX_POINT('',#12063);
#3799=VERTEX_POINT('',#12065);
#3800=VERTEX_POINT('',#12067);
#3801=VERTEX_POINT('',#12071);
#3802=VERTEX_POINT('',#12075);
#3803=VERTEX_POINT('',#12077);
#3804=VERTEX_POINT('',#12079);
#3805=VERTEX_POINT('',#12094);
#3806=VERTEX_POINT('',#12095);
#3807=VERTEX_POINT('',#12097);
#3808=VERTEX_POINT('',#12099);
#3809=VERTEX_POINT('',#12103);
#3810=VERTEX_POINT('',#12105);
#3811=VERTEX_POINT('',#12109);
#3812=VERTEX_POINT('',#12111);
#3813=VERTEX_POINT('',#12115);
#3814=VERTEX_POINT('',#12117);
#3815=VERTEX_POINT('',#12119);
#3816=VERTEX_POINT('',#12121);
#3817=VERTEX_POINT('',#12125);
#3818=VERTEX_POINT('',#12129);
#3819=VERTEX_POINT('',#12131);
#3820=VERTEX_POINT('',#12133);
#3821=VERTEX_POINT('',#12148);
#3822=VERTEX_POINT('',#12150);
#3823=VERTEX_POINT('',#12154);
#3824=VERTEX_POINT('',#12156);
#3825=VERTEX_POINT('',#12160);
#3826=VERTEX_POINT('',#12162);
#3827=VERTEX_POINT('',#12166);
#3828=VERTEX_POINT('',#12168);
#3829=VERTEX_POINT('',#12172);
#3830=VERTEX_POINT('',#12174);
#3831=VERTEX_POINT('',#12178);
#3832=VERTEX_POINT('',#12179);
#3833=VERTEX_POINT('',#12181);
#3834=VERTEX_POINT('',#12183);
#3835=VERTEX_POINT('',#12187);
#3836=VERTEX_POINT('',#12189);
#3837=VERTEX_POINT('',#12193);
#3838=VERTEX_POINT('',#12195);
#3839=VERTEX_POINT('',#12204);
#3840=VERTEX_POINT('',#12206);
#3841=VERTEX_POINT('',#12210);
#3842=VERTEX_POINT('',#12212);
#3843=VERTEX_POINT('',#12216);
#3844=VERTEX_POINT('',#12217);
#3845=VERTEX_POINT('',#12219);
#3846=VERTEX_POINT('',#12221);
#3847=VERTEX_POINT('',#12225);
#3848=VERTEX_POINT('',#12227);
#3849=VERTEX_POINT('',#12231);
#3850=VERTEX_POINT('',#12233);
#3851=VERTEX_POINT('',#12246);
#3852=VERTEX_POINT('',#12252);
#3853=VERTEX_POINT('',#12269);
#3854=VERTEX_POINT('',#12275);
#3855=VERTEX_POINT('',#12283);
#3856=VERTEX_POINT('',#12285);
#3857=VERTEX_POINT('',#12309);
#3858=VERTEX_POINT('',#12310);
#3859=VERTEX_POINT('',#12312);
#3860=VERTEX_POINT('',#12314);
#3861=VERTEX_POINT('',#12318);
#3862=VERTEX_POINT('',#12320);
#3863=VERTEX_POINT('',#12333);
#3864=VERTEX_POINT('',#12339);
#3865=VERTEX_POINT('',#12356);
#3866=VERTEX_POINT('',#12362);
#3867=VERTEX_POINT('',#12370);
#3868=VERTEX_POINT('',#12372);
#3869=VERTEX_POINT('',#12376);
#3870=VERTEX_POINT('',#12378);
#3871=VERTEX_POINT('',#12382);
#3872=VERTEX_POINT('',#12384);
#3873=VERTEX_POINT('',#12397);
#3874=VERTEX_POINT('',#12403);
#3875=VERTEX_POINT('',#12420);
#3876=VERTEX_POINT('',#12426);
#3877=VERTEX_POINT('',#12434);
#3878=VERTEX_POINT('',#12436);
#3879=VERTEX_POINT('',#12449);
#3880=VERTEX_POINT('',#12455);
#3881=VERTEX_POINT('',#12472);
#3882=VERTEX_POINT('',#12478);
#3883=VERTEX_POINT('',#12486);
#3884=VERTEX_POINT('',#12488);
#3885=VERTEX_POINT('',#12492);
#3886=VERTEX_POINT('',#12494);
#3887=VERTEX_POINT('',#12502);
#3888=VERTEX_POINT('',#12503);
#3889=VERTEX_POINT('',#12505);
#3890=VERTEX_POINT('',#12507);
#3891=VERTEX_POINT('',#12511);
#3892=VERTEX_POINT('',#12513);
#3893=VERTEX_POINT('',#12517);
#3894=VERTEX_POINT('',#12519);
#3895=VERTEX_POINT('',#12523);
#3896=VERTEX_POINT('',#12525);
#3897=VERTEX_POINT('',#12529);
#3898=VERTEX_POINT('',#12531);
#3899=VERTEX_POINT('',#12535);
#3900=VERTEX_POINT('',#12537);
#3901=VERTEX_POINT('',#12541);
#3902=VERTEX_POINT('',#12543);
#3903=VERTEX_POINT('',#12547);
#3904=VERTEX_POINT('',#12549);
#3905=VERTEX_POINT('',#12553);
#3906=VERTEX_POINT('',#12555);
#3907=VERTEX_POINT('',#12559);
#3908=VERTEX_POINT('',#12561);
#3909=VERTEX_POINT('',#12565);
#3910=VERTEX_POINT('',#12567);
#3911=VERTEX_POINT('',#12571);
#3912=VERTEX_POINT('',#12573);
#3913=VERTEX_POINT('',#12581);
#3914=VERTEX_POINT('',#12582);
#3915=VERTEX_POINT('',#12584);
#3916=VERTEX_POINT('',#12586);
#3917=VERTEX_POINT('',#12589);
#3918=VERTEX_POINT('',#12590);
#3919=VERTEX_POINT('',#12592);
#3920=VERTEX_POINT('',#12594);
#3921=VERTEX_POINT('',#12596);
#3922=VERTEX_POINT('',#12598);
#3923=VERTEX_POINT('',#12600);
#3924=VERTEX_POINT('',#12602);
#3925=VERTEX_POINT('',#12604);
#3926=VERTEX_POINT('',#12607);
#3927=VERTEX_POINT('',#12608);
#3928=VERTEX_POINT('',#12610);
#3929=VERTEX_POINT('',#12612);
#3930=VERTEX_POINT('',#12614);
#3931=VERTEX_POINT('',#12616);
#3932=VERTEX_POINT('',#12618);
#3933=VERTEX_POINT('',#12620);
#3934=VERTEX_POINT('',#12624);
#3935=VERTEX_POINT('',#12625);
#3936=VERTEX_POINT('',#12627);
#3937=VERTEX_POINT('',#12629);
#3938=VERTEX_POINT('',#12633);
#3939=VERTEX_POINT('',#12635);
#3940=VERTEX_POINT('',#12639);
#3941=VERTEX_POINT('',#12641);
#3942=VERTEX_POINT('',#12648);
#3943=VERTEX_POINT('',#12650);
#3944=VERTEX_POINT('',#12655);
#3945=VERTEX_POINT('',#12657);
#3946=VERTEX_POINT('',#12662);
#3947=VERTEX_POINT('',#12663);
#3948=VERTEX_POINT('',#12665);
#3949=VERTEX_POINT('',#12667);
#3950=VERTEX_POINT('',#12671);
#3951=VERTEX_POINT('',#12673);
#3952=VERTEX_POINT('',#12677);
#3953=VERTEX_POINT('',#12679);
#3954=VERTEX_POINT('',#12686);
#3955=VERTEX_POINT('',#12687);
#3956=VERTEX_POINT('',#12689);
#3957=VERTEX_POINT('',#12691);
#3958=VERTEX_POINT('',#12695);
#3959=VERTEX_POINT('',#12697);
#3960=VERTEX_POINT('',#12701);
#3961=VERTEX_POINT('',#12703);
#3962=VERTEX_POINT('',#12710);
#3963=VERTEX_POINT('',#12711);
#3964=VERTEX_POINT('',#12713);
#3965=VERTEX_POINT('',#12715);
#3966=VERTEX_POINT('',#12719);
#3967=VERTEX_POINT('',#12721);
#3968=VERTEX_POINT('',#12725);
#3969=VERTEX_POINT('',#12727);
#3970=VERTEX_POINT('',#12734);
#3971=VERTEX_POINT('',#12735);
#3972=VERTEX_POINT('',#12737);
#3973=VERTEX_POINT('',#12739);
#3974=VERTEX_POINT('',#12743);
#3975=VERTEX_POINT('',#12745);
#3976=VERTEX_POINT('',#12747);
#3977=VERTEX_POINT('',#12754);
#3978=VERTEX_POINT('',#12758);
#3979=VERTEX_POINT('',#12759);
#3980=VERTEX_POINT('',#12761);
#3981=VERTEX_POINT('',#12763);
#3982=VERTEX_POINT('',#12767);
#3983=VERTEX_POINT('',#12769);
#3984=VERTEX_POINT('',#12776);
#3985=VERTEX_POINT('',#12778);
#3986=VERTEX_POINT('',#12780);
#3987=VERTEX_POINT('',#12782);
#3988=VERTEX_POINT('',#12785);
#3989=VERTEX_POINT('',#12787);
#3990=VERTEX_POINT('',#12789);
#3991=VERTEX_POINT('',#12791);
#3992=VERTEX_POINT('',#12793);
#3993=VERTEX_POINT('',#12795);
#3994=VERTEX_POINT('',#12798);
#3995=VERTEX_POINT('',#12800);
#3996=VERTEX_POINT('',#12802);
#3997=VERTEX_POINT('',#12804);
#3998=VERTEX_POINT('',#12807);
#3999=VERTEX_POINT('',#12809);
#4000=VERTEX_POINT('',#12811);
#4001=VERTEX_POINT('',#12813);
#4002=VERTEX_POINT('',#12815);
#4003=VERTEX_POINT('',#12817);
#4004=VERTEX_POINT('',#12820);
#4005=VERTEX_POINT('',#12822);
#4006=VERTEX_POINT('',#12826);
#4007=VERTEX_POINT('',#12828);
#4008=VERTEX_POINT('',#12832);
#4009=VERTEX_POINT('',#12836);
#4010=VERTEX_POINT('',#12840);
#4011=VERTEX_POINT('',#12844);
#4012=VERTEX_POINT('',#12848);
#4013=VERTEX_POINT('',#12852);
#4014=VERTEX_POINT('',#12856);
#4015=VERTEX_POINT('',#12863);
#4016=VERTEX_POINT('',#12864);
#4017=VERTEX_POINT('',#12866);
#4018=VERTEX_POINT('',#12868);
#4019=VERTEX_POINT('',#12872);
#4020=VERTEX_POINT('',#12874);
#4021=VERTEX_POINT('',#12881);
#4022=VERTEX_POINT('',#12883);
#4023=VERTEX_POINT('',#12887);
#4024=VERTEX_POINT('',#12891);
#4025=VERTEX_POINT('',#12895);
#4026=VERTEX_POINT('',#12899);
#4027=VERTEX_POINT('',#12903);
#4028=VERTEX_POINT('',#12907);
#4029=VERTEX_POINT('',#12916);
#4030=VERTEX_POINT('',#12920);
#4031=VERTEX_POINT('',#12924);
#4032=VERTEX_POINT('',#12928);
#4033=VERTEX_POINT('',#12932);
#4034=VERTEX_POINT('',#12936);
#4035=VERTEX_POINT('',#12940);
#4036=VERTEX_POINT('',#12944);
#4037=VERTEX_POINT('',#12948);
#4038=VERTEX_POINT('',#12952);
#4039=VERTEX_POINT('',#12956);
#4040=VERTEX_POINT('',#12960);
#4041=VERTEX_POINT('',#12964);
#4042=VERTEX_POINT('',#12968);
#4043=VERTEX_POINT('',#12972);
#4044=VERTEX_POINT('',#12978);
#4045=VERTEX_POINT('',#12980);
#4046=VERTEX_POINT('',#12982);
#4047=VERTEX_POINT('',#12991);
#4048=VERTEX_POINT('',#12993);
#4049=VERTEX_POINT('',#12997);
#4050=VERTEX_POINT('',#12998);
#4051=VERTEX_POINT('',#13000);
#4052=VERTEX_POINT('',#13002);
#4053=VERTEX_POINT('',#13006);
#4054=VERTEX_POINT('',#13008);
#4055=VERTEX_POINT('',#13012);
#4056=VERTEX_POINT('',#13014);
#4057=VERTEX_POINT('',#13018);
#4058=VERTEX_POINT('',#13020);
#4059=VERTEX_POINT('',#13024);
#4060=VERTEX_POINT('',#13026);
#4061=VERTEX_POINT('',#13030);
#4062=VERTEX_POINT('',#13032);
#4063=VERTEX_POINT('',#13036);
#4064=VERTEX_POINT('',#13038);
#4065=VERTEX_POINT('',#13042);
#4066=VERTEX_POINT('',#13044);
#4067=VERTEX_POINT('',#13048);
#4068=VERTEX_POINT('',#13050);
#4069=VERTEX_POINT('',#13054);
#4070=VERTEX_POINT('',#13056);
#4071=VERTEX_POINT('',#13060);
#4072=VERTEX_POINT('',#13062);
#4073=VERTEX_POINT('',#13071);
#4074=VERTEX_POINT('',#13072);
#4075=VERTEX_POINT('',#13074);
#4076=VERTEX_POINT('',#13076);
#4077=VERTEX_POINT('',#13080);
#4078=VERTEX_POINT('',#13081);
#4079=VERTEX_POINT('',#13083);
#4080=VERTEX_POINT('',#13085);
#4081=VERTEX_POINT('',#13089);
#4082=VERTEX_POINT('',#13090);
#4083=VERTEX_POINT('',#13092);
#4084=VERTEX_POINT('',#13094);
#4085=VERTEX_POINT('',#13096);
#4086=VERTEX_POINT('',#13098);
#4087=VERTEX_POINT('',#13100);
#4088=VERTEX_POINT('',#13102);
#4089=VERTEX_POINT('',#13107);
#4090=VERTEX_POINT('',#13108);
#4091=VERTEX_POINT('',#13110);
#4092=VERTEX_POINT('',#13112);
#4093=VERTEX_POINT('',#13114);
#4094=VERTEX_POINT('',#13116);
#4095=VERTEX_POINT('',#13118);
#4096=VERTEX_POINT('',#13120);
#4097=VERTEX_POINT('',#13125);
#4098=VERTEX_POINT('',#13126);
#4099=VERTEX_POINT('',#13128);
#4100=VERTEX_POINT('',#13130);
#4101=VERTEX_POINT('',#13132);
#4102=VERTEX_POINT('',#13136);
#4103=VERTEX_POINT('',#13137);
#4104=VERTEX_POINT('',#13139);
#4105=VERTEX_POINT('',#13141);
#4106=VERTEX_POINT('',#13143);
#4107=VERTEX_POINT('',#13145);
#4108=VERTEX_POINT('',#13147);
#4109=VERTEX_POINT('',#13149);
#4110=VERTEX_POINT('',#13152);
#4111=VERTEX_POINT('',#13155);
#4112=VERTEX_POINT('',#13157);
#4113=VERTEX_POINT('',#13159);
#4114=VERTEX_POINT('',#13161);
#4115=VERTEX_POINT('',#13163);
#4116=VERTEX_POINT('',#13165);
#4117=VERTEX_POINT('',#13168);
#4118=VERTEX_POINT('',#13188);
#4119=VERTEX_POINT('',#13190);
#4120=VERTEX_POINT('',#13192);
#4121=VERTEX_POINT('',#13194);
#4122=VERTEX_POINT('',#13196);
#4123=VERTEX_POINT('',#13198);
#4124=VERTEX_POINT('',#13200);
#4125=VERTEX_POINT('',#13202);
#4126=VERTEX_POINT('',#13204);
#4127=VERTEX_POINT('',#13206);
#4128=VERTEX_POINT('',#13208);
#4129=VERTEX_POINT('',#13212);
#4130=VERTEX_POINT('',#13215);
#4131=VERTEX_POINT('',#13217);
#4132=VERTEX_POINT('',#13221);
#4133=VERTEX_POINT('',#13223);
#4134=VERTEX_POINT('',#13225);
#4135=VERTEX_POINT('',#13227);
#4136=VERTEX_POINT('',#13229);
#4137=VERTEX_POINT('',#13231);
#4138=VERTEX_POINT('',#13234);
#4139=VERTEX_POINT('',#13237);
#4140=VERTEX_POINT('',#13239);
#4141=VERTEX_POINT('',#13241);
#4142=VERTEX_POINT('',#13243);
#4143=VERTEX_POINT('',#13245);
#4144=VERTEX_POINT('',#13247);
#4145=VERTEX_POINT('',#13250);
#4146=VERTEX_POINT('',#13268);
#4147=VERTEX_POINT('',#13270);
#4148=VERTEX_POINT('',#13272);
#4149=VERTEX_POINT('',#13274);
#4150=VERTEX_POINT('',#13278);
#4151=VERTEX_POINT('',#13280);
#4152=VERTEX_POINT('',#13284);
#4153=VERTEX_POINT('',#13286);
#4154=VERTEX_POINT('',#13288);
#4155=VERTEX_POINT('',#13290);
#4156=VERTEX_POINT('',#13292);
#4157=VERTEX_POINT('',#13304);
#4158=VERTEX_POINT('',#13312);
#4159=VERTEX_POINT('',#13314);
#4160=VERTEX_POINT('',#13316);
#4161=VERTEX_POINT('',#13318);
#4162=VERTEX_POINT('',#13320);
#4163=VERTEX_POINT('',#13323);
#4164=VERTEX_POINT('',#13327);
#4165=VERTEX_POINT('',#13329);
#4166=VERTEX_POINT('',#13331);
#4167=VERTEX_POINT('',#13335);
#4168=VERTEX_POINT('',#13337);
#4169=VERTEX_POINT('',#13341);
#4170=VERTEX_POINT('',#13343);
#4171=VERTEX_POINT('',#13345);
#4172=VERTEX_POINT('',#13347);
#4173=VERTEX_POINT('',#13349);
#4174=VERTEX_POINT('',#13367);
#4175=VERTEX_POINT('',#13368);
#4176=VERTEX_POINT('',#13370);
#4177=VERTEX_POINT('',#13372);
#4178=VERTEX_POINT('',#13376);
#4179=VERTEX_POINT('',#13378);
#4180=VERTEX_POINT('',#13380);
#4181=VERTEX_POINT('',#13382);
#4182=VERTEX_POINT('',#13384);
#4183=VERTEX_POINT('',#13386);
#4184=VERTEX_POINT('',#13389);
#4185=VERTEX_POINT('',#13391);
#4186=VERTEX_POINT('',#13393);
#4187=VERTEX_POINT('',#13395);
#4188=VERTEX_POINT('',#13397);
#4189=VERTEX_POINT('',#13399);
#4190=VERTEX_POINT('',#13402);
#4191=VERTEX_POINT('',#13404);
#4192=VERTEX_POINT('',#13406);
#4193=VERTEX_POINT('',#13408);
#4194=VERTEX_POINT('',#13410);
#4195=VERTEX_POINT('',#13412);
#4196=VERTEX_POINT('',#13415);
#4197=VERTEX_POINT('',#13417);
#4198=VERTEX_POINT('',#13419);
#4199=VERTEX_POINT('',#13421);
#4200=VERTEX_POINT('',#13424);
#4201=VERTEX_POINT('',#13426);
#4202=VERTEX_POINT('',#13430);
#4203=VERTEX_POINT('',#13433);
#4204=VERTEX_POINT('',#13435);
#4205=VERTEX_POINT('',#13439);
#4206=VERTEX_POINT('',#13442);
#4207=VERTEX_POINT('',#13444);
#4208=VERTEX_POINT('',#13448);
#4209=VERTEX_POINT('',#13451);
#4210=VERTEX_POINT('',#13453);
#4211=VERTEX_POINT('',#13457);
#4212=VERTEX_POINT('',#13460);
#4213=VERTEX_POINT('',#13464);
#4214=VERTEX_POINT('',#13468);
#4215=VERTEX_POINT('',#13472);
#4216=VERTEX_POINT('',#13476);
#4217=VERTEX_POINT('',#13477);
#4218=VERTEX_POINT('',#13479);
#4219=VERTEX_POINT('',#13481);
#4220=VERTEX_POINT('',#13485);
#4221=VERTEX_POINT('',#13487);
#4222=VERTEX_POINT('',#13491);
#4223=VERTEX_POINT('',#13493);
#4224=VERTEX_POINT('',#13505);
#4225=VERTEX_POINT('',#13507);
#4226=VERTEX_POINT('',#13511);
#4227=VERTEX_POINT('',#13514);
#4228=VERTEX_POINT('',#13516);
#4229=VERTEX_POINT('',#13520);
#4230=VERTEX_POINT('',#13523);
#4231=VERTEX_POINT('',#13525);
#4232=VERTEX_POINT('',#13529);
#4233=VERTEX_POINT('',#13532);
#4234=VERTEX_POINT('',#13534);
#4235=VERTEX_POINT('',#13538);
#4236=VERTEX_POINT('',#13541);
#4237=VERTEX_POINT('',#13545);
#4238=VERTEX_POINT('',#13549);
#4239=VERTEX_POINT('',#13553);
#4240=VERTEX_POINT('',#13557);
#4241=VERTEX_POINT('',#13558);
#4242=VERTEX_POINT('',#13560);
#4243=VERTEX_POINT('',#13562);
#4244=VERTEX_POINT('',#13566);
#4245=VERTEX_POINT('',#13568);
#4246=VERTEX_POINT('',#13572);
#4247=VERTEX_POINT('',#13574);
#4248=VERTEX_POINT('',#13586);
#4249=VERTEX_POINT('',#13590);
#4250=VERTEX_POINT('',#13594);
#4251=VERTEX_POINT('',#13595);
#4252=VERTEX_POINT('',#13603);
#4253=VERTEX_POINT('',#13607);
#4254=VERTEX_POINT('',#13611);
#4255=VERTEX_POINT('',#13615);
#4256=VERTEX_POINT('',#13622);
#4257=VERTEX_POINT('',#13626);
#4258=VERTEX_POINT('',#13630);
#4259=VERTEX_POINT('',#13631);
#4260=VERTEX_POINT('',#13639);
#4261=VERTEX_POINT('',#13643);
#4262=VERTEX_POINT('',#13647);
#4263=VERTEX_POINT('',#13651);
#4264=VERTEX_POINT('',#13658);
#4265=VERTEX_POINT('',#13660);
#4266=VERTEX_POINT('',#13664);
#4267=VERTEX_POINT('',#13668);
#4268=VERTEX_POINT('',#13672);
#4269=VERTEX_POINT('',#13676);
#4270=VERTEX_POINT('',#13686);
#4271=VERTEX_POINT('',#13688);
#4272=VERTEX_POINT('',#13692);
#4273=VERTEX_POINT('',#13693);
#4274=VERTEX_POINT('',#13695);
#4275=VERTEX_POINT('',#13697);
#4276=VERTEX_POINT('',#13701);
#4277=VERTEX_POINT('',#13703);
#4278=VERTEX_POINT('',#13707);
#4279=VERTEX_POINT('',#13709);
#4280=VERTEX_POINT('',#13713);
#4281=VERTEX_POINT('',#13715);
#4282=VERTEX_POINT('',#13719);
#4283=VERTEX_POINT('',#13721);
#4284=VERTEX_POINT('',#13725);
#4285=VERTEX_POINT('',#13727);
#4286=VERTEX_POINT('',#13731);
#4287=VERTEX_POINT('',#13733);
#4288=VERTEX_POINT('',#13737);
#4289=VERTEX_POINT('',#13739);
#4290=VERTEX_POINT('',#13743);
#4291=VERTEX_POINT('',#13745);
#4292=VERTEX_POINT('',#13749);
#4293=VERTEX_POINT('',#13751);
#4294=VERTEX_POINT('',#13755);
#4295=VERTEX_POINT('',#13757);
#4296=EDGE_CURVE('',#3564,#3564,#3290,.T.);
#4297=EDGE_CURVE('',#3564,#3565,#1658,.T.);
#4298=EDGE_CURVE('',#3565,#3565,#3291,.T.);
#4299=EDGE_CURVE('',#3566,#3566,#3292,.T.);
#4300=EDGE_CURVE('',#3566,#3567,#1659,.T.);
#4301=EDGE_CURVE('',#3567,#3567,#3293,.T.);
#4302=EDGE_CURVE('',#3568,#3568,#3294,.T.);
#4303=EDGE_CURVE('',#3568,#3569,#1660,.T.);
#4304=EDGE_CURVE('',#3569,#3569,#3295,.T.);
#4305=EDGE_CURVE('',#3570,#3570,#3296,.T.);
#4306=EDGE_CURVE('',#3570,#3571,#1661,.T.);
#4307=EDGE_CURVE('',#3571,#3571,#3297,.T.);
#4308=EDGE_CURVE('',#3572,#3572,#3298,.T.);
#4309=EDGE_CURVE('',#3572,#3573,#1662,.T.);
#4310=EDGE_CURVE('',#3573,#3573,#3299,.T.);
#4311=EDGE_CURVE('',#3574,#3574,#3300,.T.);
#4312=EDGE_CURVE('',#3574,#3575,#1663,.T.);
#4313=EDGE_CURVE('',#3575,#3575,#3301,.T.);
#4314=EDGE_CURVE('',#3576,#3576,#3302,.T.);
#4315=EDGE_CURVE('',#3576,#3577,#1664,.T.);
#4316=EDGE_CURVE('',#3577,#3577,#3303,.T.);
#4317=EDGE_CURVE('',#3578,#3578,#3304,.T.);
#4318=EDGE_CURVE('',#3578,#3579,#1665,.T.);
#4319=EDGE_CURVE('',#3579,#3579,#3305,.T.);
#4320=EDGE_CURVE('',#3580,#3580,#3306,.T.);
#4321=EDGE_CURVE('',#3580,#3581,#1666,.T.);
#4322=EDGE_CURVE('',#3581,#3581,#3307,.T.);
#4323=EDGE_CURVE('',#3582,#3583,#1667,.T.);
#4324=EDGE_CURVE('',#3583,#3584,#1668,.T.);
#4325=EDGE_CURVE('',#3585,#3584,#1669,.T.);
#4326=EDGE_CURVE('',#3582,#3585,#1670,.T.);
#4327=EDGE_CURVE('',#3586,#3582,#1671,.T.);
#4328=EDGE_CURVE('',#3587,#3585,#1672,.T.);
#4329=EDGE_CURVE('',#3586,#3587,#1673,.T.);
#4330=EDGE_CURVE('',#3588,#3586,#1674,.T.);
#4331=EDGE_CURVE('',#3589,#3587,#1675,.T.);
#4332=EDGE_CURVE('',#3588,#3589,#1676,.T.);
#4333=EDGE_CURVE('',#3583,#3588,#1677,.T.);
#4334=EDGE_CURVE('',#3584,#3589,#1678,.T.);
#4335=EDGE_CURVE('',#3590,#3590,#3308,.T.);
#4336=EDGE_CURVE('',#3590,#3591,#3309,.T.);
#4337=EDGE_CURVE('',#3591,#3592,#3310,.T.);
#4338=EDGE_CURVE('',#3592,#3591,#3311,.T.);
#4339=EDGE_CURVE('',#3593,#3593,#3312,.T.);
#4340=EDGE_CURVE('',#3593,#3592,#1679,.T.);
#4341=EDGE_CURVE('',#3594,#3594,#3313,.T.);
#4342=EDGE_CURVE('',#3594,#3595,#3314,.T.);
#4343=EDGE_CURVE('',#3595,#3595,#3315,.T.);
#4344=EDGE_CURVE('',#3596,#3596,#3316,.T.);
#4345=EDGE_CURVE('',#3595,#3596,#3317,.T.);
#4346=EDGE_CURVE('',#3597,#3598,#1680,.T.);
#4347=EDGE_CURVE('',#3598,#3599,#1681,.T.);
#4348=EDGE_CURVE('',#3599,#3600,#1682,.T.);
#4349=EDGE_CURVE('',#3600,#3597,#1683,.T.);
#4350=EDGE_CURVE('',#3601,#3602,#1684,.T.);
#4351=EDGE_CURVE('',#3602,#3598,#1685,.T.);
#4352=EDGE_CURVE('',#3601,#3597,#1686,.T.);
#4353=EDGE_CURVE('',#3603,#3601,#1687,.T.);
#4354=EDGE_CURVE('',#3603,#3600,#1688,.T.);
#4355=EDGE_CURVE('',#3604,#3603,#1689,.T.);
#4356=EDGE_CURVE('',#3604,#3599,#1690,.T.);
#4357=EDGE_CURVE('',#3602,#3604,#1691,.T.);
#4358=EDGE_CURVE('',#3605,#3606,#1692,.T.);
#4359=EDGE_CURVE('',#3605,#3607,#1693,.T.);
#4360=EDGE_CURVE('',#3608,#3607,#1694,.T.);
#4361=EDGE_CURVE('',#3606,#3608,#1695,.T.);
#4362=EDGE_CURVE('',#3609,#3606,#1696,.T.);
#4363=EDGE_CURVE('',#3610,#3608,#1697,.T.);
#4364=EDGE_CURVE('',#3609,#3610,#1698,.T.);
#4365=EDGE_CURVE('',#3611,#3609,#1699,.T.);
#4366=EDGE_CURVE('',#3612,#3610,#1700,.T.);
#4367=EDGE_CURVE('',#3611,#3612,#1701,.T.);
#4368=EDGE_CURVE('',#3605,#3611,#1702,.T.);
#4369=EDGE_CURVE('',#3607,#3612,#1703,.T.);
#4370=EDGE_CURVE('',#3613,#3614,#1704,.T.);
#4371=EDGE_CURVE('',#3613,#3615,#1705,.T.);
#4372=EDGE_CURVE('',#3616,#3615,#1706,.T.);
#4373=EDGE_CURVE('',#3614,#3616,#1707,.T.);
#4374=EDGE_CURVE('',#3614,#3617,#1708,.T.);
#4375=EDGE_CURVE('',#3618,#3616,#1709,.T.);
#4376=EDGE_CURVE('',#3617,#3618,#1710,.T.);
#4377=EDGE_CURVE('',#3617,#3619,#1711,.T.);
#4378=EDGE_CURVE('',#3620,#3618,#1712,.T.);
#4379=EDGE_CURVE('',#3619,#3620,#1713,.T.);
#4380=EDGE_CURVE('',#3619,#3613,#1714,.T.);
#4381=EDGE_CURVE('',#3615,#3620,#1715,.T.);
#4382=EDGE_CURVE('',#3621,#3621,#3318,.T.);
#4383=EDGE_CURVE('',#3621,#3622,#1716,.T.);
#4384=EDGE_CURVE('',#3622,#3622,#3319,.T.);
#4385=EDGE_CURVE('',#3623,#3623,#3320,.T.);
#4386=EDGE_CURVE('',#3623,#3624,#1717,.T.);
#4387=EDGE_CURVE('',#3624,#3624,#3321,.T.);
#4388=EDGE_CURVE('',#3625,#3626,#1718,.T.);
#4389=EDGE_CURVE('',#3625,#3627,#1719,.T.);
#4390=EDGE_CURVE('',#3628,#3627,#1720,.T.);
#4391=EDGE_CURVE('',#3626,#3628,#1721,.T.);
#4392=EDGE_CURVE('',#3626,#3629,#1722,.T.);
#4393=EDGE_CURVE('',#3630,#3628,#1723,.T.);
#4394=EDGE_CURVE('',#3629,#3630,#1724,.T.);
#4395=EDGE_CURVE('',#3629,#3631,#1725,.T.);
#4396=EDGE_CURVE('',#3632,#3630,#1726,.T.);
#4397=EDGE_CURVE('',#3631,#3632,#1727,.T.);
#4398=EDGE_CURVE('',#3631,#3625,#1728,.T.);
#4399=EDGE_CURVE('',#3627,#3632,#1729,.T.);
#4400=EDGE_CURVE('',#3633,#3634,#1730,.T.);
#4401=EDGE_CURVE('',#3633,#3635,#1731,.T.);
#4402=EDGE_CURVE('',#3636,#3635,#1732,.T.);
#4403=EDGE_CURVE('',#3634,#3636,#1733,.T.);
#4404=EDGE_CURVE('',#3637,#3634,#1734,.T.);
#4405=EDGE_CURVE('',#3638,#3636,#1735,.T.);
#4406=EDGE_CURVE('',#3637,#3638,#1736,.T.);
#4407=EDGE_CURVE('',#3639,#3637,#1737,.T.);
#4408=EDGE_CURVE('',#3640,#3638,#1738,.T.);
#4409=EDGE_CURVE('',#3639,#3640,#1739,.T.);
#4410=EDGE_CURVE('',#3633,#3639,#1740,.T.);
#4411=EDGE_CURVE('',#3635,#3640,#1741,.T.);
#4412=EDGE_CURVE('',#3641,#3641,#3322,.T.);
#4413=EDGE_CURVE('',#3641,#3642,#1742,.T.);
#4414=EDGE_CURVE('',#3642,#3642,#3323,.T.);
#4415=EDGE_CURVE('',#3643,#3644,#1743,.T.);
#4416=EDGE_CURVE('',#3644,#3645,#1744,.T.);
#4417=EDGE_CURVE('',#3646,#3645,#1745,.T.);
#4418=EDGE_CURVE('',#3643,#3646,#1746,.T.);
#4419=EDGE_CURVE('',#3647,#3643,#3324,.T.);
#4420=EDGE_CURVE('',#3648,#3646,#3325,.T.);
#4421=EDGE_CURVE('',#3647,#3648,#1747,.T.);
#4422=EDGE_CURVE('',#3649,#3647,#1748,.T.);
#4423=EDGE_CURVE('',#3650,#3648,#1749,.T.);
#4424=EDGE_CURVE('',#3649,#3650,#1750,.T.);
#4425=EDGE_CURVE('',#3644,#3649,#3326,.T.);
#4426=EDGE_CURVE('',#3645,#3650,#3327,.T.);
#4427=EDGE_CURVE('',#3651,#3651,#3328,.T.);
#4428=EDGE_CURVE('',#3651,#3652,#1751,.T.);
#4429=EDGE_CURVE('',#3652,#3652,#3329,.T.);
#4430=EDGE_CURVE('',#3653,#3654,#1752,.T.);
#4431=EDGE_CURVE('',#3654,#3655,#1753,.T.);
#4432=EDGE_CURVE('',#3656,#3655,#1754,.T.);
#4433=EDGE_CURVE('',#3653,#3656,#1755,.T.);
#4434=EDGE_CURVE('',#3657,#3653,#3330,.T.);
#4435=EDGE_CURVE('',#3658,#3656,#3331,.T.);
#4436=EDGE_CURVE('',#3657,#3658,#1756,.T.);
#4437=EDGE_CURVE('',#3659,#3657,#1757,.T.);
#4438=EDGE_CURVE('',#3660,#3658,#1758,.T.);
#4439=EDGE_CURVE('',#3659,#3660,#1759,.T.);
#4440=EDGE_CURVE('',#3654,#3659,#3332,.T.);
#4441=EDGE_CURVE('',#3655,#3660,#3333,.T.);
#4442=EDGE_CURVE('',#3661,#3661,#3334,.T.);
#4443=EDGE_CURVE('',#3661,#3662,#1760,.T.);
#4444=EDGE_CURVE('',#3662,#3662,#3335,.T.);
#4445=EDGE_CURVE('',#3663,#3664,#1761,.T.);
#4446=EDGE_CURVE('',#3664,#3665,#1762,.T.);
#4447=EDGE_CURVE('',#3666,#3665,#1763,.T.);
#4448=EDGE_CURVE('',#3663,#3666,#1764,.T.);
#4449=EDGE_CURVE('',#3667,#3663,#3336,.T.);
#4450=EDGE_CURVE('',#3668,#3666,#3337,.T.);
#4451=EDGE_CURVE('',#3667,#3668,#1765,.T.);
#4452=EDGE_CURVE('',#3669,#3667,#1766,.T.);
#4453=EDGE_CURVE('',#3670,#3668,#1767,.T.);
#4454=EDGE_CURVE('',#3669,#3670,#1768,.T.);
#4455=EDGE_CURVE('',#3664,#3669,#3338,.T.);
#4456=EDGE_CURVE('',#3665,#3670,#3339,.T.);
#4457=EDGE_CURVE('',#3671,#3671,#3340,.T.);
#4458=EDGE_CURVE('',#3671,#3672,#1769,.T.);
#4459=EDGE_CURVE('',#3672,#3672,#3341,.T.);
#4460=EDGE_CURVE('',#3673,#3674,#1770,.T.);
#4461=EDGE_CURVE('',#3674,#3675,#1771,.T.);
#4462=EDGE_CURVE('',#3676,#3675,#1772,.T.);
#4463=EDGE_CURVE('',#3673,#3676,#1773,.T.);
#4464=EDGE_CURVE('',#3677,#3673,#3342,.T.);
#4465=EDGE_CURVE('',#3678,#3676,#3343,.T.);
#4466=EDGE_CURVE('',#3677,#3678,#1774,.T.);
#4467=EDGE_CURVE('',#3679,#3677,#1775,.T.);
#4468=EDGE_CURVE('',#3680,#3678,#1776,.T.);
#4469=EDGE_CURVE('',#3679,#3680,#1777,.T.);
#4470=EDGE_CURVE('',#3674,#3679,#3344,.T.);
#4471=EDGE_CURVE('',#3675,#3680,#3345,.T.);
#4472=EDGE_CURVE('',#3681,#3681,#3346,.T.);
#4473=EDGE_CURVE('',#3681,#3682,#1778,.T.);
#4474=EDGE_CURVE('',#3682,#3682,#3347,.T.);
#4475=EDGE_CURVE('',#3683,#3684,#1779,.T.);
#4476=EDGE_CURVE('',#3684,#3685,#1780,.T.);
#4477=EDGE_CURVE('',#3686,#3685,#1781,.T.);
#4478=EDGE_CURVE('',#3683,#3686,#1782,.T.);
#4479=EDGE_CURVE('',#3687,#3683,#3348,.T.);
#4480=EDGE_CURVE('',#3688,#3686,#3349,.T.);
#4481=EDGE_CURVE('',#3687,#3688,#1783,.T.);
#4482=EDGE_CURVE('',#3689,#3687,#1784,.T.);
#4483=EDGE_CURVE('',#3690,#3688,#1785,.T.);
#4484=EDGE_CURVE('',#3689,#3690,#1786,.T.);
#4485=EDGE_CURVE('',#3684,#3689,#3350,.T.);
#4486=EDGE_CURVE('',#3685,#3690,#3351,.T.);
#4487=EDGE_CURVE('',#3691,#3692,#3352,.T.);
#4488=EDGE_CURVE('',#3693,#3691,#1787,.T.);
#4489=EDGE_CURVE('',#3694,#3693,#3353,.T.);
#4490=EDGE_CURVE('',#3692,#3694,#1788,.T.);
#4491=EDGE_CURVE('',#3695,#3695,#3354,.T.);
#4492=EDGE_CURVE('',#3691,#3696,#1789,.T.);
#4493=EDGE_CURVE('',#3697,#3696,#1790,.T.);
#4494=EDGE_CURVE('',#3693,#3697,#1791,.T.);
#4495=EDGE_CURVE('',#3692,#3698,#1792,.T.);
#4496=EDGE_CURVE('',#3696,#3698,#3355,.T.);
#4497=EDGE_CURVE('',#3695,#3699,#1793,.T.);
#4498=EDGE_CURVE('',#3699,#3699,#3356,.T.);
#4499=EDGE_CURVE('',#3700,#3697,#3357,.T.);
#4500=EDGE_CURVE('',#3694,#3700,#1794,.T.);
#4501=EDGE_CURVE('',#3698,#3700,#1795,.T.);
#4502=EDGE_CURVE('',#3701,#3702,#3358,.T.);
#4503=EDGE_CURVE('',#3703,#3701,#1796,.T.);
#4504=EDGE_CURVE('',#3704,#3703,#3359,.T.);
#4505=EDGE_CURVE('',#3702,#3704,#1797,.T.);
#4506=EDGE_CURVE('',#3705,#3705,#3360,.T.);
#4507=EDGE_CURVE('',#3701,#3706,#1798,.T.);
#4508=EDGE_CURVE('',#3707,#3706,#1799,.T.);
#4509=EDGE_CURVE('',#3703,#3707,#1800,.T.);
#4510=EDGE_CURVE('',#3702,#3708,#1801,.T.);
#4511=EDGE_CURVE('',#3706,#3708,#3361,.T.);
#4512=EDGE_CURVE('',#3705,#3709,#1802,.T.);
#4513=EDGE_CURVE('',#3709,#3709,#3362,.T.);
#4514=EDGE_CURVE('',#3710,#3707,#3363,.T.);
#4515=EDGE_CURVE('',#3704,#3710,#1803,.T.);
#4516=EDGE_CURVE('',#3708,#3710,#1804,.T.);
#4517=EDGE_CURVE('',#3711,#3712,#3364,.T.);
#4518=EDGE_CURVE('',#3713,#3711,#1805,.T.);
#4519=EDGE_CURVE('',#3714,#3713,#3365,.T.);
#4520=EDGE_CURVE('',#3712,#3714,#1806,.T.);
#4521=EDGE_CURVE('',#3715,#3715,#3366,.T.);
#4522=EDGE_CURVE('',#3711,#3716,#1807,.T.);
#4523=EDGE_CURVE('',#3717,#3716,#1808,.T.);
#4524=EDGE_CURVE('',#3713,#3717,#1809,.T.);
#4525=EDGE_CURVE('',#3712,#3718,#1810,.T.);
#4526=EDGE_CURVE('',#3716,#3718,#3367,.T.);
#4527=EDGE_CURVE('',#3715,#3719,#1811,.T.);
#4528=EDGE_CURVE('',#3719,#3719,#3368,.T.);
#4529=EDGE_CURVE('',#3720,#3717,#3369,.T.);
#4530=EDGE_CURVE('',#3714,#3720,#1812,.T.);
#4531=EDGE_CURVE('',#3718,#3720,#1813,.T.);
#4532=EDGE_CURVE('',#3721,#3722,#3370,.T.);
#4533=EDGE_CURVE('',#3723,#3721,#1814,.T.);
#4534=EDGE_CURVE('',#3724,#3723,#3371,.T.);
#4535=EDGE_CURVE('',#3722,#3724,#1815,.T.);
#4536=EDGE_CURVE('',#3725,#3725,#3372,.T.);
#4537=EDGE_CURVE('',#3721,#3726,#1816,.T.);
#4538=EDGE_CURVE('',#3727,#3726,#1817,.T.);
#4539=EDGE_CURVE('',#3723,#3727,#1818,.T.);
#4540=EDGE_CURVE('',#3722,#3728,#1819,.T.);
#4541=EDGE_CURVE('',#3726,#3728,#3373,.T.);
#4542=EDGE_CURVE('',#3725,#3729,#1820,.T.);
#4543=EDGE_CURVE('',#3729,#3729,#3374,.T.);
#4544=EDGE_CURVE('',#3730,#3727,#3375,.T.);
#4545=EDGE_CURVE('',#3724,#3730,#1821,.T.);
#4546=EDGE_CURVE('',#3728,#3730,#1822,.T.);
#4547=EDGE_CURVE('',#3731,#3732,#3376,.T.);
#4548=EDGE_CURVE('',#3733,#3731,#1823,.T.);
#4549=EDGE_CURVE('',#3734,#3733,#3377,.T.);
#4550=EDGE_CURVE('',#3732,#3734,#1824,.T.);
#4551=EDGE_CURVE('',#3735,#3735,#3378,.T.);
#4552=EDGE_CURVE('',#3731,#3736,#1825,.T.);
#4553=EDGE_CURVE('',#3737,#3736,#1826,.T.);
#4554=EDGE_CURVE('',#3733,#3737,#1827,.T.);
#4555=EDGE_CURVE('',#3732,#3738,#1828,.T.);
#4556=EDGE_CURVE('',#3736,#3738,#3379,.T.);
#4557=EDGE_CURVE('',#3735,#3739,#1829,.T.);
#4558=EDGE_CURVE('',#3739,#3739,#3380,.T.);
#4559=EDGE_CURVE('',#3740,#3737,#3381,.T.);
#4560=EDGE_CURVE('',#3734,#3740,#1830,.T.);
#4561=EDGE_CURVE('',#3738,#3740,#1831,.T.);
#4562=EDGE_CURVE('',#3741,#3742,#1832,.T.);
#4563=EDGE_CURVE('',#3742,#3743,#1833,.T.);
#4564=EDGE_CURVE('',#3743,#3744,#1834,.T.);
#4565=EDGE_CURVE('',#3744,#3741,#1835,.T.);
#4566=EDGE_CURVE('',#3745,#3741,#1836,.T.);
#4567=EDGE_CURVE('',#3744,#3746,#1837,.T.);
#4568=EDGE_CURVE('',#3746,#3745,#1838,.T.);
#4569=EDGE_CURVE('',#3746,#3747,#1839,.T.);
#4570=EDGE_CURVE('',#3747,#3748,#1840,.T.);
#4571=EDGE_CURVE('',#3748,#3745,#1841,.T.);
#4572=EDGE_CURVE('',#3749,#3741,#1842,.T.);
#4573=EDGE_CURVE('',#3749,#3750,#1843,.T.);
#4574=EDGE_CURVE('',#3750,#3751,#1844,.T.);
#4575=EDGE_CURVE('',#3751,#3752,#1845,.T.);
#4576=EDGE_CURVE('',#3752,#3742,#1846,.T.);
#4577=EDGE_CURVE('',#3753,#3745,#1847,.T.);
#4578=EDGE_CURVE('',#3753,#3749,#1848,.T.);
#4579=EDGE_CURVE('',#3748,#3754,#1849,.T.);
#4580=EDGE_CURVE('',#3755,#3754,#1850,.T.);
#4581=EDGE_CURVE('',#3756,#3755,#1851,.T.);
#4582=EDGE_CURVE('',#3753,#3756,#1852,.T.);
#4583=EDGE_CURVE('',#3742,#3748,#1853,.T.);
#4584=EDGE_CURVE('',#3747,#3743,#1854,.T.);
#4585=EDGE_CURVE('',#3754,#3752,#1855,.T.);
#4586=EDGE_CURVE('',#3755,#3751,#1856,.T.);
#4587=EDGE_CURVE('',#3756,#3750,#1857,.T.);
#4588=EDGE_CURVE('',#3757,#3758,#1858,.T.);
#4589=EDGE_CURVE('',#3758,#3759,#1859,.T.);
#4590=EDGE_CURVE('',#3759,#3760,#1860,.T.);
#4591=EDGE_CURVE('',#3760,#3757,#1861,.T.);
#4592=EDGE_CURVE('',#3761,#3757,#1862,.T.);
#4593=EDGE_CURVE('',#3760,#3762,#1863,.T.);
#4594=EDGE_CURVE('',#3762,#3761,#1864,.T.);
#4595=EDGE_CURVE('',#3762,#3763,#1865,.T.);
#4596=EDGE_CURVE('',#3763,#3764,#1866,.T.);
#4597=EDGE_CURVE('',#3764,#3761,#1867,.T.);
#4598=EDGE_CURVE('',#3765,#3757,#1868,.T.);
#4599=EDGE_CURVE('',#3765,#3766,#1869,.T.);
#4600=EDGE_CURVE('',#3766,#3767,#1870,.T.);
#4601=EDGE_CURVE('',#3767,#3768,#1871,.T.);
#4602=EDGE_CURVE('',#3768,#3758,#1872,.T.);
#4603=EDGE_CURVE('',#3769,#3761,#1873,.T.);
#4604=EDGE_CURVE('',#3769,#3765,#1874,.T.);
#4605=EDGE_CURVE('',#3764,#3770,#1875,.T.);
#4606=EDGE_CURVE('',#3771,#3770,#1876,.T.);
#4607=EDGE_CURVE('',#3772,#3771,#1877,.T.);
#4608=EDGE_CURVE('',#3769,#3772,#1878,.T.);
#4609=EDGE_CURVE('',#3758,#3764,#1879,.T.);
#4610=EDGE_CURVE('',#3763,#3759,#1880,.T.);
#4611=EDGE_CURVE('',#3770,#3768,#1881,.T.);
#4612=EDGE_CURVE('',#3771,#3767,#1882,.T.);
#4613=EDGE_CURVE('',#3772,#3766,#1883,.T.);
#4614=EDGE_CURVE('',#3773,#3774,#1884,.T.);
#4615=EDGE_CURVE('',#3774,#3775,#1885,.T.);
#4616=EDGE_CURVE('',#3775,#3776,#1886,.T.);
#4617=EDGE_CURVE('',#3776,#3773,#1887,.T.);
#4618=EDGE_CURVE('',#3777,#3773,#1888,.T.);
#4619=EDGE_CURVE('',#3776,#3778,#1889,.T.);
#4620=EDGE_CURVE('',#3778,#3777,#1890,.T.);
#4621=EDGE_CURVE('',#3778,#3779,#1891,.T.);
#4622=EDGE_CURVE('',#3779,#3780,#1892,.T.);
#4623=EDGE_CURVE('',#3780,#3777,#1893,.T.);
#4624=EDGE_CURVE('',#3781,#3773,#1894,.T.);
#4625=EDGE_CURVE('',#3781,#3782,#1895,.T.);
#4626=EDGE_CURVE('',#3782,#3783,#1896,.T.);
#4627=EDGE_CURVE('',#3783,#3784,#1897,.T.);
#4628=EDGE_CURVE('',#3784,#3774,#1898,.T.);
#4629=EDGE_CURVE('',#3785,#3777,#1899,.T.);
#4630=EDGE_CURVE('',#3785,#3781,#1900,.T.);
#4631=EDGE_CURVE('',#3780,#3786,#1901,.T.);
#4632=EDGE_CURVE('',#3787,#3786,#1902,.T.);
#4633=EDGE_CURVE('',#3788,#3787,#1903,.T.);
#4634=EDGE_CURVE('',#3785,#3788,#1904,.T.);
#4635=EDGE_CURVE('',#3774,#3780,#1905,.T.);
#4636=EDGE_CURVE('',#3779,#3775,#1906,.T.);
#4637=EDGE_CURVE('',#3786,#3784,#1907,.T.);
#4638=EDGE_CURVE('',#3787,#3783,#1908,.T.);
#4639=EDGE_CURVE('',#3788,#3782,#1909,.T.);
#4640=EDGE_CURVE('',#3789,#3790,#1910,.T.);
#4641=EDGE_CURVE('',#3790,#3791,#1911,.T.);
#4642=EDGE_CURVE('',#3791,#3792,#1912,.T.);
#4643=EDGE_CURVE('',#3792,#3789,#1913,.T.);
#4644=EDGE_CURVE('',#3793,#3789,#1914,.T.);
#4645=EDGE_CURVE('',#3792,#3794,#1915,.T.);
#4646=EDGE_CURVE('',#3794,#3793,#1916,.T.);
#4647=EDGE_CURVE('',#3794,#3795,#1917,.T.);
#4648=EDGE_CURVE('',#3795,#3796,#1918,.T.);
#4649=EDGE_CURVE('',#3796,#3793,#1919,.T.);
#4650=EDGE_CURVE('',#3797,#3789,#1920,.T.);
#4651=EDGE_CURVE('',#3797,#3798,#1921,.T.);
#4652=EDGE_CURVE('',#3798,#3799,#1922,.T.);
#4653=EDGE_CURVE('',#3799,#3800,#1923,.T.);
#4654=EDGE_CURVE('',#3800,#3790,#1924,.T.);
#4655=EDGE_CURVE('',#3801,#3793,#1925,.T.);
#4656=EDGE_CURVE('',#3801,#3797,#1926,.T.);
#4657=EDGE_CURVE('',#3796,#3802,#1927,.T.);
#4658=EDGE_CURVE('',#3803,#3802,#1928,.T.);
#4659=EDGE_CURVE('',#3804,#3803,#1929,.T.);
#4660=EDGE_CURVE('',#3801,#3804,#1930,.T.);
#4661=EDGE_CURVE('',#3790,#3796,#1931,.T.);
#4662=EDGE_CURVE('',#3795,#3791,#1932,.T.);
#4663=EDGE_CURVE('',#3802,#3800,#1933,.T.);
#4664=EDGE_CURVE('',#3803,#3799,#1934,.T.);
#4665=EDGE_CURVE('',#3804,#3798,#1935,.T.);
#4666=EDGE_CURVE('',#3805,#3806,#1936,.T.);
#4667=EDGE_CURVE('',#3806,#3807,#1937,.T.);
#4668=EDGE_CURVE('',#3807,#3808,#1938,.T.);
#4669=EDGE_CURVE('',#3808,#3805,#1939,.T.);
#4670=EDGE_CURVE('',#3809,#3805,#1940,.T.);
#4671=EDGE_CURVE('',#3808,#3810,#1941,.T.);
#4672=EDGE_CURVE('',#3810,#3809,#1942,.T.);
#4673=EDGE_CURVE('',#3810,#3811,#1943,.T.);
#4674=EDGE_CURVE('',#3811,#3812,#1944,.T.);
#4675=EDGE_CURVE('',#3812,#3809,#1945,.T.);
#4676=EDGE_CURVE('',#3813,#3805,#1946,.T.);
#4677=EDGE_CURVE('',#3813,#3814,#1947,.T.);
#4678=EDGE_CURVE('',#3814,#3815,#1948,.T.);
#4679=EDGE_CURVE('',#3815,#3816,#1949,.T.);
#4680=EDGE_CURVE('',#3816,#3806,#1950,.T.);
#4681=EDGE_CURVE('',#3817,#3809,#1951,.T.);
#4682=EDGE_CURVE('',#3817,#3813,#1952,.T.);
#4683=EDGE_CURVE('',#3812,#3818,#1953,.T.);
#4684=EDGE_CURVE('',#3819,#3818,#1954,.T.);
#4685=EDGE_CURVE('',#3820,#3819,#1955,.T.);
#4686=EDGE_CURVE('',#3817,#3820,#1956,.T.);
#4687=EDGE_CURVE('',#3806,#3812,#1957,.T.);
#4688=EDGE_CURVE('',#3811,#3807,#1958,.T.);
#4689=EDGE_CURVE('',#3818,#3816,#1959,.T.);
#4690=EDGE_CURVE('',#3819,#3815,#1960,.T.);
#4691=EDGE_CURVE('',#3820,#3814,#1961,.T.);
#4692=EDGE_CURVE('',#3821,#3821,#3382,.T.);
#4693=EDGE_CURVE('',#3821,#3822,#1962,.T.);
#4694=EDGE_CURVE('',#3822,#3822,#3383,.T.);
#4695=EDGE_CURVE('',#3823,#3823,#3384,.T.);
#4696=EDGE_CURVE('',#3823,#3824,#1963,.T.);
#4697=EDGE_CURVE('',#3824,#3824,#3385,.T.);
#4698=EDGE_CURVE('',#3825,#3825,#3386,.T.);
#4699=EDGE_CURVE('',#3825,#3826,#1964,.T.);
#4700=EDGE_CURVE('',#3826,#3826,#3387,.T.);
#4701=EDGE_CURVE('',#3827,#3827,#3388,.T.);
#4702=EDGE_CURVE('',#3827,#3828,#1965,.T.);
#4703=EDGE_CURVE('',#3828,#3828,#3389,.T.);
#4704=EDGE_CURVE('',#3829,#3829,#3390,.T.);
#4705=EDGE_CURVE('',#3829,#3830,#1966,.T.);
#4706=EDGE_CURVE('',#3830,#3830,#3391,.T.);
#4707=EDGE_CURVE('',#3831,#3832,#1967,.T.);
#4708=EDGE_CURVE('',#3831,#3833,#1968,.T.);
#4709=EDGE_CURVE('',#3834,#3833,#1969,.T.);
#4710=EDGE_CURVE('',#3832,#3834,#1970,.T.);
#4711=EDGE_CURVE('',#3832,#3835,#1971,.T.);
#4712=EDGE_CURVE('',#3836,#3834,#1972,.T.);
#4713=EDGE_CURVE('',#3835,#3836,#1973,.T.);
#4714=EDGE_CURVE('',#3835,#3837,#1974,.T.);
#4715=EDGE_CURVE('',#3838,#3836,#1975,.T.);
#4716=EDGE_CURVE('',#3837,#3838,#1976,.T.);
#4717=EDGE_CURVE('',#3837,#3831,#1977,.T.);
#4718=EDGE_CURVE('',#3833,#3838,#1978,.T.);
#4719=EDGE_CURVE('',#3839,#3839,#3392,.T.);
#4720=EDGE_CURVE('',#3839,#3840,#1979,.T.);
#4721=EDGE_CURVE('',#3840,#3840,#3393,.T.);
#4722=EDGE_CURVE('',#3841,#3841,#3394,.T.);
#4723=EDGE_CURVE('',#3841,#3842,#1980,.T.);
#4724=EDGE_CURVE('',#3842,#3842,#3395,.T.);
#4725=EDGE_CURVE('',#3843,#3844,#1981,.T.);
#4726=EDGE_CURVE('',#3843,#3845,#1982,.T.);
#4727=EDGE_CURVE('',#3845,#3846,#1983,.T.);
#4728=EDGE_CURVE('',#3844,#3846,#1984,.T.);
#4729=EDGE_CURVE('',#3847,#3843,#1985,.T.);
#4730=EDGE_CURVE('',#3847,#3848,#1986,.T.);
#4731=EDGE_CURVE('',#3848,#3845,#1987,.T.);
#4732=EDGE_CURVE('',#3849,#3847,#1988,.T.);
#4733=EDGE_CURVE('',#3849,#3850,#1989,.T.);
#4734=EDGE_CURVE('',#3850,#3848,#1990,.T.);
#4735=EDGE_CURVE('',#3851,#3849,#19,.T.);
#4736=EDGE_CURVE('',#3851,#3852,#1991,.T.);
#4737=EDGE_CURVE('',#3852,#3850,#20,.T.);
#4738=EDGE_CURVE('',#3853,#3851,#21,.T.);
#4739=EDGE_CURVE('',#3853,#3854,#1992,.T.);
#4740=EDGE_CURVE('',#3854,#3852,#22,.T.);
#4741=EDGE_CURVE('',#3855,#3853,#1993,.T.);
#4742=EDGE_CURVE('',#3855,#3856,#1994,.T.);
#4743=EDGE_CURVE('',#3856,#3854,#1995,.T.);
#4744=EDGE_CURVE('',#3844,#3855,#23,.T.);
#4745=EDGE_CURVE('',#3846,#3856,#24,.T.);
#4746=EDGE_CURVE('',#3857,#3858,#1996,.T.);
#4747=EDGE_CURVE('',#3857,#3859,#1997,.T.);
#4748=EDGE_CURVE('',#3859,#3860,#1998,.T.);
#4749=EDGE_CURVE('',#3858,#3860,#1999,.T.);
#4750=EDGE_CURVE('',#3861,#3857,#2000,.T.);
#4751=EDGE_CURVE('',#3861,#3862,#2001,.T.);
#4752=EDGE_CURVE('',#3862,#3859,#2002,.T.);
#4753=EDGE_CURVE('',#3863,#3861,#25,.T.);
#4754=EDGE_CURVE('',#3863,#3864,#2003,.T.);
#4755=EDGE_CURVE('',#3864,#3862,#26,.T.);
#4756=EDGE_CURVE('',#3865,#3863,#27,.T.);
#4757=EDGE_CURVE('',#3865,#3866,#2004,.T.);
#4758=EDGE_CURVE('',#3866,#3864,#28,.T.);
#4759=EDGE_CURVE('',#3867,#3865,#2005,.T.);
#4760=EDGE_CURVE('',#3867,#3868,#2006,.T.);
#4761=EDGE_CURVE('',#3868,#3866,#2007,.T.);
#4762=EDGE_CURVE('',#3869,#3867,#2008,.T.);
#4763=EDGE_CURVE('',#3869,#3870,#2009,.T.);
#4764=EDGE_CURVE('',#3870,#3868,#2010,.T.);
#4765=EDGE_CURVE('',#3871,#3869,#2011,.T.);
#4766=EDGE_CURVE('',#3871,#3872,#2012,.T.);
#4767=EDGE_CURVE('',#3872,#3870,#2013,.T.);
#4768=EDGE_CURVE('',#3873,#3871,#29,.T.);
#4769=EDGE_CURVE('',#3873,#3874,#2014,.T.);
#4770=EDGE_CURVE('',#3874,#3872,#30,.T.);
#4771=EDGE_CURVE('',#3875,#3873,#31,.T.);
#4772=EDGE_CURVE('',#3875,#3876,#2015,.T.);
#4773=EDGE_CURVE('',#3876,#3874,#32,.T.);
#4774=EDGE_CURVE('',#3877,#3875,#2016,.T.);
#4775=EDGE_CURVE('',#3877,#3878,#2017,.T.);
#4776=EDGE_CURVE('',#3878,#3876,#2018,.T.);
#4777=EDGE_CURVE('',#3879,#3877,#33,.T.);
#4778=EDGE_CURVE('',#3879,#3880,#2019,.T.);
#4779=EDGE_CURVE('',#3880,#3878,#34,.T.);
#4780=EDGE_CURVE('',#3881,#3879,#35,.T.);
#4781=EDGE_CURVE('',#3881,#3882,#2020,.T.);
#4782=EDGE_CURVE('',#3882,#3880,#36,.T.);
#4783=EDGE_CURVE('',#3883,#3881,#2021,.T.);
#4784=EDGE_CURVE('',#3883,#3884,#2022,.T.);
#4785=EDGE_CURVE('',#3884,#3882,#2023,.T.);
#4786=EDGE_CURVE('',#3885,#3883,#2024,.T.);
#4787=EDGE_CURVE('',#3885,#3886,#2025,.T.);
#4788=EDGE_CURVE('',#3886,#3884,#2026,.T.);
#4789=EDGE_CURVE('',#3858,#3885,#2027,.T.);
#4790=EDGE_CURVE('',#3860,#3886,#2028,.T.);
#4791=EDGE_CURVE('',#3887,#3888,#2029,.T.);
#4792=EDGE_CURVE('',#3887,#3889,#2030,.T.);
#4793=EDGE_CURVE('',#3889,#3890,#2031,.T.);
#4794=EDGE_CURVE('',#3888,#3890,#2032,.T.);
#4795=EDGE_CURVE('',#3891,#3887,#2033,.T.);
#4796=EDGE_CURVE('',#3891,#3892,#2034,.T.);
#4797=EDGE_CURVE('',#3892,#3889,#2035,.T.);
#4798=EDGE_CURVE('',#3893,#3891,#2036,.T.);
#4799=EDGE_CURVE('',#3893,#3894,#2037,.T.);
#4800=EDGE_CURVE('',#3894,#3892,#2038,.T.);
#4801=EDGE_CURVE('',#3895,#3893,#2039,.T.);
#4802=EDGE_CURVE('',#3895,#3896,#2040,.T.);
#4803=EDGE_CURVE('',#3896,#3894,#2041,.T.);
#4804=EDGE_CURVE('',#3897,#3895,#2042,.T.);
#4805=EDGE_CURVE('',#3897,#3898,#2043,.T.);
#4806=EDGE_CURVE('',#3898,#3896,#2044,.T.);
#4807=EDGE_CURVE('',#3899,#3897,#2045,.T.);
#4808=EDGE_CURVE('',#3899,#3900,#2046,.T.);
#4809=EDGE_CURVE('',#3900,#3898,#2047,.T.);
#4810=EDGE_CURVE('',#3901,#3899,#2048,.T.);
#4811=EDGE_CURVE('',#3901,#3902,#2049,.T.);
#4812=EDGE_CURVE('',#3902,#3900,#2050,.T.);
#4813=EDGE_CURVE('',#3903,#3901,#2051,.T.);
#4814=EDGE_CURVE('',#3903,#3904,#2052,.T.);
#4815=EDGE_CURVE('',#3904,#3902,#2053,.T.);
#4816=EDGE_CURVE('',#3905,#3903,#2054,.T.);
#4817=EDGE_CURVE('',#3905,#3906,#2055,.T.);
#4818=EDGE_CURVE('',#3906,#3904,#2056,.T.);
#4819=EDGE_CURVE('',#3907,#3905,#2057,.T.);
#4820=EDGE_CURVE('',#3907,#3908,#2058,.T.);
#4821=EDGE_CURVE('',#3908,#3906,#2059,.T.);
#4822=EDGE_CURVE('',#3909,#3907,#2060,.T.);
#4823=EDGE_CURVE('',#3909,#3910,#2061,.T.);
#4824=EDGE_CURVE('',#3910,#3908,#2062,.T.);
#4825=EDGE_CURVE('',#3911,#3909,#2063,.T.);
#4826=EDGE_CURVE('',#3911,#3912,#2064,.T.);
#4827=EDGE_CURVE('',#3912,#3910,#2065,.T.);
#4828=EDGE_CURVE('',#3888,#3911,#2066,.T.);
#4829=EDGE_CURVE('',#3890,#3912,#2067,.T.);
#4830=EDGE_CURVE('',#3913,#3914,#2068,.T.);
#4831=EDGE_CURVE('',#3914,#3915,#2069,.T.);
#4832=EDGE_CURVE('',#3915,#3916,#2070,.T.);
#4833=EDGE_CURVE('',#3916,#3913,#2071,.T.);
#4834=EDGE_CURVE('',#3917,#3918,#2072,.T.);
#4835=EDGE_CURVE('',#3918,#3919,#2073,.T.);
#4836=EDGE_CURVE('',#3919,#3920,#2074,.T.);
#4837=EDGE_CURVE('',#3920,#3921,#2075,.T.);
#4838=EDGE_CURVE('',#3921,#3922,#2076,.T.);
#4839=EDGE_CURVE('',#3922,#3923,#2077,.T.);
#4840=EDGE_CURVE('',#3923,#3924,#2078,.T.);
#4841=EDGE_CURVE('',#3924,#3925,#2079,.T.);
#4842=EDGE_CURVE('',#3925,#3917,#2080,.T.);
#4843=EDGE_CURVE('',#3926,#3927,#2081,.T.);
#4844=EDGE_CURVE('',#3927,#3928,#2082,.T.);
#4845=EDGE_CURVE('',#3928,#3929,#2083,.T.);
#4846=EDGE_CURVE('',#3929,#3930,#2084,.T.);
#4847=EDGE_CURVE('',#3930,#3931,#2085,.T.);
#4848=EDGE_CURVE('',#3931,#3932,#2086,.T.);
#4849=EDGE_CURVE('',#3932,#3933,#2087,.T.);
#4850=EDGE_CURVE('',#3933,#3926,#2088,.T.);
#4851=EDGE_CURVE('',#3934,#3935,#2089,.T.);
#4852=EDGE_CURVE('',#3936,#3934,#2090,.T.);
#4853=EDGE_CURVE('',#3937,#3936,#2091,.T.);
#4854=EDGE_CURVE('',#3937,#3935,#2092,.T.);
#4855=EDGE_CURVE('',#3935,#3938,#2093,.T.);
#4856=EDGE_CURVE('',#3939,#3937,#2094,.T.);
#4857=EDGE_CURVE('',#3939,#3938,#2095,.T.);
#4858=EDGE_CURVE('',#3938,#3940,#2096,.T.);
#4859=EDGE_CURVE('',#3941,#3939,#2097,.T.);
#4860=EDGE_CURVE('',#3941,#3940,#2098,.T.);
#4861=EDGE_CURVE('',#3940,#3934,#2099,.T.);
#4862=EDGE_CURVE('',#3936,#3941,#2100,.T.);
#4863=EDGE_CURVE('',#3942,#3942,#3396,.T.);
#4864=EDGE_CURVE('',#3942,#3943,#2101,.T.);
#4865=EDGE_CURVE('',#3943,#3943,#3397,.T.);
#4866=EDGE_CURVE('',#3944,#3944,#3398,.T.);
#4867=EDGE_CURVE('',#3944,#3945,#2102,.T.);
#4868=EDGE_CURVE('',#3945,#3945,#3399,.T.);
#4869=EDGE_CURVE('',#3946,#3947,#2103,.T.);
#4870=EDGE_CURVE('',#3948,#3946,#2104,.T.);
#4871=EDGE_CURVE('',#3949,#3948,#2105,.T.);
#4872=EDGE_CURVE('',#3949,#3947,#2106,.T.);
#4873=EDGE_CURVE('',#3947,#3950,#3400,.T.);
#4874=EDGE_CURVE('',#3951,#3949,#3401,.T.);
#4875=EDGE_CURVE('',#3951,#3950,#2107,.T.);
#4876=EDGE_CURVE('',#3950,#3952,#2108,.T.);
#4877=EDGE_CURVE('',#3953,#3951,#2109,.T.);
#4878=EDGE_CURVE('',#3953,#3952,#2110,.T.);
#4879=EDGE_CURVE('',#3952,#3946,#3402,.T.);
#4880=EDGE_CURVE('',#3948,#3953,#3403,.T.);
#4881=EDGE_CURVE('',#3954,#3955,#2111,.T.);
#4882=EDGE_CURVE('',#3956,#3954,#2112,.T.);
#4883=EDGE_CURVE('',#3957,#3956,#2113,.T.);
#4884=EDGE_CURVE('',#3957,#3955,#2114,.T.);
#4885=EDGE_CURVE('',#3955,#3958,#2115,.T.);
#4886=EDGE_CURVE('',#3959,#3957,#2116,.T.);
#4887=EDGE_CURVE('',#3959,#3958,#2117,.T.);
#4888=EDGE_CURVE('',#3958,#3960,#2118,.T.);
#4889=EDGE_CURVE('',#3961,#3959,#2119,.T.);
#4890=EDGE_CURVE('',#3961,#3960,#2120,.T.);
#4891=EDGE_CURVE('',#3960,#3954,#2121,.T.);
#4892=EDGE_CURVE('',#3956,#3961,#2122,.T.);
#4893=EDGE_CURVE('',#3962,#3963,#2123,.T.);
#4894=EDGE_CURVE('',#3964,#3962,#2124,.T.);
#4895=EDGE_CURVE('',#3965,#3964,#2125,.T.);
#4896=EDGE_CURVE('',#3965,#3963,#2126,.T.);
#4897=EDGE_CURVE('',#3963,#3966,#2127,.T.);
#4898=EDGE_CURVE('',#3967,#3965,#2128,.T.);
#4899=EDGE_CURVE('',#3967,#3966,#2129,.T.);
#4900=EDGE_CURVE('',#3966,#3968,#2130,.T.);
#4901=EDGE_CURVE('',#3969,#3967,#2131,.T.);
#4902=EDGE_CURVE('',#3969,#3968,#2132,.T.);
#4903=EDGE_CURVE('',#3968,#3962,#2133,.T.);
#4904=EDGE_CURVE('',#3964,#3969,#2134,.T.);
#4905=EDGE_CURVE('',#3970,#3971,#2135,.T.);
#4906=EDGE_CURVE('',#3970,#3972,#2136,.T.);
#4907=EDGE_CURVE('',#3973,#3972,#2137,.T.);
#4908=EDGE_CURVE('',#3971,#3973,#2138,.T.);
#4909=EDGE_CURVE('',#3974,#3970,#2139,.T.);
#4910=EDGE_CURVE('',#3975,#3974,#2140,.T.);
#4911=EDGE_CURVE('',#3976,#3975,#2141,.T.);
#4912=EDGE_CURVE('',#3972,#3976,#2142,.T.);
#4913=EDGE_CURVE('',#3914,#3974,#2143,.T.);
#4914=EDGE_CURVE('',#3975,#3913,#2144,.T.);
#4915=EDGE_CURVE('',#3977,#3976,#2145,.T.);
#4916=EDGE_CURVE('',#3973,#3977,#2146,.T.);
#4917=EDGE_CURVE('',#3978,#3979,#2147,.T.);
#4918=EDGE_CURVE('',#3978,#3980,#2148,.T.);
#4919=EDGE_CURVE('',#3981,#3980,#2149,.T.);
#4920=EDGE_CURVE('',#3979,#3981,#2150,.T.);
#4921=EDGE_CURVE('',#3916,#3982,#2151,.T.);
#4922=EDGE_CURVE('',#3983,#3915,#2152,.T.);
#4923=EDGE_CURVE('',#3983,#3982,#2153,.T.);
#4924=EDGE_CURVE('',#3982,#3978,#2154,.T.);
#4925=EDGE_CURVE('',#3980,#3983,#2155,.T.);
#4926=EDGE_CURVE('',#3981,#3984,#2156,.T.);
#4927=EDGE_CURVE('',#3984,#3985,#3404,.T.);
#4928=EDGE_CURVE('',#3985,#3986,#2157,.T.);
#4929=EDGE_CURVE('',#3986,#3987,#3405,.T.);
#4930=EDGE_CURVE('',#3987,#3979,#2158,.T.);
#4931=EDGE_CURVE('',#3988,#3988,#3406,.T.);
#4932=EDGE_CURVE('',#3989,#3989,#3407,.T.);
#4933=EDGE_CURVE('',#3990,#3990,#3408,.T.);
#4934=EDGE_CURVE('',#3991,#3991,#3409,.T.);
#4935=EDGE_CURVE('',#3992,#3992,#3410,.T.);
#4936=EDGE_CURVE('',#3993,#3993,#3411,.T.);
#4937=EDGE_CURVE('',#3977,#3994,#2159,.T.);
#4938=EDGE_CURVE('',#3994,#3995,#3412,.T.);
#4939=EDGE_CURVE('',#3995,#3996,#2160,.T.);
#4940=EDGE_CURVE('',#3996,#3997,#3413,.T.);
#4941=EDGE_CURVE('',#3997,#3971,#2161,.T.);
#4942=EDGE_CURVE('',#3998,#3998,#3414,.T.);
#4943=EDGE_CURVE('',#3999,#3999,#3415,.T.);
#4944=EDGE_CURVE('',#4000,#4000,#3416,.T.);
#4945=EDGE_CURVE('',#4001,#4001,#3417,.T.);
#4946=EDGE_CURVE('',#4002,#4002,#3418,.T.);
#4947=EDGE_CURVE('',#4003,#4003,#3419,.T.);
#4948=EDGE_CURVE('',#4004,#3997,#2162,.T.);
#4949=EDGE_CURVE('',#4005,#4004,#2163,.T.);
#4950=EDGE_CURVE('',#4005,#3984,#2164,.T.);
#4951=EDGE_CURVE('',#3917,#4006,#2165,.T.);
#4952=EDGE_CURVE('',#4006,#4007,#2166,.T.);
#4953=EDGE_CURVE('',#3918,#4007,#2167,.T.);
#4954=EDGE_CURVE('',#3925,#4008,#2168,.T.);
#4955=EDGE_CURVE('',#4008,#4006,#2169,.T.);
#4956=EDGE_CURVE('',#3924,#4009,#2170,.T.);
#4957=EDGE_CURVE('',#4009,#4008,#2171,.T.);
#4958=EDGE_CURVE('',#3923,#4010,#2172,.T.);
#4959=EDGE_CURVE('',#4010,#4009,#2173,.T.);
#4960=EDGE_CURVE('',#3922,#4011,#2174,.T.);
#4961=EDGE_CURVE('',#4011,#4010,#2175,.T.);
#4962=EDGE_CURVE('',#3921,#4012,#2176,.T.);
#4963=EDGE_CURVE('',#4012,#4011,#2177,.T.);
#4964=EDGE_CURVE('',#3920,#4013,#2178,.T.);
#4965=EDGE_CURVE('',#4013,#4012,#2179,.T.);
#4966=EDGE_CURVE('',#3919,#4014,#2180,.T.);
#4967=EDGE_CURVE('',#4014,#4013,#2181,.T.);
#4968=EDGE_CURVE('',#4007,#4014,#2182,.T.);
#4969=EDGE_CURVE('',#4015,#4016,#2183,.T.);
#4970=EDGE_CURVE('',#4015,#4017,#2184,.T.);
#4971=EDGE_CURVE('',#4017,#4018,#2185,.T.);
#4972=EDGE_CURVE('',#4016,#4018,#2186,.T.);
#4973=EDGE_CURVE('',#4019,#4015,#2187,.T.);
#4974=EDGE_CURVE('',#4019,#4020,#2188,.T.);
#4975=EDGE_CURVE('',#4020,#4017,#2189,.T.);
#4976=EDGE_CURVE('',#4016,#4019,#2190,.T.);
#4977=EDGE_CURVE('',#4018,#4020,#2191,.T.);
#4978=EDGE_CURVE('',#3926,#4021,#2192,.T.);
#4979=EDGE_CURVE('',#4021,#4022,#2193,.T.);
#4980=EDGE_CURVE('',#3927,#4022,#2194,.T.);
#4981=EDGE_CURVE('',#3933,#4023,#2195,.T.);
#4982=EDGE_CURVE('',#4023,#4021,#2196,.T.);
#4983=EDGE_CURVE('',#3932,#4024,#2197,.T.);
#4984=EDGE_CURVE('',#4024,#4023,#2198,.T.);
#4985=EDGE_CURVE('',#3931,#4025,#2199,.T.);
#4986=EDGE_CURVE('',#4025,#4024,#2200,.T.);
#4987=EDGE_CURVE('',#3930,#4026,#2201,.T.);
#4988=EDGE_CURVE('',#4026,#4025,#2202,.T.);
#4989=EDGE_CURVE('',#3929,#4027,#2203,.T.);
#4990=EDGE_CURVE('',#4027,#4026,#2204,.T.);
#4991=EDGE_CURVE('',#3928,#4028,#2205,.T.);
#4992=EDGE_CURVE('',#4028,#4027,#2206,.T.);
#4993=EDGE_CURVE('',#4022,#4028,#2207,.T.);
#4994=EDGE_CURVE('',#4029,#4029,#3420,.T.);
#4995=EDGE_CURVE('',#4029,#3993,#2208,.T.);
#4996=EDGE_CURVE('',#4030,#4030,#3421,.T.);
#4997=EDGE_CURVE('',#4030,#3992,#2209,.T.);
#4998=EDGE_CURVE('',#4031,#4031,#3422,.T.);
#4999=EDGE_CURVE('',#4031,#3991,#2210,.T.);
#5000=EDGE_CURVE('',#4032,#4032,#3423,.T.);
#5001=EDGE_CURVE('',#4032,#4003,#2211,.T.);
#5002=EDGE_CURVE('',#4033,#4033,#3424,.T.);
#5003=EDGE_CURVE('',#4033,#3990,#2212,.T.);
#5004=EDGE_CURVE('',#4034,#4034,#3425,.T.);
#5005=EDGE_CURVE('',#4034,#3989,#2213,.T.);
#5006=EDGE_CURVE('',#4035,#4035,#3426,.T.);
#5007=EDGE_CURVE('',#4035,#4002,#2214,.T.);
#5008=EDGE_CURVE('',#4036,#4036,#3427,.T.);
#5009=EDGE_CURVE('',#4036,#4001,#2215,.T.);
#5010=EDGE_CURVE('',#4037,#4037,#3428,.T.);
#5011=EDGE_CURVE('',#4037,#3988,#2216,.T.);
#5012=EDGE_CURVE('',#4004,#4038,#3429,.T.);
#5013=EDGE_CURVE('',#4038,#3996,#2217,.T.);
#5014=EDGE_CURVE('',#4038,#4039,#2218,.T.);
#5015=EDGE_CURVE('',#4039,#3995,#2219,.T.);
#5016=EDGE_CURVE('',#4039,#4040,#3430,.T.);
#5017=EDGE_CURVE('',#4040,#3994,#2220,.T.);
#5018=EDGE_CURVE('',#4041,#3987,#2221,.T.);
#5019=EDGE_CURVE('',#4040,#4041,#2222,.T.);
#5020=EDGE_CURVE('',#4041,#4042,#3431,.T.);
#5021=EDGE_CURVE('',#4042,#3986,#2223,.T.);
#5022=EDGE_CURVE('',#4042,#4043,#2224,.T.);
#5023=EDGE_CURVE('',#4043,#3985,#2225,.T.);
#5024=EDGE_CURVE('',#4043,#4005,#3432,.T.);
#5025=EDGE_CURVE('',#4044,#4044,#3433,.T.);
#5026=EDGE_CURVE('',#4045,#4045,#3434,.T.);
#5027=EDGE_CURVE('',#4046,#4046,#3435,.T.);
#5028=EDGE_CURVE('',#4046,#4000,#2226,.T.);
#5029=EDGE_CURVE('',#4045,#3999,#2227,.T.);
#5030=EDGE_CURVE('',#4044,#3998,#2228,.T.);
#5031=EDGE_CURVE('',#4047,#4047,#3436,.T.);
#5032=EDGE_CURVE('',#4047,#4048,#2229,.T.);
#5033=EDGE_CURVE('',#4048,#4048,#3437,.T.);
#5034=EDGE_CURVE('',#4049,#4050,#2230,.T.);
#5035=EDGE_CURVE('',#4051,#4050,#2231,.T.);
#5036=EDGE_CURVE('',#4051,#4052,#2232,.T.);
#5037=EDGE_CURVE('',#4052,#4049,#2233,.T.);
#5038=EDGE_CURVE('',#4050,#4053,#3438,.T.);
#5039=EDGE_CURVE('',#4054,#4053,#2234,.T.);
#5040=EDGE_CURVE('',#4054,#4051,#3439,.T.);
#5041=EDGE_CURVE('',#4053,#4055,#2235,.T.);
#5042=EDGE_CURVE('',#4056,#4055,#2236,.T.);
#5043=EDGE_CURVE('',#4056,#4054,#2237,.T.);
#5044=EDGE_CURVE('',#4055,#4057,#3440,.T.);
#5045=EDGE_CURVE('',#4058,#4057,#2238,.T.);
#5046=EDGE_CURVE('',#4058,#4056,#3441,.T.);
#5047=EDGE_CURVE('',#4059,#4059,#3442,.T.);
#5048=EDGE_CURVE('',#4059,#4060,#2239,.T.);
#5049=EDGE_CURVE('',#4060,#4060,#3443,.T.);
#5050=EDGE_CURVE('',#4061,#4061,#3444,.T.);
#5051=EDGE_CURVE('',#4061,#4062,#2240,.T.);
#5052=EDGE_CURVE('',#4062,#4062,#3445,.T.);
#5053=EDGE_CURVE('',#4063,#4063,#3446,.T.);
#5054=EDGE_CURVE('',#4063,#4064,#2241,.T.);
#5055=EDGE_CURVE('',#4064,#4064,#3447,.T.);
#5056=EDGE_CURVE('',#4065,#4065,#3448,.T.);
#5057=EDGE_CURVE('',#4065,#4066,#2242,.T.);
#5058=EDGE_CURVE('',#4066,#4066,#3449,.T.);
#5059=EDGE_CURVE('',#4067,#4049,#3450,.T.);
#5060=EDGE_CURVE('',#4052,#4068,#3451,.T.);
#5061=EDGE_CURVE('',#4068,#4067,#2243,.T.);
#5062=EDGE_CURVE('',#4069,#4067,#2244,.T.);
#5063=EDGE_CURVE('',#4068,#4070,#2245,.T.);
#5064=EDGE_CURVE('',#4070,#4069,#2246,.T.);
#5065=EDGE_CURVE('',#4071,#4069,#3452,.T.);
#5066=EDGE_CURVE('',#4070,#4072,#3453,.T.);
#5067=EDGE_CURVE('',#4072,#4071,#2247,.T.);
#5068=EDGE_CURVE('',#4057,#4071,#2248,.T.);
#5069=EDGE_CURVE('',#4072,#4058,#2249,.T.);
#5070=EDGE_CURVE('',#4073,#4074,#3454,.T.);
#5071=EDGE_CURVE('',#4075,#4073,#2250,.T.);
#5072=EDGE_CURVE('',#4076,#4075,#3455,.T.);
#5073=EDGE_CURVE('',#4074,#4076,#2251,.T.);
#5074=EDGE_CURVE('',#4077,#4078,#3456,.T.);
#5075=EDGE_CURVE('',#4079,#4077,#2252,.T.);
#5076=EDGE_CURVE('',#4080,#4079,#3457,.T.);
#5077=EDGE_CURVE('',#4078,#4080,#2253,.T.);
#5078=EDGE_CURVE('',#4081,#4082,#2254,.T.);
#5079=EDGE_CURVE('',#4081,#4083,#2255,.T.);
#5080=EDGE_CURVE('',#4083,#4084,#2256,.T.);
#5081=EDGE_CURVE('',#4084,#4085,#3458,.T.);
#5082=EDGE_CURVE('',#4085,#4086,#3459,.T.);
#5083=EDGE_CURVE('',#4086,#4087,#3460,.T.);
#5084=EDGE_CURVE('',#4087,#4088,#2257,.T.);
#5085=EDGE_CURVE('',#4088,#4082,#2258,.T.);
#5086=EDGE_CURVE('',#4075,#4076,#3461,.T.);
#5087=EDGE_CURVE('',#4089,#4090,#2259,.T.);
#5088=EDGE_CURVE('',#4089,#4091,#2260,.T.);
#5089=EDGE_CURVE('',#4091,#4092,#2261,.T.);
#5090=EDGE_CURVE('',#4092,#4093,#3462,.T.);
#5091=EDGE_CURVE('',#4093,#4094,#3463,.T.);
#5092=EDGE_CURVE('',#4094,#4095,#3464,.T.);
#5093=EDGE_CURVE('',#4095,#4096,#2262,.T.);
#5094=EDGE_CURVE('',#4096,#4090,#2263,.T.);
#5095=EDGE_CURVE('',#4079,#4080,#3465,.T.);
#5096=EDGE_CURVE('',#4097,#4098,#2264,.T.);
#5097=EDGE_CURVE('',#4099,#4098,#2265,.T.);
#5098=EDGE_CURVE('',#4099,#4100,#2266,.T.);
#5099=EDGE_CURVE('',#4101,#4100,#2267,.T.);
#5100=EDGE_CURVE('',#4097,#4101,#2268,.T.);
#5101=EDGE_CURVE('',#4102,#4103,#2269,.T.);
#5102=EDGE_CURVE('',#4102,#4104,#2270,.T.);
#5103=EDGE_CURVE('',#4104,#4105,#2271,.T.);
#5104=EDGE_CURVE('',#4105,#4106,#3466,.T.);
#5105=EDGE_CURVE('',#4106,#4107,#3467,.T.);
#5106=EDGE_CURVE('',#4107,#4108,#3468,.T.);
#5107=EDGE_CURVE('',#4108,#4109,#2272,.T.);
#5108=EDGE_CURVE('',#4109,#4103,#2273,.T.);
#5109=EDGE_CURVE('',#4110,#4110,#3469,.T.);
#5110=EDGE_CURVE('',#4100,#4111,#2274,.T.);
#5111=EDGE_CURVE('',#4111,#4112,#2275,.T.);
#5112=EDGE_CURVE('',#4112,#4113,#3470,.T.);
#5113=EDGE_CURVE('',#4113,#4114,#3471,.T.);
#5114=EDGE_CURVE('',#4114,#4115,#3472,.T.);
#5115=EDGE_CURVE('',#4115,#4116,#2276,.T.);
#5116=EDGE_CURVE('',#4116,#4101,#2277,.T.);
#5117=EDGE_CURVE('',#4117,#4117,#3473,.T.);
#5118=EDGE_CURVE('',#4097,#4102,#2278,.T.);
#5119=EDGE_CURVE('',#4104,#4116,#2279,.T.);
#5120=EDGE_CURVE('',#4106,#4114,#2280,.T.);
#5121=EDGE_CURVE('',#4115,#4105,#2281,.T.);
#5122=EDGE_CURVE('',#4108,#4112,#2282,.T.);
#5123=EDGE_CURVE('',#4107,#4113,#2283,.T.);
#5124=EDGE_CURVE('',#4103,#4099,#2284,.T.);
#5125=EDGE_CURVE('',#4111,#4109,#2285,.T.);
#5126=EDGE_CURVE('',#4117,#4110,#2286,.T.);
#5127=EDGE_CURVE('',#4118,#4099,#2287,.T.);
#5128=EDGE_CURVE('',#4119,#4118,#2288,.T.);
#5129=EDGE_CURVE('',#4119,#4120,#2289,.T.);
#5130=EDGE_CURVE('',#4120,#4121,#2290,.T.);
#5131=EDGE_CURVE('',#4121,#4122,#2291,.T.);
#5132=EDGE_CURVE('',#4122,#4123,#2292,.T.);
#5133=EDGE_CURVE('',#4123,#4124,#2293,.T.);
#5134=EDGE_CURVE('',#4125,#4124,#2294,.T.);
#5135=EDGE_CURVE('',#4126,#4125,#2295,.T.);
#5136=EDGE_CURVE('',#4127,#4126,#2296,.T.);
#5137=EDGE_CURVE('',#4127,#4128,#2297,.T.);
#5138=EDGE_CURVE('',#4128,#4097,#2298,.T.);
#5139=EDGE_CURVE('',#4129,#4119,#2299,.T.);
#5140=EDGE_CURVE('',#4129,#4122,#2300,.T.);
#5141=EDGE_CURVE('',#4122,#4130,#2301,.T.);
#5142=EDGE_CURVE('',#4131,#4130,#2302,.T.);
#5143=EDGE_CURVE('',#4119,#4131,#2303,.T.);
#5144=EDGE_CURVE('',#4120,#4132,#2304,.T.);
#5145=EDGE_CURVE('',#4132,#4133,#2305,.T.);
#5146=EDGE_CURVE('',#4133,#4134,#3474,.T.);
#5147=EDGE_CURVE('',#4134,#4135,#3475,.T.);
#5148=EDGE_CURVE('',#4135,#4136,#3476,.T.);
#5149=EDGE_CURVE('',#4136,#4137,#2306,.T.);
#5150=EDGE_CURVE('',#4137,#4121,#2307,.T.);
#5151=EDGE_CURVE('',#4138,#4138,#3477,.T.);
#5152=EDGE_CURVE('',#4130,#4139,#2308,.T.);
#5153=EDGE_CURVE('',#4139,#4140,#2309,.T.);
#5154=EDGE_CURVE('',#4140,#4141,#3478,.T.);
#5155=EDGE_CURVE('',#4141,#4142,#3479,.T.);
#5156=EDGE_CURVE('',#4142,#4143,#3480,.T.);
#5157=EDGE_CURVE('',#4143,#4144,#2310,.T.);
#5158=EDGE_CURVE('',#4144,#4131,#2311,.T.);
#5159=EDGE_CURVE('',#4145,#4145,#3481,.T.);
#5160=EDGE_CURVE('',#4132,#4144,#2312,.T.);
#5161=EDGE_CURVE('',#4134,#4142,#2313,.T.);
#5162=EDGE_CURVE('',#4143,#4133,#2314,.T.);
#5163=EDGE_CURVE('',#4136,#4140,#2315,.T.);
#5164=EDGE_CURVE('',#4135,#4141,#2316,.T.);
#5165=EDGE_CURVE('',#4139,#4137,#2317,.T.);
#5166=EDGE_CURVE('',#4145,#4138,#2318,.T.);
#5167=EDGE_CURVE('',#4146,#4089,#2319,.T.);
#5168=EDGE_CURVE('',#4147,#4146,#2320,.T.);
#5169=EDGE_CURVE('',#4147,#4148,#2321,.T.);
#5170=EDGE_CURVE('',#4149,#4148,#2322,.T.);
#5171=EDGE_CURVE('',#4091,#4149,#2323,.T.);
#5172=EDGE_CURVE('',#4150,#4147,#2324,.T.);
#5173=EDGE_CURVE('',#4150,#4151,#2325,.T.);
#5174=EDGE_CURVE('',#4148,#4151,#2326,.T.);
#5175=EDGE_CURVE('',#4151,#4152,#2327,.T.);
#5176=EDGE_CURVE('',#4152,#4153,#2328,.T.);
#5177=EDGE_CURVE('',#4153,#4154,#3482,.T.);
#5178=EDGE_CURVE('',#4154,#4155,#3483,.T.);
#5179=EDGE_CURVE('',#4155,#4156,#3484,.T.);
#5180=EDGE_CURVE('',#4156,#4149,#2329,.T.);
#5181=EDGE_CURVE('',#4078,#4077,#3485,.T.);
#5182=EDGE_CURVE('',#4093,#4155,#2330,.T.);
#5183=EDGE_CURVE('',#4156,#4092,#2331,.T.);
#5184=EDGE_CURVE('',#4095,#4153,#2332,.T.);
#5185=EDGE_CURVE('',#4094,#4154,#2333,.T.);
#5186=EDGE_CURVE('',#4090,#4157,#2334,.T.);
#5187=EDGE_CURVE('',#4152,#4096,#2335,.T.);
#5188=EDGE_CURVE('',#4157,#4150,#2336,.T.);
#5189=EDGE_CURVE('',#4158,#4157,#2337,.T.);
#5190=EDGE_CURVE('',#4158,#4159,#2338,.T.);
#5191=EDGE_CURVE('',#4160,#4159,#2339,.T.);
#5192=EDGE_CURVE('',#4160,#4161,#2340,.T.);
#5193=EDGE_CURVE('',#4162,#4161,#2341,.T.);
#5194=EDGE_CURVE('',#4162,#4081,#2342,.T.);
#5195=EDGE_CURVE('',#4082,#4163,#2343,.T.);
#5196=EDGE_CURVE('',#4146,#4163,#2344,.T.);
#5197=EDGE_CURVE('',#4164,#4162,#2345,.T.);
#5198=EDGE_CURVE('',#4164,#4165,#2346,.T.);
#5199=EDGE_CURVE('',#4166,#4165,#2347,.T.);
#5200=EDGE_CURVE('',#4083,#4166,#2348,.T.);
#5201=EDGE_CURVE('',#4167,#4164,#2349,.T.);
#5202=EDGE_CURVE('',#4167,#4168,#2350,.T.);
#5203=EDGE_CURVE('',#4165,#4168,#2351,.T.);
#5204=EDGE_CURVE('',#4168,#4169,#2352,.T.);
#5205=EDGE_CURVE('',#4169,#4170,#2353,.T.);
#5206=EDGE_CURVE('',#4170,#4171,#3486,.T.);
#5207=EDGE_CURVE('',#4171,#4172,#3487,.T.);
#5208=EDGE_CURVE('',#4172,#4173,#3488,.T.);
#5209=EDGE_CURVE('',#4173,#4166,#2354,.T.);
#5210=EDGE_CURVE('',#4074,#4073,#3489,.T.);
#5211=EDGE_CURVE('',#4085,#4172,#2355,.T.);
#5212=EDGE_CURVE('',#4173,#4084,#2356,.T.);
#5213=EDGE_CURVE('',#4087,#4170,#2357,.T.);
#5214=EDGE_CURVE('',#4086,#4171,#2358,.T.);
#5215=EDGE_CURVE('',#4169,#4088,#2359,.T.);
#5216=EDGE_CURVE('',#4163,#4167,#2360,.T.);
#5217=EDGE_CURVE('',#4174,#4175,#2361,.T.);
#5218=EDGE_CURVE('',#4176,#4175,#2362,.T.);
#5219=EDGE_CURVE('',#4177,#4176,#2363,.T.);
#5220=EDGE_CURVE('',#4174,#4177,#2364,.T.);
#5221=EDGE_CURVE('',#4178,#4174,#3490,.T.);
#5222=EDGE_CURVE('',#4177,#4179,#3491,.T.);
#5223=EDGE_CURVE('',#4179,#4180,#2365,.T.);
#5224=EDGE_CURVE('',#4180,#4181,#3492,.T.);
#5225=EDGE_CURVE('',#4181,#4182,#2366,.T.);
#5226=EDGE_CURVE('',#4182,#4183,#3493,.T.);
#5227=EDGE_CURVE('',#4183,#4178,#2367,.T.);
#5228=EDGE_CURVE('',#4161,#4184,#2368,.T.);
#5229=EDGE_CURVE('',#4184,#4185,#3494,.T.);
#5230=EDGE_CURVE('',#4185,#4186,#2369,.T.);
#5231=EDGE_CURVE('',#4186,#4187,#2370,.T.);
#5232=EDGE_CURVE('',#4187,#4188,#2371,.T.);
#5233=EDGE_CURVE('',#4188,#4189,#3495,.T.);
#5234=EDGE_CURVE('',#4189,#4123,#2372,.T.);
#5235=EDGE_CURVE('',#4128,#4190,#2373,.T.);
#5236=EDGE_CURVE('',#4190,#4191,#3496,.T.);
#5237=EDGE_CURVE('',#4191,#4192,#2374,.T.);
#5238=EDGE_CURVE('',#4192,#4193,#2375,.T.);
#5239=EDGE_CURVE('',#4193,#4194,#2376,.T.);
#5240=EDGE_CURVE('',#4194,#4195,#3497,.T.);
#5241=EDGE_CURVE('',#4195,#4158,#2377,.T.);
#5242=EDGE_CURVE('',#4196,#4196,#3498,.T.);
#5243=EDGE_CURVE('',#4197,#4197,#3499,.T.);
#5244=EDGE_CURVE('',#4198,#4198,#3500,.T.);
#5245=EDGE_CURVE('',#4199,#4199,#3501,.T.);
#5246=EDGE_CURVE('',#4200,#4200,#3502,.T.);
#5247=EDGE_CURVE('',#4200,#4201,#2378,.T.);
#5248=EDGE_CURVE('',#4201,#4201,#3503,.T.);
#5249=EDGE_CURVE('',#4202,#4202,#3504,.T.);
#5250=EDGE_CURVE('',#4203,#4203,#3505,.T.);
#5251=EDGE_CURVE('',#4203,#4204,#2379,.T.);
#5252=EDGE_CURVE('',#4204,#4204,#3506,.T.);
#5253=EDGE_CURVE('',#4205,#4205,#3507,.T.);
#5254=EDGE_CURVE('',#4206,#4206,#3508,.T.);
#5255=EDGE_CURVE('',#4206,#4207,#2380,.T.);
#5256=EDGE_CURVE('',#4207,#4207,#3509,.T.);
#5257=EDGE_CURVE('',#4208,#4208,#3510,.T.);
#5258=EDGE_CURVE('',#4209,#4209,#3511,.T.);
#5259=EDGE_CURVE('',#4209,#4210,#2381,.T.);
#5260=EDGE_CURVE('',#4210,#4210,#3512,.T.);
#5261=EDGE_CURVE('',#4211,#4211,#3513,.T.);
#5262=EDGE_CURVE('',#4202,#4212,#2382,.T.);
#5263=EDGE_CURVE('',#4212,#4212,#3514,.T.);
#5264=EDGE_CURVE('',#4205,#4213,#2383,.T.);
#5265=EDGE_CURVE('',#4213,#4213,#3515,.T.);
#5266=EDGE_CURVE('',#4211,#4214,#2384,.T.);
#5267=EDGE_CURVE('',#4214,#4214,#3516,.T.);
#5268=EDGE_CURVE('',#4208,#4215,#2385,.T.);
#5269=EDGE_CURVE('',#4215,#4215,#3517,.T.);
#5270=EDGE_CURVE('',#4216,#4217,#2386,.T.);
#5271=EDGE_CURVE('',#4216,#4218,#2387,.T.);
#5272=EDGE_CURVE('',#4218,#4219,#2388,.T.);
#5273=EDGE_CURVE('',#4217,#4219,#2389,.T.);
#5274=EDGE_CURVE('',#4220,#4216,#2390,.T.);
#5275=EDGE_CURVE('',#4220,#4221,#2391,.T.);
#5276=EDGE_CURVE('',#4221,#4218,#2392,.T.);
#5277=EDGE_CURVE('',#4222,#4220,#2393,.T.);
#5278=EDGE_CURVE('',#4222,#4223,#2394,.T.);
#5279=EDGE_CURVE('',#4223,#4221,#2395,.T.);
#5280=EDGE_CURVE('',#4217,#4222,#2396,.T.);
#5281=EDGE_CURVE('',#4219,#4223,#2397,.T.);
#5282=EDGE_CURVE('',#4224,#4224,#3518,.T.);
#5283=EDGE_CURVE('',#4224,#4225,#2398,.T.);
#5284=EDGE_CURVE('',#4225,#4225,#3519,.T.);
#5285=EDGE_CURVE('',#4226,#4226,#3520,.T.);
#5286=EDGE_CURVE('',#4227,#4227,#3521,.T.);
#5287=EDGE_CURVE('',#4227,#4228,#2399,.T.);
#5288=EDGE_CURVE('',#4228,#4228,#3522,.T.);
#5289=EDGE_CURVE('',#4229,#4229,#3523,.T.);
#5290=EDGE_CURVE('',#4230,#4230,#3524,.T.);
#5291=EDGE_CURVE('',#4230,#4231,#2400,.T.);
#5292=EDGE_CURVE('',#4231,#4231,#3525,.T.);
#5293=EDGE_CURVE('',#4232,#4232,#3526,.T.);
#5294=EDGE_CURVE('',#4233,#4233,#3527,.T.);
#5295=EDGE_CURVE('',#4233,#4234,#2401,.T.);
#5296=EDGE_CURVE('',#4234,#4234,#3528,.T.);
#5297=EDGE_CURVE('',#4235,#4235,#3529,.T.);
#5298=EDGE_CURVE('',#4226,#4236,#2402,.T.);
#5299=EDGE_CURVE('',#4236,#4236,#3530,.T.);
#5300=EDGE_CURVE('',#4229,#4237,#2403,.T.);
#5301=EDGE_CURVE('',#4237,#4237,#3531,.T.);
#5302=EDGE_CURVE('',#4235,#4238,#2404,.T.);
#5303=EDGE_CURVE('',#4238,#4238,#3532,.T.);
#5304=EDGE_CURVE('',#4232,#4239,#2405,.T.);
#5305=EDGE_CURVE('',#4239,#4239,#3533,.T.);
#5306=EDGE_CURVE('',#4240,#4241,#2406,.T.);
#5307=EDGE_CURVE('',#4240,#4242,#2407,.T.);
#5308=EDGE_CURVE('',#4243,#4242,#2408,.T.);
#5309=EDGE_CURVE('',#4241,#4243,#2409,.T.);
#5310=EDGE_CURVE('',#4241,#4244,#2410,.T.);
#5311=EDGE_CURVE('',#4245,#4243,#2411,.T.);
#5312=EDGE_CURVE('',#4244,#4245,#2412,.T.);
#5313=EDGE_CURVE('',#4244,#4246,#2413,.T.);
#5314=EDGE_CURVE('',#4247,#4245,#2414,.T.);
#5315=EDGE_CURVE('',#4246,#4247,#2415,.T.);
#5316=EDGE_CURVE('',#4246,#4240,#2416,.T.);
#5317=EDGE_CURVE('',#4242,#4247,#2417,.T.);
#5318=EDGE_CURVE('',#4199,#4248,#2418,.T.);
#5319=EDGE_CURVE('',#4248,#4248,#3534,.T.);
#5320=EDGE_CURVE('',#4249,#4127,#2419,.T.);
#5321=EDGE_CURVE('',#4249,#4190,#2420,.T.);
#5322=EDGE_CURVE('',#4250,#4251,#2421,.T.);
#5323=EDGE_CURVE('',#4192,#4250,#2422,.T.);
#5324=EDGE_CURVE('',#4251,#4191,#2423,.T.);
#5325=EDGE_CURVE('',#4251,#4249,#3535,.T.);
#5326=EDGE_CURVE('',#4198,#4252,#2424,.T.);
#5327=EDGE_CURVE('',#4252,#4252,#3536,.T.);
#5328=EDGE_CURVE('',#4159,#4253,#2425,.T.);
#5329=EDGE_CURVE('',#4253,#4195,#2426,.T.);
#5330=EDGE_CURVE('',#4253,#4254,#3537,.T.);
#5331=EDGE_CURVE('',#4254,#4194,#2427,.T.);
#5332=EDGE_CURVE('',#4254,#4255,#2428,.T.);
#5333=EDGE_CURVE('',#4255,#4193,#2429,.T.);
#5334=EDGE_CURVE('',#4255,#4250,#2430,.T.);
#5335=EDGE_CURVE('',#4197,#4256,#2431,.T.);
#5336=EDGE_CURVE('',#4256,#4256,#3538,.T.);
#5337=EDGE_CURVE('',#4257,#4160,#2432,.T.);
#5338=EDGE_CURVE('',#4257,#4184,#2433,.T.);
#5339=EDGE_CURVE('',#4258,#4259,#2434,.T.);
#5340=EDGE_CURVE('',#4186,#4258,#2435,.T.);
#5341=EDGE_CURVE('',#4259,#4185,#2436,.T.);
#5342=EDGE_CURVE('',#4259,#4257,#3539,.T.);
#5343=EDGE_CURVE('',#4196,#4260,#2437,.T.);
#5344=EDGE_CURVE('',#4260,#4260,#3540,.T.);
#5345=EDGE_CURVE('',#4124,#4261,#2438,.T.);
#5346=EDGE_CURVE('',#4261,#4189,#2439,.T.);
#5347=EDGE_CURVE('',#4261,#4262,#3541,.T.);
#5348=EDGE_CURVE('',#4262,#4188,#2440,.T.);
#5349=EDGE_CURVE('',#4262,#4263,#2441,.T.);
#5350=EDGE_CURVE('',#4263,#4187,#2442,.T.);
#5351=EDGE_CURVE('',#4263,#4258,#2443,.T.);
#5352=EDGE_CURVE('',#4264,#4179,#2444,.T.);
#5353=EDGE_CURVE('',#4265,#4264,#2445,.T.);
#5354=EDGE_CURVE('',#4180,#4265,#2446,.T.);
#5355=EDGE_CURVE('',#4266,#4265,#3542,.T.);
#5356=EDGE_CURVE('',#4181,#4266,#2447,.T.);
#5357=EDGE_CURVE('',#4267,#4266,#2448,.T.);
#5358=EDGE_CURVE('',#4182,#4267,#2449,.T.);
#5359=EDGE_CURVE('',#4268,#4267,#3543,.T.);
#5360=EDGE_CURVE('',#4183,#4268,#2450,.T.);
#5361=EDGE_CURVE('',#4269,#4268,#2451,.T.);
#5362=EDGE_CURVE('',#4178,#4269,#2452,.T.);
#5363=EDGE_CURVE('',#4175,#4269,#3544,.T.);
#5364=EDGE_CURVE('',#4264,#4176,#3545,.T.);
#5365=EDGE_CURVE('',#4270,#4270,#3546,.T.);
#5366=EDGE_CURVE('',#4270,#4271,#2453,.T.);
#5367=EDGE_CURVE('',#4271,#4271,#3547,.T.);
#5368=EDGE_CURVE('',#4272,#4273,#2454,.T.);
#5369=EDGE_CURVE('',#4274,#4273,#2455,.T.);
#5370=EDGE_CURVE('',#4274,#4275,#2456,.T.);
#5371=EDGE_CURVE('',#4275,#4272,#2457,.T.);
#5372=EDGE_CURVE('',#4273,#4276,#3548,.T.);
#5373=EDGE_CURVE('',#4277,#4276,#2458,.T.);
#5374=EDGE_CURVE('',#4277,#4274,#3549,.T.);
#5375=EDGE_CURVE('',#4276,#4278,#2459,.T.);
#5376=EDGE_CURVE('',#4279,#4278,#2460,.T.);
#5377=EDGE_CURVE('',#4279,#4277,#2461,.T.);
#5378=EDGE_CURVE('',#4278,#4280,#3550,.T.);
#5379=EDGE_CURVE('',#4281,#4280,#2462,.T.);
#5380=EDGE_CURVE('',#4281,#4279,#3551,.T.);
#5381=EDGE_CURVE('',#4282,#4282,#3552,.T.);
#5382=EDGE_CURVE('',#4282,#4283,#2463,.T.);
#5383=EDGE_CURVE('',#4283,#4283,#3553,.T.);
#5384=EDGE_CURVE('',#4284,#4284,#3554,.T.);
#5385=EDGE_CURVE('',#4284,#4285,#2464,.T.);
#5386=EDGE_CURVE('',#4285,#4285,#3555,.T.);
#5387=EDGE_CURVE('',#4286,#4286,#3556,.T.);
#5388=EDGE_CURVE('',#4286,#4287,#2465,.T.);
#5389=EDGE_CURVE('',#4287,#4287,#3557,.T.);
#5390=EDGE_CURVE('',#4288,#4288,#3558,.T.);
#5391=EDGE_CURVE('',#4288,#4289,#2466,.T.);
#5392=EDGE_CURVE('',#4289,#4289,#3559,.T.);
#5393=EDGE_CURVE('',#4290,#4272,#3560,.T.);
#5394=EDGE_CURVE('',#4275,#4291,#3561,.T.);
#5395=EDGE_CURVE('',#4291,#4290,#2467,.T.);
#5396=EDGE_CURVE('',#4292,#4290,#2468,.T.);
#5397=EDGE_CURVE('',#4291,#4293,#2469,.T.);
#5398=EDGE_CURVE('',#4293,#4292,#2470,.T.);
#5399=EDGE_CURVE('',#4294,#4292,#3562,.T.);
#5400=EDGE_CURVE('',#4293,#4295,#3563,.T.);
#5401=EDGE_CURVE('',#4295,#4294,#2471,.T.);
#5402=EDGE_CURVE('',#4280,#4294,#2472,.T.);
#5403=EDGE_CURVE('',#4295,#4281,#2473,.T.);
#5404=ORIENTED_EDGE('',*,*,#4296,.T.);
#5405=ORIENTED_EDGE('',*,*,#4297,.T.);
#5406=ORIENTED_EDGE('',*,*,#4298,.F.);
#5407=ORIENTED_EDGE('',*,*,#4297,.F.);
#5408=ORIENTED_EDGE('',*,*,#4299,.T.);
#5409=ORIENTED_EDGE('',*,*,#4300,.T.);
#5410=ORIENTED_EDGE('',*,*,#4301,.F.);
#5411=ORIENTED_EDGE('',*,*,#4300,.F.);
#5412=ORIENTED_EDGE('',*,*,#4302,.T.);
#5413=ORIENTED_EDGE('',*,*,#4303,.T.);
#5414=ORIENTED_EDGE('',*,*,#4304,.F.);
#5415=ORIENTED_EDGE('',*,*,#4303,.F.);
#5416=ORIENTED_EDGE('',*,*,#4305,.T.);
#5417=ORIENTED_EDGE('',*,*,#4306,.T.);
#5418=ORIENTED_EDGE('',*,*,#4307,.F.);
#5419=ORIENTED_EDGE('',*,*,#4306,.F.);
#5420=ORIENTED_EDGE('',*,*,#4308,.T.);
#5421=ORIENTED_EDGE('',*,*,#4309,.T.);
#5422=ORIENTED_EDGE('',*,*,#4310,.F.);
#5423=ORIENTED_EDGE('',*,*,#4309,.F.);
#5424=ORIENTED_EDGE('',*,*,#4311,.T.);
#5425=ORIENTED_EDGE('',*,*,#4312,.T.);
#5426=ORIENTED_EDGE('',*,*,#4313,.F.);
#5427=ORIENTED_EDGE('',*,*,#4312,.F.);
#5428=ORIENTED_EDGE('',*,*,#4314,.T.);
#5429=ORIENTED_EDGE('',*,*,#4315,.T.);
#5430=ORIENTED_EDGE('',*,*,#4316,.F.);
#5431=ORIENTED_EDGE('',*,*,#4315,.F.);
#5432=ORIENTED_EDGE('',*,*,#4317,.T.);
#5433=ORIENTED_EDGE('',*,*,#4318,.T.);
#5434=ORIENTED_EDGE('',*,*,#4319,.F.);
#5435=ORIENTED_EDGE('',*,*,#4318,.F.);
#5436=ORIENTED_EDGE('',*,*,#4320,.T.);
#5437=ORIENTED_EDGE('',*,*,#4321,.T.);
#5438=ORIENTED_EDGE('',*,*,#4322,.F.);
#5439=ORIENTED_EDGE('',*,*,#4321,.F.);
#5440=ORIENTED_EDGE('',*,*,#4323,.T.);
#5441=ORIENTED_EDGE('',*,*,#4324,.T.);
#5442=ORIENTED_EDGE('',*,*,#4325,.F.);
#5443=ORIENTED_EDGE('',*,*,#4326,.F.);
#5444=ORIENTED_EDGE('',*,*,#4327,.T.);
#5445=ORIENTED_EDGE('',*,*,#4326,.T.);
#5446=ORIENTED_EDGE('',*,*,#4328,.F.);
#5447=ORIENTED_EDGE('',*,*,#4329,.F.);
#5448=ORIENTED_EDGE('',*,*,#4330,.T.);
#5449=ORIENTED_EDGE('',*,*,#4329,.T.);
#5450=ORIENTED_EDGE('',*,*,#4331,.F.);
#5451=ORIENTED_EDGE('',*,*,#4332,.F.);
#5452=ORIENTED_EDGE('',*,*,#4333,.T.);
#5453=ORIENTED_EDGE('',*,*,#4332,.T.);
#5454=ORIENTED_EDGE('',*,*,#4334,.F.);
#5455=ORIENTED_EDGE('',*,*,#4324,.F.);
#5456=ORIENTED_EDGE('',*,*,#4334,.T.);
#5457=ORIENTED_EDGE('',*,*,#4331,.T.);
#5458=ORIENTED_EDGE('',*,*,#4328,.T.);
#5459=ORIENTED_EDGE('',*,*,#4325,.T.);
#5460=ORIENTED_EDGE('',*,*,#4322,.T.);
#5461=ORIENTED_EDGE('',*,*,#4319,.T.);
#5462=ORIENTED_EDGE('',*,*,#4316,.T.);
#5463=ORIENTED_EDGE('',*,*,#4313,.T.);
#5464=ORIENTED_EDGE('',*,*,#4310,.T.);
#5465=ORIENTED_EDGE('',*,*,#4307,.T.);
#5466=ORIENTED_EDGE('',*,*,#4304,.T.);
#5467=ORIENTED_EDGE('',*,*,#4301,.T.);
#5468=ORIENTED_EDGE('',*,*,#4298,.T.);
#5469=ORIENTED_EDGE('',*,*,#4333,.F.);
#5470=ORIENTED_EDGE('',*,*,#4323,.F.);
#5471=ORIENTED_EDGE('',*,*,#4327,.F.);
#5472=ORIENTED_EDGE('',*,*,#4330,.F.);
#5473=ORIENTED_EDGE('',*,*,#4320,.F.);
#5474=ORIENTED_EDGE('',*,*,#4317,.F.);
#5475=ORIENTED_EDGE('',*,*,#4314,.F.);
#5476=ORIENTED_EDGE('',*,*,#4311,.F.);
#5477=ORIENTED_EDGE('',*,*,#4308,.F.);
#5478=ORIENTED_EDGE('',*,*,#4305,.F.);
#5479=ORIENTED_EDGE('',*,*,#4302,.F.);
#5480=ORIENTED_EDGE('',*,*,#4299,.F.);
#5481=ORIENTED_EDGE('',*,*,#4296,.F.);
#5482=ORIENTED_EDGE('',*,*,#4335,.T.);
#5483=ORIENTED_EDGE('',*,*,#4336,.T.);
#5484=ORIENTED_EDGE('',*,*,#4337,.T.);
#5485=ORIENTED_EDGE('',*,*,#4338,.T.);
#5486=ORIENTED_EDGE('',*,*,#4336,.F.);
#5487=ORIENTED_EDGE('',*,*,#4339,.F.);
#5488=ORIENTED_EDGE('',*,*,#4340,.T.);
#5489=ORIENTED_EDGE('',*,*,#4337,.F.);
#5490=ORIENTED_EDGE('',*,*,#4338,.F.);
#5491=ORIENTED_EDGE('',*,*,#4340,.F.);
#5492=ORIENTED_EDGE('',*,*,#4341,.F.);
#5493=ORIENTED_EDGE('',*,*,#4341,.T.);
#5494=ORIENTED_EDGE('',*,*,#4342,.T.);
#5495=ORIENTED_EDGE('',*,*,#4343,.T.);
#5496=ORIENTED_EDGE('',*,*,#4342,.F.);
#5497=ORIENTED_EDGE('',*,*,#4344,.F.);
#5498=ORIENTED_EDGE('',*,*,#4339,.T.);
#5499=ORIENTED_EDGE('',*,*,#4343,.F.);
#5500=ORIENTED_EDGE('',*,*,#4345,.T.);
#5501=ORIENTED_EDGE('',*,*,#4344,.T.);
#5502=ORIENTED_EDGE('',*,*,#4345,.F.);
#5503=ORIENTED_EDGE('',*,*,#4335,.F.);
#5504=ORIENTED_EDGE('',*,*,#4346,.T.);
#5505=ORIENTED_EDGE('',*,*,#4347,.T.);
#5506=ORIENTED_EDGE('',*,*,#4348,.T.);
#5507=ORIENTED_EDGE('',*,*,#4349,.T.);
#5508=ORIENTED_EDGE('',*,*,#4350,.T.);
#5509=ORIENTED_EDGE('',*,*,#4351,.T.);
#5510=ORIENTED_EDGE('',*,*,#4346,.F.);
#5511=ORIENTED_EDGE('',*,*,#4352,.F.);
#5512=ORIENTED_EDGE('',*,*,#4353,.T.);
#5513=ORIENTED_EDGE('',*,*,#4352,.T.);
#5514=ORIENTED_EDGE('',*,*,#4349,.F.);
#5515=ORIENTED_EDGE('',*,*,#4354,.F.);
#5516=ORIENTED_EDGE('',*,*,#4355,.T.);
#5517=ORIENTED_EDGE('',*,*,#4354,.T.);
#5518=ORIENTED_EDGE('',*,*,#4348,.F.);
#5519=ORIENTED_EDGE('',*,*,#4356,.F.);
#5520=ORIENTED_EDGE('',*,*,#4357,.T.);
#5521=ORIENTED_EDGE('',*,*,#4356,.T.);
#5522=ORIENTED_EDGE('',*,*,#4347,.F.);
#5523=ORIENTED_EDGE('',*,*,#4351,.F.);
#5524=ORIENTED_EDGE('',*,*,#4357,.F.);
#5525=ORIENTED_EDGE('',*,*,#4350,.F.);
#5526=ORIENTED_EDGE('',*,*,#4353,.F.);
#5527=ORIENTED_EDGE('',*,*,#4355,.F.);
#5528=ORIENTED_EDGE('',*,*,#4358,.F.);
#5529=ORIENTED_EDGE('',*,*,#4359,.T.);
#5530=ORIENTED_EDGE('',*,*,#4360,.F.);
#5531=ORIENTED_EDGE('',*,*,#4361,.F.);
#5532=ORIENTED_EDGE('',*,*,#4362,.T.);
#5533=ORIENTED_EDGE('',*,*,#4361,.T.);
#5534=ORIENTED_EDGE('',*,*,#4363,.F.);
#5535=ORIENTED_EDGE('',*,*,#4364,.F.);
#5536=ORIENTED_EDGE('',*,*,#4365,.T.);
#5537=ORIENTED_EDGE('',*,*,#4364,.T.);
#5538=ORIENTED_EDGE('',*,*,#4366,.F.);
#5539=ORIENTED_EDGE('',*,*,#4367,.F.);
#5540=ORIENTED_EDGE('',*,*,#4368,.T.);
#5541=ORIENTED_EDGE('',*,*,#4367,.T.);
#5542=ORIENTED_EDGE('',*,*,#4369,.F.);
#5543=ORIENTED_EDGE('',*,*,#4359,.F.);
#5544=ORIENTED_EDGE('',*,*,#4369,.T.);
#5545=ORIENTED_EDGE('',*,*,#4366,.T.);
#5546=ORIENTED_EDGE('',*,*,#4363,.T.);
#5547=ORIENTED_EDGE('',*,*,#4360,.T.);
#5548=ORIENTED_EDGE('',*,*,#4368,.F.);
#5549=ORIENTED_EDGE('',*,*,#4358,.T.);
#5550=ORIENTED_EDGE('',*,*,#4362,.F.);
#5551=ORIENTED_EDGE('',*,*,#4365,.F.);
#5552=ORIENTED_EDGE('',*,*,#4370,.F.);
#5553=ORIENTED_EDGE('',*,*,#4371,.T.);
#5554=ORIENTED_EDGE('',*,*,#4372,.F.);
#5555=ORIENTED_EDGE('',*,*,#4373,.F.);
#5556=ORIENTED_EDGE('',*,*,#4374,.F.);
#5557=ORIENTED_EDGE('',*,*,#4373,.T.);
#5558=ORIENTED_EDGE('',*,*,#4375,.F.);
#5559=ORIENTED_EDGE('',*,*,#4376,.F.);
#5560=ORIENTED_EDGE('',*,*,#4377,.F.);
#5561=ORIENTED_EDGE('',*,*,#4376,.T.);
#5562=ORIENTED_EDGE('',*,*,#4378,.F.);
#5563=ORIENTED_EDGE('',*,*,#4379,.F.);
#5564=ORIENTED_EDGE('',*,*,#4380,.F.);
#5565=ORIENTED_EDGE('',*,*,#4379,.T.);
#5566=ORIENTED_EDGE('',*,*,#4381,.F.);
#5567=ORIENTED_EDGE('',*,*,#4371,.F.);
#5568=ORIENTED_EDGE('',*,*,#4381,.T.);
#5569=ORIENTED_EDGE('',*,*,#4378,.T.);
#5570=ORIENTED_EDGE('',*,*,#4375,.T.);
#5571=ORIENTED_EDGE('',*,*,#4372,.T.);
#5572=ORIENTED_EDGE('',*,*,#4380,.T.);
#5573=ORIENTED_EDGE('',*,*,#4370,.T.);
#5574=ORIENTED_EDGE('',*,*,#4374,.T.);
#5575=ORIENTED_EDGE('',*,*,#4377,.T.);
#5576=ORIENTED_EDGE('',*,*,#4382,.F.);
#5577=ORIENTED_EDGE('',*,*,#4383,.T.);
#5578=ORIENTED_EDGE('',*,*,#4384,.T.);
#5579=ORIENTED_EDGE('',*,*,#4383,.F.);
#5580=ORIENTED_EDGE('',*,*,#4382,.T.);
#5581=ORIENTED_EDGE('',*,*,#4384,.F.);
#5582=ORIENTED_EDGE('',*,*,#4385,.F.);
#5583=ORIENTED_EDGE('',*,*,#4386,.T.);
#5584=ORIENTED_EDGE('',*,*,#4387,.T.);
#5585=ORIENTED_EDGE('',*,*,#4386,.F.);
#5586=ORIENTED_EDGE('',*,*,#4385,.T.);
#5587=ORIENTED_EDGE('',*,*,#4387,.F.);
#5588=ORIENTED_EDGE('',*,*,#4388,.F.);
#5589=ORIENTED_EDGE('',*,*,#4389,.T.);
#5590=ORIENTED_EDGE('',*,*,#4390,.F.);
#5591=ORIENTED_EDGE('',*,*,#4391,.F.);
#5592=ORIENTED_EDGE('',*,*,#4392,.F.);
#5593=ORIENTED_EDGE('',*,*,#4391,.T.);
#5594=ORIENTED_EDGE('',*,*,#4393,.F.);
#5595=ORIENTED_EDGE('',*,*,#4394,.F.);
#5596=ORIENTED_EDGE('',*,*,#4395,.F.);
#5597=ORIENTED_EDGE('',*,*,#4394,.T.);
#5598=ORIENTED_EDGE('',*,*,#4396,.F.);
#5599=ORIENTED_EDGE('',*,*,#4397,.F.);
#5600=ORIENTED_EDGE('',*,*,#4398,.F.);
#5601=ORIENTED_EDGE('',*,*,#4397,.T.);
#5602=ORIENTED_EDGE('',*,*,#4399,.F.);
#5603=ORIENTED_EDGE('',*,*,#4389,.F.);
#5604=ORIENTED_EDGE('',*,*,#4399,.T.);
#5605=ORIENTED_EDGE('',*,*,#4396,.T.);
#5606=ORIENTED_EDGE('',*,*,#4393,.T.);
#5607=ORIENTED_EDGE('',*,*,#4390,.T.);
#5608=ORIENTED_EDGE('',*,*,#4398,.T.);
#5609=ORIENTED_EDGE('',*,*,#4388,.T.);
#5610=ORIENTED_EDGE('',*,*,#4392,.T.);
#5611=ORIENTED_EDGE('',*,*,#4395,.T.);
#5612=ORIENTED_EDGE('',*,*,#4400,.F.);
#5613=ORIENTED_EDGE('',*,*,#4401,.T.);
#5614=ORIENTED_EDGE('',*,*,#4402,.F.);
#5615=ORIENTED_EDGE('',*,*,#4403,.F.);
#5616=ORIENTED_EDGE('',*,*,#4404,.T.);
#5617=ORIENTED_EDGE('',*,*,#4403,.T.);
#5618=ORIENTED_EDGE('',*,*,#4405,.F.);
#5619=ORIENTED_EDGE('',*,*,#4406,.F.);
#5620=ORIENTED_EDGE('',*,*,#4407,.T.);
#5621=ORIENTED_EDGE('',*,*,#4406,.T.);
#5622=ORIENTED_EDGE('',*,*,#4408,.F.);
#5623=ORIENTED_EDGE('',*,*,#4409,.F.);
#5624=ORIENTED_EDGE('',*,*,#4410,.T.);
#5625=ORIENTED_EDGE('',*,*,#4409,.T.);
#5626=ORIENTED_EDGE('',*,*,#4411,.F.);
#5627=ORIENTED_EDGE('',*,*,#4401,.F.);
#5628=ORIENTED_EDGE('',*,*,#4411,.T.);
#5629=ORIENTED_EDGE('',*,*,#4408,.T.);
#5630=ORIENTED_EDGE('',*,*,#4405,.T.);
#5631=ORIENTED_EDGE('',*,*,#4402,.T.);
#5632=ORIENTED_EDGE('',*,*,#4410,.F.);
#5633=ORIENTED_EDGE('',*,*,#4400,.T.);
#5634=ORIENTED_EDGE('',*,*,#4404,.F.);
#5635=ORIENTED_EDGE('',*,*,#4407,.F.);
#5636=ORIENTED_EDGE('',*,*,#4412,.T.);
#5637=ORIENTED_EDGE('',*,*,#4413,.T.);
#5638=ORIENTED_EDGE('',*,*,#4414,.F.);
#5639=ORIENTED_EDGE('',*,*,#4413,.F.);
#5640=ORIENTED_EDGE('',*,*,#4415,.T.);
#5641=ORIENTED_EDGE('',*,*,#4416,.T.);
#5642=ORIENTED_EDGE('',*,*,#4417,.F.);
#5643=ORIENTED_EDGE('',*,*,#4418,.F.);
#5644=ORIENTED_EDGE('',*,*,#4419,.T.);
#5645=ORIENTED_EDGE('',*,*,#4418,.T.);
#5646=ORIENTED_EDGE('',*,*,#4420,.F.);
#5647=ORIENTED_EDGE('',*,*,#4421,.F.);
#5648=ORIENTED_EDGE('',*,*,#4422,.T.);
#5649=ORIENTED_EDGE('',*,*,#4421,.T.);
#5650=ORIENTED_EDGE('',*,*,#4423,.F.);
#5651=ORIENTED_EDGE('',*,*,#4424,.F.);
#5652=ORIENTED_EDGE('',*,*,#4425,.T.);
#5653=ORIENTED_EDGE('',*,*,#4424,.T.);
#5654=ORIENTED_EDGE('',*,*,#4426,.F.);
#5655=ORIENTED_EDGE('',*,*,#4416,.F.);
#5656=ORIENTED_EDGE('',*,*,#4426,.T.);
#5657=ORIENTED_EDGE('',*,*,#4423,.T.);
#5658=ORIENTED_EDGE('',*,*,#4420,.T.);
#5659=ORIENTED_EDGE('',*,*,#4417,.T.);
#5660=ORIENTED_EDGE('',*,*,#4414,.T.);
#5661=ORIENTED_EDGE('',*,*,#4425,.F.);
#5662=ORIENTED_EDGE('',*,*,#4415,.F.);
#5663=ORIENTED_EDGE('',*,*,#4419,.F.);
#5664=ORIENTED_EDGE('',*,*,#4422,.F.);
#5665=ORIENTED_EDGE('',*,*,#4412,.F.);
#5666=ORIENTED_EDGE('',*,*,#4427,.T.);
#5667=ORIENTED_EDGE('',*,*,#4428,.T.);
#5668=ORIENTED_EDGE('',*,*,#4429,.F.);
#5669=ORIENTED_EDGE('',*,*,#4428,.F.);
#5670=ORIENTED_EDGE('',*,*,#4430,.T.);
#5671=ORIENTED_EDGE('',*,*,#4431,.T.);
#5672=ORIENTED_EDGE('',*,*,#4432,.F.);
#5673=ORIENTED_EDGE('',*,*,#4433,.F.);
#5674=ORIENTED_EDGE('',*,*,#4434,.T.);
#5675=ORIENTED_EDGE('',*,*,#4433,.T.);
#5676=ORIENTED_EDGE('',*,*,#4435,.F.);
#5677=ORIENTED_EDGE('',*,*,#4436,.F.);
#5678=ORIENTED_EDGE('',*,*,#4437,.T.);
#5679=ORIENTED_EDGE('',*,*,#4436,.T.);
#5680=ORIENTED_EDGE('',*,*,#4438,.F.);
#5681=ORIENTED_EDGE('',*,*,#4439,.F.);
#5682=ORIENTED_EDGE('',*,*,#4440,.T.);
#5683=ORIENTED_EDGE('',*,*,#4439,.T.);
#5684=ORIENTED_EDGE('',*,*,#4441,.F.);
#5685=ORIENTED_EDGE('',*,*,#4431,.F.);
#5686=ORIENTED_EDGE('',*,*,#4441,.T.);
#5687=ORIENTED_EDGE('',*,*,#4438,.T.);
#5688=ORIENTED_EDGE('',*,*,#4435,.T.);
#5689=ORIENTED_EDGE('',*,*,#4432,.T.);
#5690=ORIENTED_EDGE('',*,*,#4429,.T.);
#5691=ORIENTED_EDGE('',*,*,#4440,.F.);
#5692=ORIENTED_EDGE('',*,*,#4430,.F.);
#5693=ORIENTED_EDGE('',*,*,#4434,.F.);
#5694=ORIENTED_EDGE('',*,*,#4437,.F.);
#5695=ORIENTED_EDGE('',*,*,#4427,.F.);
#5696=ORIENTED_EDGE('',*,*,#4442,.T.);
#5697=ORIENTED_EDGE('',*,*,#4443,.T.);
#5698=ORIENTED_EDGE('',*,*,#4444,.F.);
#5699=ORIENTED_EDGE('',*,*,#4443,.F.);
#5700=ORIENTED_EDGE('',*,*,#4445,.T.);
#5701=ORIENTED_EDGE('',*,*,#4446,.T.);
#5702=ORIENTED_EDGE('',*,*,#4447,.F.);
#5703=ORIENTED_EDGE('',*,*,#4448,.F.);
#5704=ORIENTED_EDGE('',*,*,#4449,.T.);
#5705=ORIENTED_EDGE('',*,*,#4448,.T.);
#5706=ORIENTED_EDGE('',*,*,#4450,.F.);
#5707=ORIENTED_EDGE('',*,*,#4451,.F.);
#5708=ORIENTED_EDGE('',*,*,#4452,.T.);
#5709=ORIENTED_EDGE('',*,*,#4451,.T.);
#5710=ORIENTED_EDGE('',*,*,#4453,.F.);
#5711=ORIENTED_EDGE('',*,*,#4454,.F.);
#5712=ORIENTED_EDGE('',*,*,#4455,.T.);
#5713=ORIENTED_EDGE('',*,*,#4454,.T.);
#5714=ORIENTED_EDGE('',*,*,#4456,.F.);
#5715=ORIENTED_EDGE('',*,*,#4446,.F.);
#5716=ORIENTED_EDGE('',*,*,#4456,.T.);
#5717=ORIENTED_EDGE('',*,*,#4453,.T.);
#5718=ORIENTED_EDGE('',*,*,#4450,.T.);
#5719=ORIENTED_EDGE('',*,*,#4447,.T.);
#5720=ORIENTED_EDGE('',*,*,#4444,.T.);
#5721=ORIENTED_EDGE('',*,*,#4455,.F.);
#5722=ORIENTED_EDGE('',*,*,#4445,.F.);
#5723=ORIENTED_EDGE('',*,*,#4449,.F.);
#5724=ORIENTED_EDGE('',*,*,#4452,.F.);
#5725=ORIENTED_EDGE('',*,*,#4442,.F.);
#5726=ORIENTED_EDGE('',*,*,#4457,.T.);
#5727=ORIENTED_EDGE('',*,*,#4458,.T.);
#5728=ORIENTED_EDGE('',*,*,#4459,.F.);
#5729=ORIENTED_EDGE('',*,*,#4458,.F.);
#5730=ORIENTED_EDGE('',*,*,#4460,.T.);
#5731=ORIENTED_EDGE('',*,*,#4461,.T.);
#5732=ORIENTED_EDGE('',*,*,#4462,.F.);
#5733=ORIENTED_EDGE('',*,*,#4463,.F.);
#5734=ORIENTED_EDGE('',*,*,#4464,.T.);
#5735=ORIENTED_EDGE('',*,*,#4463,.T.);
#5736=ORIENTED_EDGE('',*,*,#4465,.F.);
#5737=ORIENTED_EDGE('',*,*,#4466,.F.);
#5738=ORIENTED_EDGE('',*,*,#4467,.T.);
#5739=ORIENTED_EDGE('',*,*,#4466,.T.);
#5740=ORIENTED_EDGE('',*,*,#4468,.F.);
#5741=ORIENTED_EDGE('',*,*,#4469,.F.);
#5742=ORIENTED_EDGE('',*,*,#4470,.T.);
#5743=ORIENTED_EDGE('',*,*,#4469,.T.);
#5744=ORIENTED_EDGE('',*,*,#4471,.F.);
#5745=ORIENTED_EDGE('',*,*,#4461,.F.);
#5746=ORIENTED_EDGE('',*,*,#4471,.T.);
#5747=ORIENTED_EDGE('',*,*,#4468,.T.);
#5748=ORIENTED_EDGE('',*,*,#4465,.T.);
#5749=ORIENTED_EDGE('',*,*,#4462,.T.);
#5750=ORIENTED_EDGE('',*,*,#4459,.T.);
#5751=ORIENTED_EDGE('',*,*,#4470,.F.);
#5752=ORIENTED_EDGE('',*,*,#4460,.F.);
#5753=ORIENTED_EDGE('',*,*,#4464,.F.);
#5754=ORIENTED_EDGE('',*,*,#4467,.F.);
#5755=ORIENTED_EDGE('',*,*,#4457,.F.);
#5756=ORIENTED_EDGE('',*,*,#4472,.T.);
#5757=ORIENTED_EDGE('',*,*,#4473,.T.);
#5758=ORIENTED_EDGE('',*,*,#4474,.F.);
#5759=ORIENTED_EDGE('',*,*,#4473,.F.);
#5760=ORIENTED_EDGE('',*,*,#4475,.T.);
#5761=ORIENTED_EDGE('',*,*,#4476,.T.);
#5762=ORIENTED_EDGE('',*,*,#4477,.F.);
#5763=ORIENTED_EDGE('',*,*,#4478,.F.);
#5764=ORIENTED_EDGE('',*,*,#4479,.T.);
#5765=ORIENTED_EDGE('',*,*,#4478,.T.);
#5766=ORIENTED_EDGE('',*,*,#4480,.F.);
#5767=ORIENTED_EDGE('',*,*,#4481,.F.);
#5768=ORIENTED_EDGE('',*,*,#4482,.T.);
#5769=ORIENTED_EDGE('',*,*,#4481,.T.);
#5770=ORIENTED_EDGE('',*,*,#4483,.F.);
#5771=ORIENTED_EDGE('',*,*,#4484,.F.);
#5772=ORIENTED_EDGE('',*,*,#4485,.T.);
#5773=ORIENTED_EDGE('',*,*,#4484,.T.);
#5774=ORIENTED_EDGE('',*,*,#4486,.F.);
#5775=ORIENTED_EDGE('',*,*,#4476,.F.);
#5776=ORIENTED_EDGE('',*,*,#4486,.T.);
#5777=ORIENTED_EDGE('',*,*,#4483,.T.);
#5778=ORIENTED_EDGE('',*,*,#4480,.T.);
#5779=ORIENTED_EDGE('',*,*,#4477,.T.);
#5780=ORIENTED_EDGE('',*,*,#4474,.T.);
#5781=ORIENTED_EDGE('',*,*,#4485,.F.);
#5782=ORIENTED_EDGE('',*,*,#4475,.F.);
#5783=ORIENTED_EDGE('',*,*,#4479,.F.);
#5784=ORIENTED_EDGE('',*,*,#4482,.F.);
#5785=ORIENTED_EDGE('',*,*,#4472,.F.);
#5786=ORIENTED_EDGE('',*,*,#4487,.F.);
#5787=ORIENTED_EDGE('',*,*,#4488,.F.);
#5788=ORIENTED_EDGE('',*,*,#4489,.F.);
#5789=ORIENTED_EDGE('',*,*,#4490,.F.);
#5790=ORIENTED_EDGE('',*,*,#4491,.F.);
#5791=ORIENTED_EDGE('',*,*,#4488,.T.);
#5792=ORIENTED_EDGE('',*,*,#4492,.T.);
#5793=ORIENTED_EDGE('',*,*,#4493,.F.);
#5794=ORIENTED_EDGE('',*,*,#4494,.F.);
#5795=ORIENTED_EDGE('',*,*,#4487,.T.);
#5796=ORIENTED_EDGE('',*,*,#4495,.T.);
#5797=ORIENTED_EDGE('',*,*,#4496,.F.);
#5798=ORIENTED_EDGE('',*,*,#4492,.F.);
#5799=ORIENTED_EDGE('',*,*,#4491,.T.);
#5800=ORIENTED_EDGE('',*,*,#4497,.T.);
#5801=ORIENTED_EDGE('',*,*,#4498,.F.);
#5802=ORIENTED_EDGE('',*,*,#4497,.F.);
#5803=ORIENTED_EDGE('',*,*,#4489,.T.);
#5804=ORIENTED_EDGE('',*,*,#4494,.T.);
#5805=ORIENTED_EDGE('',*,*,#4499,.F.);
#5806=ORIENTED_EDGE('',*,*,#4500,.F.);
#5807=ORIENTED_EDGE('',*,*,#4490,.T.);
#5808=ORIENTED_EDGE('',*,*,#4500,.T.);
#5809=ORIENTED_EDGE('',*,*,#4501,.F.);
#5810=ORIENTED_EDGE('',*,*,#4495,.F.);
#5811=ORIENTED_EDGE('',*,*,#4496,.T.);
#5812=ORIENTED_EDGE('',*,*,#4501,.T.);
#5813=ORIENTED_EDGE('',*,*,#4499,.T.);
#5814=ORIENTED_EDGE('',*,*,#4493,.T.);
#5815=ORIENTED_EDGE('',*,*,#4498,.T.);
#5816=ORIENTED_EDGE('',*,*,#4502,.F.);
#5817=ORIENTED_EDGE('',*,*,#4503,.F.);
#5818=ORIENTED_EDGE('',*,*,#4504,.F.);
#5819=ORIENTED_EDGE('',*,*,#4505,.F.);
#5820=ORIENTED_EDGE('',*,*,#4506,.F.);
#5821=ORIENTED_EDGE('',*,*,#4503,.T.);
#5822=ORIENTED_EDGE('',*,*,#4507,.T.);
#5823=ORIENTED_EDGE('',*,*,#4508,.F.);
#5824=ORIENTED_EDGE('',*,*,#4509,.F.);
#5825=ORIENTED_EDGE('',*,*,#4502,.T.);
#5826=ORIENTED_EDGE('',*,*,#4510,.T.);
#5827=ORIENTED_EDGE('',*,*,#4511,.F.);
#5828=ORIENTED_EDGE('',*,*,#4507,.F.);
#5829=ORIENTED_EDGE('',*,*,#4506,.T.);
#5830=ORIENTED_EDGE('',*,*,#4512,.T.);
#5831=ORIENTED_EDGE('',*,*,#4513,.F.);
#5832=ORIENTED_EDGE('',*,*,#4512,.F.);
#5833=ORIENTED_EDGE('',*,*,#4504,.T.);
#5834=ORIENTED_EDGE('',*,*,#4509,.T.);
#5835=ORIENTED_EDGE('',*,*,#4514,.F.);
#5836=ORIENTED_EDGE('',*,*,#4515,.F.);
#5837=ORIENTED_EDGE('',*,*,#4505,.T.);
#5838=ORIENTED_EDGE('',*,*,#4515,.T.);
#5839=ORIENTED_EDGE('',*,*,#4516,.F.);
#5840=ORIENTED_EDGE('',*,*,#4510,.F.);
#5841=ORIENTED_EDGE('',*,*,#4511,.T.);
#5842=ORIENTED_EDGE('',*,*,#4516,.T.);
#5843=ORIENTED_EDGE('',*,*,#4514,.T.);
#5844=ORIENTED_EDGE('',*,*,#4508,.T.);
#5845=ORIENTED_EDGE('',*,*,#4513,.T.);
#5846=ORIENTED_EDGE('',*,*,#4517,.F.);
#5847=ORIENTED_EDGE('',*,*,#4518,.F.);
#5848=ORIENTED_EDGE('',*,*,#4519,.F.);
#5849=ORIENTED_EDGE('',*,*,#4520,.F.);
#5850=ORIENTED_EDGE('',*,*,#4521,.F.);
#5851=ORIENTED_EDGE('',*,*,#4518,.T.);
#5852=ORIENTED_EDGE('',*,*,#4522,.T.);
#5853=ORIENTED_EDGE('',*,*,#4523,.F.);
#5854=ORIENTED_EDGE('',*,*,#4524,.F.);
#5855=ORIENTED_EDGE('',*,*,#4517,.T.);
#5856=ORIENTED_EDGE('',*,*,#4525,.T.);
#5857=ORIENTED_EDGE('',*,*,#4526,.F.);
#5858=ORIENTED_EDGE('',*,*,#4522,.F.);
#5859=ORIENTED_EDGE('',*,*,#4521,.T.);
#5860=ORIENTED_EDGE('',*,*,#4527,.T.);
#5861=ORIENTED_EDGE('',*,*,#4528,.F.);
#5862=ORIENTED_EDGE('',*,*,#4527,.F.);
#5863=ORIENTED_EDGE('',*,*,#4519,.T.);
#5864=ORIENTED_EDGE('',*,*,#4524,.T.);
#5865=ORIENTED_EDGE('',*,*,#4529,.F.);
#5866=ORIENTED_EDGE('',*,*,#4530,.F.);
#5867=ORIENTED_EDGE('',*,*,#4520,.T.);
#5868=ORIENTED_EDGE('',*,*,#4530,.T.);
#5869=ORIENTED_EDGE('',*,*,#4531,.F.);
#5870=ORIENTED_EDGE('',*,*,#4525,.F.);
#5871=ORIENTED_EDGE('',*,*,#4526,.T.);
#5872=ORIENTED_EDGE('',*,*,#4531,.T.);
#5873=ORIENTED_EDGE('',*,*,#4529,.T.);
#5874=ORIENTED_EDGE('',*,*,#4523,.T.);
#5875=ORIENTED_EDGE('',*,*,#4528,.T.);
#5876=ORIENTED_EDGE('',*,*,#4532,.F.);
#5877=ORIENTED_EDGE('',*,*,#4533,.F.);
#5878=ORIENTED_EDGE('',*,*,#4534,.F.);
#5879=ORIENTED_EDGE('',*,*,#4535,.F.);
#5880=ORIENTED_EDGE('',*,*,#4536,.F.);
#5881=ORIENTED_EDGE('',*,*,#4533,.T.);
#5882=ORIENTED_EDGE('',*,*,#4537,.T.);
#5883=ORIENTED_EDGE('',*,*,#4538,.F.);
#5884=ORIENTED_EDGE('',*,*,#4539,.F.);
#5885=ORIENTED_EDGE('',*,*,#4532,.T.);
#5886=ORIENTED_EDGE('',*,*,#4540,.T.);
#5887=ORIENTED_EDGE('',*,*,#4541,.F.);
#5888=ORIENTED_EDGE('',*,*,#4537,.F.);
#5889=ORIENTED_EDGE('',*,*,#4536,.T.);
#5890=ORIENTED_EDGE('',*,*,#4542,.T.);
#5891=ORIENTED_EDGE('',*,*,#4543,.F.);
#5892=ORIENTED_EDGE('',*,*,#4542,.F.);
#5893=ORIENTED_EDGE('',*,*,#4534,.T.);
#5894=ORIENTED_EDGE('',*,*,#4539,.T.);
#5895=ORIENTED_EDGE('',*,*,#4544,.F.);
#5896=ORIENTED_EDGE('',*,*,#4545,.F.);
#5897=ORIENTED_EDGE('',*,*,#4535,.T.);
#5898=ORIENTED_EDGE('',*,*,#4545,.T.);
#5899=ORIENTED_EDGE('',*,*,#4546,.F.);
#5900=ORIENTED_EDGE('',*,*,#4540,.F.);
#5901=ORIENTED_EDGE('',*,*,#4541,.T.);
#5902=ORIENTED_EDGE('',*,*,#4546,.T.);
#5903=ORIENTED_EDGE('',*,*,#4544,.T.);
#5904=ORIENTED_EDGE('',*,*,#4538,.T.);
#5905=ORIENTED_EDGE('',*,*,#4543,.T.);
#5906=ORIENTED_EDGE('',*,*,#4547,.F.);
#5907=ORIENTED_EDGE('',*,*,#4548,.F.);
#5908=ORIENTED_EDGE('',*,*,#4549,.F.);
#5909=ORIENTED_EDGE('',*,*,#4550,.F.);
#5910=ORIENTED_EDGE('',*,*,#4551,.F.);
#5911=ORIENTED_EDGE('',*,*,#4548,.T.);
#5912=ORIENTED_EDGE('',*,*,#4552,.T.);
#5913=ORIENTED_EDGE('',*,*,#4553,.F.);
#5914=ORIENTED_EDGE('',*,*,#4554,.F.);
#5915=ORIENTED_EDGE('',*,*,#4547,.T.);
#5916=ORIENTED_EDGE('',*,*,#4555,.T.);
#5917=ORIENTED_EDGE('',*,*,#4556,.F.);
#5918=ORIENTED_EDGE('',*,*,#4552,.F.);
#5919=ORIENTED_EDGE('',*,*,#4551,.T.);
#5920=ORIENTED_EDGE('',*,*,#4557,.T.);
#5921=ORIENTED_EDGE('',*,*,#4558,.F.);
#5922=ORIENTED_EDGE('',*,*,#4557,.F.);
#5923=ORIENTED_EDGE('',*,*,#4549,.T.);
#5924=ORIENTED_EDGE('',*,*,#4554,.T.);
#5925=ORIENTED_EDGE('',*,*,#4559,.F.);
#5926=ORIENTED_EDGE('',*,*,#4560,.F.);
#5927=ORIENTED_EDGE('',*,*,#4550,.T.);
#5928=ORIENTED_EDGE('',*,*,#4560,.T.);
#5929=ORIENTED_EDGE('',*,*,#4561,.F.);
#5930=ORIENTED_EDGE('',*,*,#4555,.F.);
#5931=ORIENTED_EDGE('',*,*,#4556,.T.);
#5932=ORIENTED_EDGE('',*,*,#4561,.T.);
#5933=ORIENTED_EDGE('',*,*,#4559,.T.);
#5934=ORIENTED_EDGE('',*,*,#4553,.T.);
#5935=ORIENTED_EDGE('',*,*,#4558,.T.);
#5936=ORIENTED_EDGE('',*,*,#4562,.T.);
#5937=ORIENTED_EDGE('',*,*,#4563,.T.);
#5938=ORIENTED_EDGE('',*,*,#4564,.T.);
#5939=ORIENTED_EDGE('',*,*,#4565,.T.);
#5940=ORIENTED_EDGE('',*,*,#4566,.T.);
#5941=ORIENTED_EDGE('',*,*,#4565,.F.);
#5942=ORIENTED_EDGE('',*,*,#4567,.T.);
#5943=ORIENTED_EDGE('',*,*,#4568,.T.);
#5944=ORIENTED_EDGE('',*,*,#4569,.T.);
#5945=ORIENTED_EDGE('',*,*,#4570,.T.);
#5946=ORIENTED_EDGE('',*,*,#4571,.T.);
#5947=ORIENTED_EDGE('',*,*,#4568,.F.);
#5948=ORIENTED_EDGE('',*,*,#4562,.F.);
#5949=ORIENTED_EDGE('',*,*,#4572,.F.);
#5950=ORIENTED_EDGE('',*,*,#4573,.T.);
#5951=ORIENTED_EDGE('',*,*,#4574,.T.);
#5952=ORIENTED_EDGE('',*,*,#4575,.T.);
#5953=ORIENTED_EDGE('',*,*,#4576,.T.);
#5954=ORIENTED_EDGE('',*,*,#4566,.F.);
#5955=ORIENTED_EDGE('',*,*,#4577,.F.);
#5956=ORIENTED_EDGE('',*,*,#4578,.T.);
#5957=ORIENTED_EDGE('',*,*,#4572,.T.);
#5958=ORIENTED_EDGE('',*,*,#4571,.F.);
#5959=ORIENTED_EDGE('',*,*,#4579,.T.);
#5960=ORIENTED_EDGE('',*,*,#4580,.F.);
#5961=ORIENTED_EDGE('',*,*,#4581,.F.);
#5962=ORIENTED_EDGE('',*,*,#4582,.F.);
#5963=ORIENTED_EDGE('',*,*,#4577,.T.);
#5964=ORIENTED_EDGE('',*,*,#4563,.F.);
#5965=ORIENTED_EDGE('',*,*,#4583,.T.);
#5966=ORIENTED_EDGE('',*,*,#4570,.F.);
#5967=ORIENTED_EDGE('',*,*,#4584,.T.);
#5968=ORIENTED_EDGE('',*,*,#4583,.F.);
#5969=ORIENTED_EDGE('',*,*,#4576,.F.);
#5970=ORIENTED_EDGE('',*,*,#4585,.F.);
#5971=ORIENTED_EDGE('',*,*,#4579,.F.);
#5972=ORIENTED_EDGE('',*,*,#4564,.F.);
#5973=ORIENTED_EDGE('',*,*,#4584,.F.);
#5974=ORIENTED_EDGE('',*,*,#4569,.F.);
#5975=ORIENTED_EDGE('',*,*,#4567,.F.);
#5976=ORIENTED_EDGE('',*,*,#4580,.T.);
#5977=ORIENTED_EDGE('',*,*,#4585,.T.);
#5978=ORIENTED_EDGE('',*,*,#4575,.F.);
#5979=ORIENTED_EDGE('',*,*,#4586,.F.);
#5980=ORIENTED_EDGE('',*,*,#4581,.T.);
#5981=ORIENTED_EDGE('',*,*,#4586,.T.);
#5982=ORIENTED_EDGE('',*,*,#4574,.F.);
#5983=ORIENTED_EDGE('',*,*,#4587,.F.);
#5984=ORIENTED_EDGE('',*,*,#4582,.T.);
#5985=ORIENTED_EDGE('',*,*,#4587,.T.);
#5986=ORIENTED_EDGE('',*,*,#4573,.F.);
#5987=ORIENTED_EDGE('',*,*,#4578,.F.);
#5988=ORIENTED_EDGE('',*,*,#4588,.T.);
#5989=ORIENTED_EDGE('',*,*,#4589,.T.);
#5990=ORIENTED_EDGE('',*,*,#4590,.T.);
#5991=ORIENTED_EDGE('',*,*,#4591,.T.);
#5992=ORIENTED_EDGE('',*,*,#4592,.T.);
#5993=ORIENTED_EDGE('',*,*,#4591,.F.);
#5994=ORIENTED_EDGE('',*,*,#4593,.T.);
#5995=ORIENTED_EDGE('',*,*,#4594,.T.);
#5996=ORIENTED_EDGE('',*,*,#4595,.T.);
#5997=ORIENTED_EDGE('',*,*,#4596,.T.);
#5998=ORIENTED_EDGE('',*,*,#4597,.T.);
#5999=ORIENTED_EDGE('',*,*,#4594,.F.);
#6000=ORIENTED_EDGE('',*,*,#4588,.F.);
#6001=ORIENTED_EDGE('',*,*,#4598,.F.);
#6002=ORIENTED_EDGE('',*,*,#4599,.T.);
#6003=ORIENTED_EDGE('',*,*,#4600,.T.);
#6004=ORIENTED_EDGE('',*,*,#4601,.T.);
#6005=ORIENTED_EDGE('',*,*,#4602,.T.);
#6006=ORIENTED_EDGE('',*,*,#4592,.F.);
#6007=ORIENTED_EDGE('',*,*,#4603,.F.);
#6008=ORIENTED_EDGE('',*,*,#4604,.T.);
#6009=ORIENTED_EDGE('',*,*,#4598,.T.);
#6010=ORIENTED_EDGE('',*,*,#4597,.F.);
#6011=ORIENTED_EDGE('',*,*,#4605,.T.);
#6012=ORIENTED_EDGE('',*,*,#4606,.F.);
#6013=ORIENTED_EDGE('',*,*,#4607,.F.);
#6014=ORIENTED_EDGE('',*,*,#4608,.F.);
#6015=ORIENTED_EDGE('',*,*,#4603,.T.);
#6016=ORIENTED_EDGE('',*,*,#4589,.F.);
#6017=ORIENTED_EDGE('',*,*,#4609,.T.);
#6018=ORIENTED_EDGE('',*,*,#4596,.F.);
#6019=ORIENTED_EDGE('',*,*,#4610,.T.);
#6020=ORIENTED_EDGE('',*,*,#4609,.F.);
#6021=ORIENTED_EDGE('',*,*,#4602,.F.);
#6022=ORIENTED_EDGE('',*,*,#4611,.F.);
#6023=ORIENTED_EDGE('',*,*,#4605,.F.);
#6024=ORIENTED_EDGE('',*,*,#4590,.F.);
#6025=ORIENTED_EDGE('',*,*,#4610,.F.);
#6026=ORIENTED_EDGE('',*,*,#4595,.F.);
#6027=ORIENTED_EDGE('',*,*,#4593,.F.);
#6028=ORIENTED_EDGE('',*,*,#4606,.T.);
#6029=ORIENTED_EDGE('',*,*,#4611,.T.);
#6030=ORIENTED_EDGE('',*,*,#4601,.F.);
#6031=ORIENTED_EDGE('',*,*,#4612,.F.);
#6032=ORIENTED_EDGE('',*,*,#4607,.T.);
#6033=ORIENTED_EDGE('',*,*,#4612,.T.);
#6034=ORIENTED_EDGE('',*,*,#4600,.F.);
#6035=ORIENTED_EDGE('',*,*,#4613,.F.);
#6036=ORIENTED_EDGE('',*,*,#4608,.T.);
#6037=ORIENTED_EDGE('',*,*,#4613,.T.);
#6038=ORIENTED_EDGE('',*,*,#4599,.F.);
#6039=ORIENTED_EDGE('',*,*,#4604,.F.);
#6040=ORIENTED_EDGE('',*,*,#4614,.T.);
#6041=ORIENTED_EDGE('',*,*,#4615,.T.);
#6042=ORIENTED_EDGE('',*,*,#4616,.T.);
#6043=ORIENTED_EDGE('',*,*,#4617,.T.);
#6044=ORIENTED_EDGE('',*,*,#4618,.T.);
#6045=ORIENTED_EDGE('',*,*,#4617,.F.);
#6046=ORIENTED_EDGE('',*,*,#4619,.T.);
#6047=ORIENTED_EDGE('',*,*,#4620,.T.);
#6048=ORIENTED_EDGE('',*,*,#4621,.T.);
#6049=ORIENTED_EDGE('',*,*,#4622,.T.);
#6050=ORIENTED_EDGE('',*,*,#4623,.T.);
#6051=ORIENTED_EDGE('',*,*,#4620,.F.);
#6052=ORIENTED_EDGE('',*,*,#4614,.F.);
#6053=ORIENTED_EDGE('',*,*,#4624,.F.);
#6054=ORIENTED_EDGE('',*,*,#4625,.T.);
#6055=ORIENTED_EDGE('',*,*,#4626,.T.);
#6056=ORIENTED_EDGE('',*,*,#4627,.T.);
#6057=ORIENTED_EDGE('',*,*,#4628,.T.);
#6058=ORIENTED_EDGE('',*,*,#4618,.F.);
#6059=ORIENTED_EDGE('',*,*,#4629,.F.);
#6060=ORIENTED_EDGE('',*,*,#4630,.T.);
#6061=ORIENTED_EDGE('',*,*,#4624,.T.);
#6062=ORIENTED_EDGE('',*,*,#4623,.F.);
#6063=ORIENTED_EDGE('',*,*,#4631,.T.);
#6064=ORIENTED_EDGE('',*,*,#4632,.F.);
#6065=ORIENTED_EDGE('',*,*,#4633,.F.);
#6066=ORIENTED_EDGE('',*,*,#4634,.F.);
#6067=ORIENTED_EDGE('',*,*,#4629,.T.);
#6068=ORIENTED_EDGE('',*,*,#4615,.F.);
#6069=ORIENTED_EDGE('',*,*,#4635,.T.);
#6070=ORIENTED_EDGE('',*,*,#4622,.F.);
#6071=ORIENTED_EDGE('',*,*,#4636,.T.);
#6072=ORIENTED_EDGE('',*,*,#4635,.F.);
#6073=ORIENTED_EDGE('',*,*,#4628,.F.);
#6074=ORIENTED_EDGE('',*,*,#4637,.F.);
#6075=ORIENTED_EDGE('',*,*,#4631,.F.);
#6076=ORIENTED_EDGE('',*,*,#4616,.F.);
#6077=ORIENTED_EDGE('',*,*,#4636,.F.);
#6078=ORIENTED_EDGE('',*,*,#4621,.F.);
#6079=ORIENTED_EDGE('',*,*,#4619,.F.);
#6080=ORIENTED_EDGE('',*,*,#4632,.T.);
#6081=ORIENTED_EDGE('',*,*,#4637,.T.);
#6082=ORIENTED_EDGE('',*,*,#4627,.F.);
#6083=ORIENTED_EDGE('',*,*,#4638,.F.);
#6084=ORIENTED_EDGE('',*,*,#4633,.T.);
#6085=ORIENTED_EDGE('',*,*,#4638,.T.);
#6086=ORIENTED_EDGE('',*,*,#4626,.F.);
#6087=ORIENTED_EDGE('',*,*,#4639,.F.);
#6088=ORIENTED_EDGE('',*,*,#4634,.T.);
#6089=ORIENTED_EDGE('',*,*,#4639,.T.);
#6090=ORIENTED_EDGE('',*,*,#4625,.F.);
#6091=ORIENTED_EDGE('',*,*,#4630,.F.);
#6092=ORIENTED_EDGE('',*,*,#4640,.T.);
#6093=ORIENTED_EDGE('',*,*,#4641,.T.);
#6094=ORIENTED_EDGE('',*,*,#4642,.T.);
#6095=ORIENTED_EDGE('',*,*,#4643,.T.);
#6096=ORIENTED_EDGE('',*,*,#4644,.T.);
#6097=ORIENTED_EDGE('',*,*,#4643,.F.);
#6098=ORIENTED_EDGE('',*,*,#4645,.T.);
#6099=ORIENTED_EDGE('',*,*,#4646,.T.);
#6100=ORIENTED_EDGE('',*,*,#4647,.T.);
#6101=ORIENTED_EDGE('',*,*,#4648,.T.);
#6102=ORIENTED_EDGE('',*,*,#4649,.T.);
#6103=ORIENTED_EDGE('',*,*,#4646,.F.);
#6104=ORIENTED_EDGE('',*,*,#4640,.F.);
#6105=ORIENTED_EDGE('',*,*,#4650,.F.);
#6106=ORIENTED_EDGE('',*,*,#4651,.T.);
#6107=ORIENTED_EDGE('',*,*,#4652,.T.);
#6108=ORIENTED_EDGE('',*,*,#4653,.T.);
#6109=ORIENTED_EDGE('',*,*,#4654,.T.);
#6110=ORIENTED_EDGE('',*,*,#4644,.F.);
#6111=ORIENTED_EDGE('',*,*,#4655,.F.);
#6112=ORIENTED_EDGE('',*,*,#4656,.T.);
#6113=ORIENTED_EDGE('',*,*,#4650,.T.);
#6114=ORIENTED_EDGE('',*,*,#4649,.F.);
#6115=ORIENTED_EDGE('',*,*,#4657,.T.);
#6116=ORIENTED_EDGE('',*,*,#4658,.F.);
#6117=ORIENTED_EDGE('',*,*,#4659,.F.);
#6118=ORIENTED_EDGE('',*,*,#4660,.F.);
#6119=ORIENTED_EDGE('',*,*,#4655,.T.);
#6120=ORIENTED_EDGE('',*,*,#4641,.F.);
#6121=ORIENTED_EDGE('',*,*,#4661,.T.);
#6122=ORIENTED_EDGE('',*,*,#4648,.F.);
#6123=ORIENTED_EDGE('',*,*,#4662,.T.);
#6124=ORIENTED_EDGE('',*,*,#4661,.F.);
#6125=ORIENTED_EDGE('',*,*,#4654,.F.);
#6126=ORIENTED_EDGE('',*,*,#4663,.F.);
#6127=ORIENTED_EDGE('',*,*,#4657,.F.);
#6128=ORIENTED_EDGE('',*,*,#4642,.F.);
#6129=ORIENTED_EDGE('',*,*,#4662,.F.);
#6130=ORIENTED_EDGE('',*,*,#4647,.F.);
#6131=ORIENTED_EDGE('',*,*,#4645,.F.);
#6132=ORIENTED_EDGE('',*,*,#4658,.T.);
#6133=ORIENTED_EDGE('',*,*,#4663,.T.);
#6134=ORIENTED_EDGE('',*,*,#4653,.F.);
#6135=ORIENTED_EDGE('',*,*,#4664,.F.);
#6136=ORIENTED_EDGE('',*,*,#4659,.T.);
#6137=ORIENTED_EDGE('',*,*,#4664,.T.);
#6138=ORIENTED_EDGE('',*,*,#4652,.F.);
#6139=ORIENTED_EDGE('',*,*,#4665,.F.);
#6140=ORIENTED_EDGE('',*,*,#4660,.T.);
#6141=ORIENTED_EDGE('',*,*,#4665,.T.);
#6142=ORIENTED_EDGE('',*,*,#4651,.F.);
#6143=ORIENTED_EDGE('',*,*,#4656,.F.);
#6144=ORIENTED_EDGE('',*,*,#4666,.T.);
#6145=ORIENTED_EDGE('',*,*,#4667,.T.);
#6146=ORIENTED_EDGE('',*,*,#4668,.T.);
#6147=ORIENTED_EDGE('',*,*,#4669,.T.);
#6148=ORIENTED_EDGE('',*,*,#4670,.T.);
#6149=ORIENTED_EDGE('',*,*,#4669,.F.);
#6150=ORIENTED_EDGE('',*,*,#4671,.T.);
#6151=ORIENTED_EDGE('',*,*,#4672,.T.);
#6152=ORIENTED_EDGE('',*,*,#4673,.T.);
#6153=ORIENTED_EDGE('',*,*,#4674,.T.);
#6154=ORIENTED_EDGE('',*,*,#4675,.T.);
#6155=ORIENTED_EDGE('',*,*,#4672,.F.);
#6156=ORIENTED_EDGE('',*,*,#4666,.F.);
#6157=ORIENTED_EDGE('',*,*,#4676,.F.);
#6158=ORIENTED_EDGE('',*,*,#4677,.T.);
#6159=ORIENTED_EDGE('',*,*,#4678,.T.);
#6160=ORIENTED_EDGE('',*,*,#4679,.T.);
#6161=ORIENTED_EDGE('',*,*,#4680,.T.);
#6162=ORIENTED_EDGE('',*,*,#4670,.F.);
#6163=ORIENTED_EDGE('',*,*,#4681,.F.);
#6164=ORIENTED_EDGE('',*,*,#4682,.T.);
#6165=ORIENTED_EDGE('',*,*,#4676,.T.);
#6166=ORIENTED_EDGE('',*,*,#4675,.F.);
#6167=ORIENTED_EDGE('',*,*,#4683,.T.);
#6168=ORIENTED_EDGE('',*,*,#4684,.F.);
#6169=ORIENTED_EDGE('',*,*,#4685,.F.);
#6170=ORIENTED_EDGE('',*,*,#4686,.F.);
#6171=ORIENTED_EDGE('',*,*,#4681,.T.);
#6172=ORIENTED_EDGE('',*,*,#4667,.F.);
#6173=ORIENTED_EDGE('',*,*,#4687,.T.);
#6174=ORIENTED_EDGE('',*,*,#4674,.F.);
#6175=ORIENTED_EDGE('',*,*,#4688,.T.);
#6176=ORIENTED_EDGE('',*,*,#4687,.F.);
#6177=ORIENTED_EDGE('',*,*,#4680,.F.);
#6178=ORIENTED_EDGE('',*,*,#4689,.F.);
#6179=ORIENTED_EDGE('',*,*,#4683,.F.);
#6180=ORIENTED_EDGE('',*,*,#4668,.F.);
#6181=ORIENTED_EDGE('',*,*,#4688,.F.);
#6182=ORIENTED_EDGE('',*,*,#4673,.F.);
#6183=ORIENTED_EDGE('',*,*,#4671,.F.);
#6184=ORIENTED_EDGE('',*,*,#4684,.T.);
#6185=ORIENTED_EDGE('',*,*,#4689,.T.);
#6186=ORIENTED_EDGE('',*,*,#4679,.F.);
#6187=ORIENTED_EDGE('',*,*,#4690,.F.);
#6188=ORIENTED_EDGE('',*,*,#4685,.T.);
#6189=ORIENTED_EDGE('',*,*,#4690,.T.);
#6190=ORIENTED_EDGE('',*,*,#4678,.F.);
#6191=ORIENTED_EDGE('',*,*,#4691,.F.);
#6192=ORIENTED_EDGE('',*,*,#4686,.T.);
#6193=ORIENTED_EDGE('',*,*,#4691,.T.);
#6194=ORIENTED_EDGE('',*,*,#4677,.F.);
#6195=ORIENTED_EDGE('',*,*,#4682,.F.);
#6196=ORIENTED_EDGE('',*,*,#4692,.T.);
#6197=ORIENTED_EDGE('',*,*,#4693,.T.);
#6198=ORIENTED_EDGE('',*,*,#4694,.F.);
#6199=ORIENTED_EDGE('',*,*,#4693,.F.);
#6200=ORIENTED_EDGE('',*,*,#4695,.T.);
#6201=ORIENTED_EDGE('',*,*,#4696,.T.);
#6202=ORIENTED_EDGE('',*,*,#4697,.F.);
#6203=ORIENTED_EDGE('',*,*,#4696,.F.);
#6204=ORIENTED_EDGE('',*,*,#4698,.T.);
#6205=ORIENTED_EDGE('',*,*,#4699,.T.);
#6206=ORIENTED_EDGE('',*,*,#4700,.F.);
#6207=ORIENTED_EDGE('',*,*,#4699,.F.);
#6208=ORIENTED_EDGE('',*,*,#4701,.T.);
#6209=ORIENTED_EDGE('',*,*,#4702,.T.);
#6210=ORIENTED_EDGE('',*,*,#4703,.F.);
#6211=ORIENTED_EDGE('',*,*,#4702,.F.);
#6212=ORIENTED_EDGE('',*,*,#4704,.T.);
#6213=ORIENTED_EDGE('',*,*,#4705,.T.);
#6214=ORIENTED_EDGE('',*,*,#4706,.F.);
#6215=ORIENTED_EDGE('',*,*,#4705,.F.);
#6216=ORIENTED_EDGE('',*,*,#4707,.F.);
#6217=ORIENTED_EDGE('',*,*,#4708,.T.);
#6218=ORIENTED_EDGE('',*,*,#4709,.F.);
#6219=ORIENTED_EDGE('',*,*,#4710,.F.);
#6220=ORIENTED_EDGE('',*,*,#4711,.F.);
#6221=ORIENTED_EDGE('',*,*,#4710,.T.);
#6222=ORIENTED_EDGE('',*,*,#4712,.F.);
#6223=ORIENTED_EDGE('',*,*,#4713,.F.);
#6224=ORIENTED_EDGE('',*,*,#4714,.F.);
#6225=ORIENTED_EDGE('',*,*,#4713,.T.);
#6226=ORIENTED_EDGE('',*,*,#4715,.F.);
#6227=ORIENTED_EDGE('',*,*,#4716,.F.);
#6228=ORIENTED_EDGE('',*,*,#4717,.F.);
#6229=ORIENTED_EDGE('',*,*,#4716,.T.);
#6230=ORIENTED_EDGE('',*,*,#4718,.F.);
#6231=ORIENTED_EDGE('',*,*,#4708,.F.);
#6232=ORIENTED_EDGE('',*,*,#4718,.T.);
#6233=ORIENTED_EDGE('',*,*,#4715,.T.);
#6234=ORIENTED_EDGE('',*,*,#4712,.T.);
#6235=ORIENTED_EDGE('',*,*,#4709,.T.);
#6236=ORIENTED_EDGE('',*,*,#4706,.T.);
#6237=ORIENTED_EDGE('',*,*,#4703,.T.);
#6238=ORIENTED_EDGE('',*,*,#4700,.T.);
#6239=ORIENTED_EDGE('',*,*,#4697,.T.);
#6240=ORIENTED_EDGE('',*,*,#4694,.T.);
#6241=ORIENTED_EDGE('',*,*,#4717,.T.);
#6242=ORIENTED_EDGE('',*,*,#4707,.T.);
#6243=ORIENTED_EDGE('',*,*,#4711,.T.);
#6244=ORIENTED_EDGE('',*,*,#4714,.T.);
#6245=ORIENTED_EDGE('',*,*,#4704,.F.);
#6246=ORIENTED_EDGE('',*,*,#4701,.F.);
#6247=ORIENTED_EDGE('',*,*,#4698,.F.);
#6248=ORIENTED_EDGE('',*,*,#4695,.F.);
#6249=ORIENTED_EDGE('',*,*,#4692,.F.);
#6250=ORIENTED_EDGE('',*,*,#4719,.F.);
#6251=ORIENTED_EDGE('',*,*,#4720,.T.);
#6252=ORIENTED_EDGE('',*,*,#4721,.F.);
#6253=ORIENTED_EDGE('',*,*,#4720,.F.);
#6254=ORIENTED_EDGE('',*,*,#4722,.F.);
#6255=ORIENTED_EDGE('',*,*,#4723,.T.);
#6256=ORIENTED_EDGE('',*,*,#4724,.F.);
#6257=ORIENTED_EDGE('',*,*,#4723,.F.);
#6258=ORIENTED_EDGE('',*,*,#4725,.F.);
#6259=ORIENTED_EDGE('',*,*,#4726,.T.);
#6260=ORIENTED_EDGE('',*,*,#4727,.T.);
#6261=ORIENTED_EDGE('',*,*,#4728,.F.);
#6262=ORIENTED_EDGE('',*,*,#4729,.F.);
#6263=ORIENTED_EDGE('',*,*,#4730,.T.);
#6264=ORIENTED_EDGE('',*,*,#4731,.T.);
#6265=ORIENTED_EDGE('',*,*,#4726,.F.);
#6266=ORIENTED_EDGE('',*,*,#4732,.F.);
#6267=ORIENTED_EDGE('',*,*,#4733,.T.);
#6268=ORIENTED_EDGE('',*,*,#4734,.T.);
#6269=ORIENTED_EDGE('',*,*,#4730,.F.);
#6270=ORIENTED_EDGE('',*,*,#4735,.F.);
#6271=ORIENTED_EDGE('',*,*,#4736,.T.);
#6272=ORIENTED_EDGE('',*,*,#4737,.T.);
#6273=ORIENTED_EDGE('',*,*,#4733,.F.);
#6274=ORIENTED_EDGE('',*,*,#4738,.F.);
#6275=ORIENTED_EDGE('',*,*,#4739,.T.);
#6276=ORIENTED_EDGE('',*,*,#4740,.T.);
#6277=ORIENTED_EDGE('',*,*,#4736,.F.);
#6278=ORIENTED_EDGE('',*,*,#4741,.F.);
#6279=ORIENTED_EDGE('',*,*,#4742,.T.);
#6280=ORIENTED_EDGE('',*,*,#4743,.T.);
#6281=ORIENTED_EDGE('',*,*,#4739,.F.);
#6282=ORIENTED_EDGE('',*,*,#4744,.F.);
#6283=ORIENTED_EDGE('',*,*,#4728,.T.);
#6284=ORIENTED_EDGE('',*,*,#4745,.T.);
#6285=ORIENTED_EDGE('',*,*,#4742,.F.);
#6286=ORIENTED_EDGE('',*,*,#4746,.F.);
#6287=ORIENTED_EDGE('',*,*,#4747,.T.);
#6288=ORIENTED_EDGE('',*,*,#4748,.T.);
#6289=ORIENTED_EDGE('',*,*,#4749,.F.);
#6290=ORIENTED_EDGE('',*,*,#4750,.F.);
#6291=ORIENTED_EDGE('',*,*,#4751,.T.);
#6292=ORIENTED_EDGE('',*,*,#4752,.T.);
#6293=ORIENTED_EDGE('',*,*,#4747,.F.);
#6294=ORIENTED_EDGE('',*,*,#4753,.F.);
#6295=ORIENTED_EDGE('',*,*,#4754,.T.);
#6296=ORIENTED_EDGE('',*,*,#4755,.T.);
#6297=ORIENTED_EDGE('',*,*,#4751,.F.);
#6298=ORIENTED_EDGE('',*,*,#4756,.F.);
#6299=ORIENTED_EDGE('',*,*,#4757,.T.);
#6300=ORIENTED_EDGE('',*,*,#4758,.T.);
#6301=ORIENTED_EDGE('',*,*,#4754,.F.);
#6302=ORIENTED_EDGE('',*,*,#4759,.F.);
#6303=ORIENTED_EDGE('',*,*,#4760,.T.);
#6304=ORIENTED_EDGE('',*,*,#4761,.T.);
#6305=ORIENTED_EDGE('',*,*,#4757,.F.);
#6306=ORIENTED_EDGE('',*,*,#4762,.F.);
#6307=ORIENTED_EDGE('',*,*,#4763,.T.);
#6308=ORIENTED_EDGE('',*,*,#4764,.T.);
#6309=ORIENTED_EDGE('',*,*,#4760,.F.);
#6310=ORIENTED_EDGE('',*,*,#4765,.F.);
#6311=ORIENTED_EDGE('',*,*,#4766,.T.);
#6312=ORIENTED_EDGE('',*,*,#4767,.T.);
#6313=ORIENTED_EDGE('',*,*,#4763,.F.);
#6314=ORIENTED_EDGE('',*,*,#4768,.F.);
#6315=ORIENTED_EDGE('',*,*,#4769,.T.);
#6316=ORIENTED_EDGE('',*,*,#4770,.T.);
#6317=ORIENTED_EDGE('',*,*,#4766,.F.);
#6318=ORIENTED_EDGE('',*,*,#4771,.F.);
#6319=ORIENTED_EDGE('',*,*,#4772,.T.);
#6320=ORIENTED_EDGE('',*,*,#4773,.T.);
#6321=ORIENTED_EDGE('',*,*,#4769,.F.);
#6322=ORIENTED_EDGE('',*,*,#4774,.F.);
#6323=ORIENTED_EDGE('',*,*,#4775,.T.);
#6324=ORIENTED_EDGE('',*,*,#4776,.T.);
#6325=ORIENTED_EDGE('',*,*,#4772,.F.);
#6326=ORIENTED_EDGE('',*,*,#4777,.F.);
#6327=ORIENTED_EDGE('',*,*,#4778,.T.);
#6328=ORIENTED_EDGE('',*,*,#4779,.T.);
#6329=ORIENTED_EDGE('',*,*,#4775,.F.);
#6330=ORIENTED_EDGE('',*,*,#4780,.F.);
#6331=ORIENTED_EDGE('',*,*,#4781,.T.);
#6332=ORIENTED_EDGE('',*,*,#4782,.T.);
#6333=ORIENTED_EDGE('',*,*,#4778,.F.);
#6334=ORIENTED_EDGE('',*,*,#4783,.F.);
#6335=ORIENTED_EDGE('',*,*,#4784,.T.);
#6336=ORIENTED_EDGE('',*,*,#4785,.T.);
#6337=ORIENTED_EDGE('',*,*,#4781,.F.);
#6338=ORIENTED_EDGE('',*,*,#4786,.F.);
#6339=ORIENTED_EDGE('',*,*,#4787,.T.);
#6340=ORIENTED_EDGE('',*,*,#4788,.T.);
#6341=ORIENTED_EDGE('',*,*,#4784,.F.);
#6342=ORIENTED_EDGE('',*,*,#4789,.F.);
#6343=ORIENTED_EDGE('',*,*,#4749,.T.);
#6344=ORIENTED_EDGE('',*,*,#4790,.T.);
#6345=ORIENTED_EDGE('',*,*,#4787,.F.);
#6346=ORIENTED_EDGE('',*,*,#4790,.F.);
#6347=ORIENTED_EDGE('',*,*,#4748,.F.);
#6348=ORIENTED_EDGE('',*,*,#4752,.F.);
#6349=ORIENTED_EDGE('',*,*,#4755,.F.);
#6350=ORIENTED_EDGE('',*,*,#4758,.F.);
#6351=ORIENTED_EDGE('',*,*,#4761,.F.);
#6352=ORIENTED_EDGE('',*,*,#4764,.F.);
#6353=ORIENTED_EDGE('',*,*,#4767,.F.);
#6354=ORIENTED_EDGE('',*,*,#4770,.F.);
#6355=ORIENTED_EDGE('',*,*,#4773,.F.);
#6356=ORIENTED_EDGE('',*,*,#4776,.F.);
#6357=ORIENTED_EDGE('',*,*,#4779,.F.);
#6358=ORIENTED_EDGE('',*,*,#4782,.F.);
#6359=ORIENTED_EDGE('',*,*,#4785,.F.);
#6360=ORIENTED_EDGE('',*,*,#4788,.F.);
#6361=ORIENTED_EDGE('',*,*,#4745,.F.);
#6362=ORIENTED_EDGE('',*,*,#4727,.F.);
#6363=ORIENTED_EDGE('',*,*,#4731,.F.);
#6364=ORIENTED_EDGE('',*,*,#4734,.F.);
#6365=ORIENTED_EDGE('',*,*,#4737,.F.);
#6366=ORIENTED_EDGE('',*,*,#4740,.F.);
#6367=ORIENTED_EDGE('',*,*,#4743,.F.);
#6368=ORIENTED_EDGE('',*,*,#4791,.F.);
#6369=ORIENTED_EDGE('',*,*,#4792,.T.);
#6370=ORIENTED_EDGE('',*,*,#4793,.T.);
#6371=ORIENTED_EDGE('',*,*,#4794,.F.);
#6372=ORIENTED_EDGE('',*,*,#4795,.F.);
#6373=ORIENTED_EDGE('',*,*,#4796,.T.);
#6374=ORIENTED_EDGE('',*,*,#4797,.T.);
#6375=ORIENTED_EDGE('',*,*,#4792,.F.);
#6376=ORIENTED_EDGE('',*,*,#4798,.F.);
#6377=ORIENTED_EDGE('',*,*,#4799,.T.);
#6378=ORIENTED_EDGE('',*,*,#4800,.T.);
#6379=ORIENTED_EDGE('',*,*,#4796,.F.);
#6380=ORIENTED_EDGE('',*,*,#4801,.F.);
#6381=ORIENTED_EDGE('',*,*,#4802,.T.);
#6382=ORIENTED_EDGE('',*,*,#4803,.T.);
#6383=ORIENTED_EDGE('',*,*,#4799,.F.);
#6384=ORIENTED_EDGE('',*,*,#4804,.F.);
#6385=ORIENTED_EDGE('',*,*,#4805,.T.);
#6386=ORIENTED_EDGE('',*,*,#4806,.T.);
#6387=ORIENTED_EDGE('',*,*,#4802,.F.);
#6388=ORIENTED_EDGE('',*,*,#4807,.F.);
#6389=ORIENTED_EDGE('',*,*,#4808,.T.);
#6390=ORIENTED_EDGE('',*,*,#4809,.T.);
#6391=ORIENTED_EDGE('',*,*,#4805,.F.);
#6392=ORIENTED_EDGE('',*,*,#4810,.F.);
#6393=ORIENTED_EDGE('',*,*,#4811,.T.);
#6394=ORIENTED_EDGE('',*,*,#4812,.T.);
#6395=ORIENTED_EDGE('',*,*,#4808,.F.);
#6396=ORIENTED_EDGE('',*,*,#4813,.F.);
#6397=ORIENTED_EDGE('',*,*,#4814,.T.);
#6398=ORIENTED_EDGE('',*,*,#4815,.T.);
#6399=ORIENTED_EDGE('',*,*,#4811,.F.);
#6400=ORIENTED_EDGE('',*,*,#4816,.F.);
#6401=ORIENTED_EDGE('',*,*,#4817,.T.);
#6402=ORIENTED_EDGE('',*,*,#4818,.T.);
#6403=ORIENTED_EDGE('',*,*,#4814,.F.);
#6404=ORIENTED_EDGE('',*,*,#4819,.F.);
#6405=ORIENTED_EDGE('',*,*,#4820,.T.);
#6406=ORIENTED_EDGE('',*,*,#4821,.T.);
#6407=ORIENTED_EDGE('',*,*,#4817,.F.);
#6408=ORIENTED_EDGE('',*,*,#4822,.F.);
#6409=ORIENTED_EDGE('',*,*,#4823,.T.);
#6410=ORIENTED_EDGE('',*,*,#4824,.T.);
#6411=ORIENTED_EDGE('',*,*,#4820,.F.);
#6412=ORIENTED_EDGE('',*,*,#4825,.F.);
#6413=ORIENTED_EDGE('',*,*,#4826,.T.);
#6414=ORIENTED_EDGE('',*,*,#4827,.T.);
#6415=ORIENTED_EDGE('',*,*,#4823,.F.);
#6416=ORIENTED_EDGE('',*,*,#4828,.F.);
#6417=ORIENTED_EDGE('',*,*,#4794,.T.);
#6418=ORIENTED_EDGE('',*,*,#4829,.T.);
#6419=ORIENTED_EDGE('',*,*,#4826,.F.);
#6420=ORIENTED_EDGE('',*,*,#4829,.F.);
#6421=ORIENTED_EDGE('',*,*,#4793,.F.);
#6422=ORIENTED_EDGE('',*,*,#4797,.F.);
#6423=ORIENTED_EDGE('',*,*,#4800,.F.);
#6424=ORIENTED_EDGE('',*,*,#4803,.F.);
#6425=ORIENTED_EDGE('',*,*,#4806,.F.);
#6426=ORIENTED_EDGE('',*,*,#4809,.F.);
#6427=ORIENTED_EDGE('',*,*,#4812,.F.);
#6428=ORIENTED_EDGE('',*,*,#4815,.F.);
#6429=ORIENTED_EDGE('',*,*,#4818,.F.);
#6430=ORIENTED_EDGE('',*,*,#4821,.F.);
#6431=ORIENTED_EDGE('',*,*,#4824,.F.);
#6432=ORIENTED_EDGE('',*,*,#4827,.F.);
#6433=ORIENTED_EDGE('',*,*,#4830,.T.);
#6434=ORIENTED_EDGE('',*,*,#4831,.T.);
#6435=ORIENTED_EDGE('',*,*,#4832,.T.);
#6436=ORIENTED_EDGE('',*,*,#4833,.T.);
#6437=ORIENTED_EDGE('',*,*,#4834,.T.);
#6438=ORIENTED_EDGE('',*,*,#4835,.T.);
#6439=ORIENTED_EDGE('',*,*,#4836,.T.);
#6440=ORIENTED_EDGE('',*,*,#4837,.T.);
#6441=ORIENTED_EDGE('',*,*,#4838,.T.);
#6442=ORIENTED_EDGE('',*,*,#4839,.T.);
#6443=ORIENTED_EDGE('',*,*,#4840,.T.);
#6444=ORIENTED_EDGE('',*,*,#4841,.T.);
#6445=ORIENTED_EDGE('',*,*,#4842,.T.);
#6446=ORIENTED_EDGE('',*,*,#4843,.T.);
#6447=ORIENTED_EDGE('',*,*,#4844,.T.);
#6448=ORIENTED_EDGE('',*,*,#4845,.T.);
#6449=ORIENTED_EDGE('',*,*,#4846,.T.);
#6450=ORIENTED_EDGE('',*,*,#4847,.T.);
#6451=ORIENTED_EDGE('',*,*,#4848,.T.);
#6452=ORIENTED_EDGE('',*,*,#4849,.T.);
#6453=ORIENTED_EDGE('',*,*,#4850,.T.);
#6454=ORIENTED_EDGE('',*,*,#4791,.T.);
#6455=ORIENTED_EDGE('',*,*,#4828,.T.);
#6456=ORIENTED_EDGE('',*,*,#4825,.T.);
#6457=ORIENTED_EDGE('',*,*,#4822,.T.);
#6458=ORIENTED_EDGE('',*,*,#4819,.T.);
#6459=ORIENTED_EDGE('',*,*,#4816,.T.);
#6460=ORIENTED_EDGE('',*,*,#4813,.T.);
#6461=ORIENTED_EDGE('',*,*,#4810,.T.);
#6462=ORIENTED_EDGE('',*,*,#4807,.T.);
#6463=ORIENTED_EDGE('',*,*,#4804,.T.);
#6464=ORIENTED_EDGE('',*,*,#4801,.T.);
#6465=ORIENTED_EDGE('',*,*,#4798,.T.);
#6466=ORIENTED_EDGE('',*,*,#4795,.T.);
#6467=ORIENTED_EDGE('',*,*,#4746,.T.);
#6468=ORIENTED_EDGE('',*,*,#4789,.T.);
#6469=ORIENTED_EDGE('',*,*,#4786,.T.);
#6470=ORIENTED_EDGE('',*,*,#4783,.T.);
#6471=ORIENTED_EDGE('',*,*,#4780,.T.);
#6472=ORIENTED_EDGE('',*,*,#4777,.T.);
#6473=ORIENTED_EDGE('',*,*,#4774,.T.);
#6474=ORIENTED_EDGE('',*,*,#4771,.T.);
#6475=ORIENTED_EDGE('',*,*,#4768,.T.);
#6476=ORIENTED_EDGE('',*,*,#4765,.T.);
#6477=ORIENTED_EDGE('',*,*,#4762,.T.);
#6478=ORIENTED_EDGE('',*,*,#4759,.T.);
#6479=ORIENTED_EDGE('',*,*,#4756,.T.);
#6480=ORIENTED_EDGE('',*,*,#4753,.T.);
#6481=ORIENTED_EDGE('',*,*,#4750,.T.);
#6482=ORIENTED_EDGE('',*,*,#4851,.F.);
#6483=ORIENTED_EDGE('',*,*,#4852,.F.);
#6484=ORIENTED_EDGE('',*,*,#4853,.F.);
#6485=ORIENTED_EDGE('',*,*,#4854,.T.);
#6486=ORIENTED_EDGE('',*,*,#4855,.F.);
#6487=ORIENTED_EDGE('',*,*,#4854,.F.);
#6488=ORIENTED_EDGE('',*,*,#4856,.F.);
#6489=ORIENTED_EDGE('',*,*,#4857,.T.);
#6490=ORIENTED_EDGE('',*,*,#4858,.F.);
#6491=ORIENTED_EDGE('',*,*,#4857,.F.);
#6492=ORIENTED_EDGE('',*,*,#4859,.F.);
#6493=ORIENTED_EDGE('',*,*,#4860,.T.);
#6494=ORIENTED_EDGE('',*,*,#4861,.F.);
#6495=ORIENTED_EDGE('',*,*,#4860,.F.);
#6496=ORIENTED_EDGE('',*,*,#4862,.F.);
#6497=ORIENTED_EDGE('',*,*,#4852,.T.);
#6498=ORIENTED_EDGE('',*,*,#4863,.F.);
#6499=ORIENTED_EDGE('',*,*,#4864,.T.);
#6500=ORIENTED_EDGE('',*,*,#4865,.T.);
#6501=ORIENTED_EDGE('',*,*,#4864,.F.);
#6502=ORIENTED_EDGE('',*,*,#4865,.F.);
#6503=ORIENTED_EDGE('',*,*,#4866,.F.);
#6504=ORIENTED_EDGE('',*,*,#4867,.T.);
#6505=ORIENTED_EDGE('',*,*,#4868,.T.);
#6506=ORIENTED_EDGE('',*,*,#4867,.F.);
#6507=ORIENTED_EDGE('',*,*,#4868,.F.);
#6508=ORIENTED_EDGE('',*,*,#4869,.F.);
#6509=ORIENTED_EDGE('',*,*,#4870,.F.);
#6510=ORIENTED_EDGE('',*,*,#4871,.F.);
#6511=ORIENTED_EDGE('',*,*,#4872,.T.);
#6512=ORIENTED_EDGE('',*,*,#4873,.F.);
#6513=ORIENTED_EDGE('',*,*,#4872,.F.);
#6514=ORIENTED_EDGE('',*,*,#4874,.F.);
#6515=ORIENTED_EDGE('',*,*,#4875,.T.);
#6516=ORIENTED_EDGE('',*,*,#4876,.F.);
#6517=ORIENTED_EDGE('',*,*,#4875,.F.);
#6518=ORIENTED_EDGE('',*,*,#4877,.F.);
#6519=ORIENTED_EDGE('',*,*,#4878,.T.);
#6520=ORIENTED_EDGE('',*,*,#4879,.F.);
#6521=ORIENTED_EDGE('',*,*,#4878,.F.);
#6522=ORIENTED_EDGE('',*,*,#4880,.F.);
#6523=ORIENTED_EDGE('',*,*,#4870,.T.);
#6524=ORIENTED_EDGE('',*,*,#4881,.F.);
#6525=ORIENTED_EDGE('',*,*,#4882,.F.);
#6526=ORIENTED_EDGE('',*,*,#4883,.F.);
#6527=ORIENTED_EDGE('',*,*,#4884,.T.);
#6528=ORIENTED_EDGE('',*,*,#4885,.F.);
#6529=ORIENTED_EDGE('',*,*,#4884,.F.);
#6530=ORIENTED_EDGE('',*,*,#4886,.F.);
#6531=ORIENTED_EDGE('',*,*,#4887,.T.);
#6532=ORIENTED_EDGE('',*,*,#4888,.F.);
#6533=ORIENTED_EDGE('',*,*,#4887,.F.);
#6534=ORIENTED_EDGE('',*,*,#4889,.F.);
#6535=ORIENTED_EDGE('',*,*,#4890,.T.);
#6536=ORIENTED_EDGE('',*,*,#4891,.F.);
#6537=ORIENTED_EDGE('',*,*,#4890,.F.);
#6538=ORIENTED_EDGE('',*,*,#4892,.F.);
#6539=ORIENTED_EDGE('',*,*,#4882,.T.);
#6540=ORIENTED_EDGE('',*,*,#4893,.F.);
#6541=ORIENTED_EDGE('',*,*,#4894,.F.);
#6542=ORIENTED_EDGE('',*,*,#4895,.F.);
#6543=ORIENTED_EDGE('',*,*,#4896,.T.);
#6544=ORIENTED_EDGE('',*,*,#4897,.F.);
#6545=ORIENTED_EDGE('',*,*,#4896,.F.);
#6546=ORIENTED_EDGE('',*,*,#4898,.F.);
#6547=ORIENTED_EDGE('',*,*,#4899,.T.);
#6548=ORIENTED_EDGE('',*,*,#4900,.F.);
#6549=ORIENTED_EDGE('',*,*,#4899,.F.);
#6550=ORIENTED_EDGE('',*,*,#4901,.F.);
#6551=ORIENTED_EDGE('',*,*,#4902,.T.);
#6552=ORIENTED_EDGE('',*,*,#4903,.F.);
#6553=ORIENTED_EDGE('',*,*,#4902,.F.);
#6554=ORIENTED_EDGE('',*,*,#4904,.F.);
#6555=ORIENTED_EDGE('',*,*,#4894,.T.);
#6556=ORIENTED_EDGE('',*,*,#4905,.F.);
#6557=ORIENTED_EDGE('',*,*,#4906,.T.);
#6558=ORIENTED_EDGE('',*,*,#4907,.F.);
#6559=ORIENTED_EDGE('',*,*,#4908,.F.);
#6560=ORIENTED_EDGE('',*,*,#4909,.F.);
#6561=ORIENTED_EDGE('',*,*,#4910,.F.);
#6562=ORIENTED_EDGE('',*,*,#4911,.F.);
#6563=ORIENTED_EDGE('',*,*,#4912,.F.);
#6564=ORIENTED_EDGE('',*,*,#4906,.F.);
#6565=ORIENTED_EDGE('',*,*,#4913,.F.);
#6566=ORIENTED_EDGE('',*,*,#4830,.F.);
#6567=ORIENTED_EDGE('',*,*,#4914,.F.);
#6568=ORIENTED_EDGE('',*,*,#4910,.T.);
#6569=ORIENTED_EDGE('',*,*,#4915,.F.);
#6570=ORIENTED_EDGE('',*,*,#4916,.F.);
#6571=ORIENTED_EDGE('',*,*,#4907,.T.);
#6572=ORIENTED_EDGE('',*,*,#4912,.T.);
#6573=ORIENTED_EDGE('',*,*,#4917,.F.);
#6574=ORIENTED_EDGE('',*,*,#4918,.T.);
#6575=ORIENTED_EDGE('',*,*,#4919,.F.);
#6576=ORIENTED_EDGE('',*,*,#4920,.F.);
#6577=ORIENTED_EDGE('',*,*,#4921,.F.);
#6578=ORIENTED_EDGE('',*,*,#4832,.F.);
#6579=ORIENTED_EDGE('',*,*,#4922,.F.);
#6580=ORIENTED_EDGE('',*,*,#4923,.T.);
#6581=ORIENTED_EDGE('',*,*,#4924,.F.);
#6582=ORIENTED_EDGE('',*,*,#4923,.F.);
#6583=ORIENTED_EDGE('',*,*,#4925,.F.);
#6584=ORIENTED_EDGE('',*,*,#4918,.F.);
#6585=ORIENTED_EDGE('',*,*,#4920,.T.);
#6586=ORIENTED_EDGE('',*,*,#4926,.T.);
#6587=ORIENTED_EDGE('',*,*,#4927,.T.);
#6588=ORIENTED_EDGE('',*,*,#4928,.T.);
#6589=ORIENTED_EDGE('',*,*,#4929,.T.);
#6590=ORIENTED_EDGE('',*,*,#4930,.T.);
#6591=ORIENTED_EDGE('',*,*,#4859,.T.);
#6592=ORIENTED_EDGE('',*,*,#4856,.T.);
#6593=ORIENTED_EDGE('',*,*,#4853,.T.);
#6594=ORIENTED_EDGE('',*,*,#4862,.T.);
#6595=ORIENTED_EDGE('',*,*,#4901,.T.);
#6596=ORIENTED_EDGE('',*,*,#4898,.T.);
#6597=ORIENTED_EDGE('',*,*,#4895,.T.);
#6598=ORIENTED_EDGE('',*,*,#4904,.T.);
#6599=ORIENTED_EDGE('',*,*,#4931,.T.);
#6600=ORIENTED_EDGE('',*,*,#4932,.T.);
#6601=ORIENTED_EDGE('',*,*,#4933,.T.);
#6602=ORIENTED_EDGE('',*,*,#4934,.T.);
#6603=ORIENTED_EDGE('',*,*,#4935,.T.);
#6604=ORIENTED_EDGE('',*,*,#4936,.T.);
#6605=ORIENTED_EDGE('',*,*,#4721,.T.);
#6606=ORIENTED_EDGE('',*,*,#4908,.T.);
#6607=ORIENTED_EDGE('',*,*,#4916,.T.);
#6608=ORIENTED_EDGE('',*,*,#4937,.T.);
#6609=ORIENTED_EDGE('',*,*,#4938,.T.);
#6610=ORIENTED_EDGE('',*,*,#4939,.T.);
#6611=ORIENTED_EDGE('',*,*,#4940,.T.);
#6612=ORIENTED_EDGE('',*,*,#4941,.T.);
#6613=ORIENTED_EDGE('',*,*,#4877,.T.);
#6614=ORIENTED_EDGE('',*,*,#4874,.T.);
#6615=ORIENTED_EDGE('',*,*,#4871,.T.);
#6616=ORIENTED_EDGE('',*,*,#4880,.T.);
#6617=ORIENTED_EDGE('',*,*,#4889,.T.);
#6618=ORIENTED_EDGE('',*,*,#4886,.T.);
#6619=ORIENTED_EDGE('',*,*,#4883,.T.);
#6620=ORIENTED_EDGE('',*,*,#4892,.T.);
#6621=ORIENTED_EDGE('',*,*,#4942,.F.);
#6622=ORIENTED_EDGE('',*,*,#4943,.F.);
#6623=ORIENTED_EDGE('',*,*,#4944,.F.);
#6624=ORIENTED_EDGE('',*,*,#4945,.T.);
#6625=ORIENTED_EDGE('',*,*,#4946,.T.);
#6626=ORIENTED_EDGE('',*,*,#4947,.T.);
#6627=ORIENTED_EDGE('',*,*,#4724,.T.);
#6628=ORIENTED_EDGE('',*,*,#4913,.T.);
#6629=ORIENTED_EDGE('',*,*,#4909,.T.);
#6630=ORIENTED_EDGE('',*,*,#4905,.T.);
#6631=ORIENTED_EDGE('',*,*,#4941,.F.);
#6632=ORIENTED_EDGE('',*,*,#4948,.F.);
#6633=ORIENTED_EDGE('',*,*,#4949,.F.);
#6634=ORIENTED_EDGE('',*,*,#4950,.T.);
#6635=ORIENTED_EDGE('',*,*,#4926,.F.);
#6636=ORIENTED_EDGE('',*,*,#4919,.T.);
#6637=ORIENTED_EDGE('',*,*,#4925,.T.);
#6638=ORIENTED_EDGE('',*,*,#4922,.T.);
#6639=ORIENTED_EDGE('',*,*,#4831,.F.);
#6640=ORIENTED_EDGE('',*,*,#4834,.F.);
#6641=ORIENTED_EDGE('',*,*,#4951,.T.);
#6642=ORIENTED_EDGE('',*,*,#4952,.T.);
#6643=ORIENTED_EDGE('',*,*,#4953,.F.);
#6644=ORIENTED_EDGE('',*,*,#4842,.F.);
#6645=ORIENTED_EDGE('',*,*,#4954,.T.);
#6646=ORIENTED_EDGE('',*,*,#4955,.T.);
#6647=ORIENTED_EDGE('',*,*,#4951,.F.);
#6648=ORIENTED_EDGE('',*,*,#4841,.F.);
#6649=ORIENTED_EDGE('',*,*,#4956,.T.);
#6650=ORIENTED_EDGE('',*,*,#4957,.T.);
#6651=ORIENTED_EDGE('',*,*,#4954,.F.);
#6652=ORIENTED_EDGE('',*,*,#4840,.F.);
#6653=ORIENTED_EDGE('',*,*,#4958,.T.);
#6654=ORIENTED_EDGE('',*,*,#4959,.T.);
#6655=ORIENTED_EDGE('',*,*,#4956,.F.);
#6656=ORIENTED_EDGE('',*,*,#4839,.F.);
#6657=ORIENTED_EDGE('',*,*,#4960,.T.);
#6658=ORIENTED_EDGE('',*,*,#4961,.T.);
#6659=ORIENTED_EDGE('',*,*,#4958,.F.);
#6660=ORIENTED_EDGE('',*,*,#4838,.F.);
#6661=ORIENTED_EDGE('',*,*,#4962,.T.);
#6662=ORIENTED_EDGE('',*,*,#4963,.T.);
#6663=ORIENTED_EDGE('',*,*,#4960,.F.);
#6664=ORIENTED_EDGE('',*,*,#4837,.F.);
#6665=ORIENTED_EDGE('',*,*,#4964,.T.);
#6666=ORIENTED_EDGE('',*,*,#4965,.T.);
#6667=ORIENTED_EDGE('',*,*,#4962,.F.);
#6668=ORIENTED_EDGE('',*,*,#4836,.F.);
#6669=ORIENTED_EDGE('',*,*,#4966,.T.);
#6670=ORIENTED_EDGE('',*,*,#4967,.T.);
#6671=ORIENTED_EDGE('',*,*,#4964,.F.);
#6672=ORIENTED_EDGE('',*,*,#4835,.F.);
#6673=ORIENTED_EDGE('',*,*,#4953,.T.);
#6674=ORIENTED_EDGE('',*,*,#4968,.T.);
#6675=ORIENTED_EDGE('',*,*,#4966,.F.);
#6676=ORIENTED_EDGE('',*,*,#4968,.F.);
#6677=ORIENTED_EDGE('',*,*,#4952,.F.);
#6678=ORIENTED_EDGE('',*,*,#4955,.F.);
#6679=ORIENTED_EDGE('',*,*,#4957,.F.);
#6680=ORIENTED_EDGE('',*,*,#4959,.F.);
#6681=ORIENTED_EDGE('',*,*,#4961,.F.);
#6682=ORIENTED_EDGE('',*,*,#4963,.F.);
#6683=ORIENTED_EDGE('',*,*,#4965,.F.);
#6684=ORIENTED_EDGE('',*,*,#4967,.F.);
#6685=ORIENTED_EDGE('',*,*,#4969,.F.);
#6686=ORIENTED_EDGE('',*,*,#4970,.T.);
#6687=ORIENTED_EDGE('',*,*,#4971,.T.);
#6688=ORIENTED_EDGE('',*,*,#4972,.F.);
#6689=ORIENTED_EDGE('',*,*,#4973,.F.);
#6690=ORIENTED_EDGE('',*,*,#4974,.T.);
#6691=ORIENTED_EDGE('',*,*,#4975,.T.);
#6692=ORIENTED_EDGE('',*,*,#4970,.F.);
#6693=ORIENTED_EDGE('',*,*,#4976,.F.);
#6694=ORIENTED_EDGE('',*,*,#4972,.T.);
#6695=ORIENTED_EDGE('',*,*,#4977,.T.);
#6696=ORIENTED_EDGE('',*,*,#4974,.F.);
#6697=ORIENTED_EDGE('',*,*,#4843,.F.);
#6698=ORIENTED_EDGE('',*,*,#4978,.T.);
#6699=ORIENTED_EDGE('',*,*,#4979,.T.);
#6700=ORIENTED_EDGE('',*,*,#4980,.F.);
#6701=ORIENTED_EDGE('',*,*,#4850,.F.);
#6702=ORIENTED_EDGE('',*,*,#4981,.T.);
#6703=ORIENTED_EDGE('',*,*,#4982,.T.);
#6704=ORIENTED_EDGE('',*,*,#4978,.F.);
#6705=ORIENTED_EDGE('',*,*,#4849,.F.);
#6706=ORIENTED_EDGE('',*,*,#4983,.T.);
#6707=ORIENTED_EDGE('',*,*,#4984,.T.);
#6708=ORIENTED_EDGE('',*,*,#4981,.F.);
#6709=ORIENTED_EDGE('',*,*,#4848,.F.);
#6710=ORIENTED_EDGE('',*,*,#4985,.T.);
#6711=ORIENTED_EDGE('',*,*,#4986,.T.);
#6712=ORIENTED_EDGE('',*,*,#4983,.F.);
#6713=ORIENTED_EDGE('',*,*,#4847,.F.);
#6714=ORIENTED_EDGE('',*,*,#4987,.T.);
#6715=ORIENTED_EDGE('',*,*,#4988,.T.);
#6716=ORIENTED_EDGE('',*,*,#4985,.F.);
#6717=ORIENTED_EDGE('',*,*,#4846,.F.);
#6718=ORIENTED_EDGE('',*,*,#4989,.T.);
#6719=ORIENTED_EDGE('',*,*,#4990,.T.);
#6720=ORIENTED_EDGE('',*,*,#4987,.F.);
#6721=ORIENTED_EDGE('',*,*,#4845,.F.);
#6722=ORIENTED_EDGE('',*,*,#4991,.T.);
#6723=ORIENTED_EDGE('',*,*,#4992,.T.);
#6724=ORIENTED_EDGE('',*,*,#4989,.F.);
#6725=ORIENTED_EDGE('',*,*,#4844,.F.);
#6726=ORIENTED_EDGE('',*,*,#4980,.T.);
#6727=ORIENTED_EDGE('',*,*,#4993,.T.);
#6728=ORIENTED_EDGE('',*,*,#4991,.F.);
#6729=ORIENTED_EDGE('',*,*,#4993,.F.);
#6730=ORIENTED_EDGE('',*,*,#4979,.F.);
#6731=ORIENTED_EDGE('',*,*,#4982,.F.);
#6732=ORIENTED_EDGE('',*,*,#4984,.F.);
#6733=ORIENTED_EDGE('',*,*,#4986,.F.);
#6734=ORIENTED_EDGE('',*,*,#4988,.F.);
#6735=ORIENTED_EDGE('',*,*,#4990,.F.);
#6736=ORIENTED_EDGE('',*,*,#4992,.F.);
#6737=ORIENTED_EDGE('',*,*,#4977,.F.);
#6738=ORIENTED_EDGE('',*,*,#4971,.F.);
#6739=ORIENTED_EDGE('',*,*,#4975,.F.);
#6740=ORIENTED_EDGE('',*,*,#4969,.T.);
#6741=ORIENTED_EDGE('',*,*,#4976,.T.);
#6742=ORIENTED_EDGE('',*,*,#4973,.T.);
#6743=ORIENTED_EDGE('',*,*,#4725,.T.);
#6744=ORIENTED_EDGE('',*,*,#4744,.T.);
#6745=ORIENTED_EDGE('',*,*,#4741,.T.);
#6746=ORIENTED_EDGE('',*,*,#4738,.T.);
#6747=ORIENTED_EDGE('',*,*,#4735,.T.);
#6748=ORIENTED_EDGE('',*,*,#4732,.T.);
#6749=ORIENTED_EDGE('',*,*,#4729,.T.);
#6750=ORIENTED_EDGE('',*,*,#4994,.F.);
#6751=ORIENTED_EDGE('',*,*,#4995,.T.);
#6752=ORIENTED_EDGE('',*,*,#4936,.F.);
#6753=ORIENTED_EDGE('',*,*,#4995,.F.);
#6754=ORIENTED_EDGE('',*,*,#4996,.F.);
#6755=ORIENTED_EDGE('',*,*,#4997,.T.);
#6756=ORIENTED_EDGE('',*,*,#4935,.F.);
#6757=ORIENTED_EDGE('',*,*,#4997,.F.);
#6758=ORIENTED_EDGE('',*,*,#4998,.F.);
#6759=ORIENTED_EDGE('',*,*,#4999,.T.);
#6760=ORIENTED_EDGE('',*,*,#4934,.F.);
#6761=ORIENTED_EDGE('',*,*,#4999,.F.);
#6762=ORIENTED_EDGE('',*,*,#5000,.F.);
#6763=ORIENTED_EDGE('',*,*,#5001,.T.);
#6764=ORIENTED_EDGE('',*,*,#4947,.F.);
#6765=ORIENTED_EDGE('',*,*,#5001,.F.);
#6766=ORIENTED_EDGE('',*,*,#5002,.F.);
#6767=ORIENTED_EDGE('',*,*,#5003,.T.);
#6768=ORIENTED_EDGE('',*,*,#4933,.F.);
#6769=ORIENTED_EDGE('',*,*,#5003,.F.);
#6770=ORIENTED_EDGE('',*,*,#5004,.F.);
#6771=ORIENTED_EDGE('',*,*,#5005,.T.);
#6772=ORIENTED_EDGE('',*,*,#4932,.F.);
#6773=ORIENTED_EDGE('',*,*,#5005,.F.);
#6774=ORIENTED_EDGE('',*,*,#5006,.F.);
#6775=ORIENTED_EDGE('',*,*,#5007,.T.);
#6776=ORIENTED_EDGE('',*,*,#4946,.F.);
#6777=ORIENTED_EDGE('',*,*,#5007,.F.);
#6778=ORIENTED_EDGE('',*,*,#5008,.F.);
#6779=ORIENTED_EDGE('',*,*,#5009,.T.);
#6780=ORIENTED_EDGE('',*,*,#4945,.F.);
#6781=ORIENTED_EDGE('',*,*,#5009,.F.);
#6782=ORIENTED_EDGE('',*,*,#5010,.F.);
#6783=ORIENTED_EDGE('',*,*,#5011,.T.);
#6784=ORIENTED_EDGE('',*,*,#4931,.F.);
#6785=ORIENTED_EDGE('',*,*,#5011,.F.);
#6786=ORIENTED_EDGE('',*,*,#5012,.F.);
#6787=ORIENTED_EDGE('',*,*,#4948,.T.);
#6788=ORIENTED_EDGE('',*,*,#4940,.F.);
#6789=ORIENTED_EDGE('',*,*,#5013,.F.);
#6790=ORIENTED_EDGE('',*,*,#5014,.F.);
#6791=ORIENTED_EDGE('',*,*,#5013,.T.);
#6792=ORIENTED_EDGE('',*,*,#4939,.F.);
#6793=ORIENTED_EDGE('',*,*,#5015,.F.);
#6794=ORIENTED_EDGE('',*,*,#5016,.F.);
#6795=ORIENTED_EDGE('',*,*,#5015,.T.);
#6796=ORIENTED_EDGE('',*,*,#4938,.F.);
#6797=ORIENTED_EDGE('',*,*,#5017,.F.);
#6798=ORIENTED_EDGE('',*,*,#4914,.T.);
#6799=ORIENTED_EDGE('',*,*,#4833,.F.);
#6800=ORIENTED_EDGE('',*,*,#4921,.T.);
#6801=ORIENTED_EDGE('',*,*,#4924,.T.);
#6802=ORIENTED_EDGE('',*,*,#4917,.T.);
#6803=ORIENTED_EDGE('',*,*,#4930,.F.);
#6804=ORIENTED_EDGE('',*,*,#5018,.F.);
#6805=ORIENTED_EDGE('',*,*,#5019,.F.);
#6806=ORIENTED_EDGE('',*,*,#5017,.T.);
#6807=ORIENTED_EDGE('',*,*,#4937,.F.);
#6808=ORIENTED_EDGE('',*,*,#4915,.T.);
#6809=ORIENTED_EDGE('',*,*,#4911,.T.);
#6810=ORIENTED_EDGE('',*,*,#5020,.F.);
#6811=ORIENTED_EDGE('',*,*,#5018,.T.);
#6812=ORIENTED_EDGE('',*,*,#4929,.F.);
#6813=ORIENTED_EDGE('',*,*,#5021,.F.);
#6814=ORIENTED_EDGE('',*,*,#5022,.F.);
#6815=ORIENTED_EDGE('',*,*,#5021,.T.);
#6816=ORIENTED_EDGE('',*,*,#4928,.F.);
#6817=ORIENTED_EDGE('',*,*,#5023,.F.);
#6818=ORIENTED_EDGE('',*,*,#5024,.F.);
#6819=ORIENTED_EDGE('',*,*,#5023,.T.);
#6820=ORIENTED_EDGE('',*,*,#4927,.F.);
#6821=ORIENTED_EDGE('',*,*,#4950,.F.);
#6822=ORIENTED_EDGE('',*,*,#4949,.T.);
#6823=ORIENTED_EDGE('',*,*,#5012,.T.);
#6824=ORIENTED_EDGE('',*,*,#5014,.T.);
#6825=ORIENTED_EDGE('',*,*,#5016,.T.);
#6826=ORIENTED_EDGE('',*,*,#5019,.T.);
#6827=ORIENTED_EDGE('',*,*,#5020,.T.);
#6828=ORIENTED_EDGE('',*,*,#5022,.T.);
#6829=ORIENTED_EDGE('',*,*,#5024,.T.);
#6830=ORIENTED_EDGE('',*,*,#4858,.T.);
#6831=ORIENTED_EDGE('',*,*,#4861,.T.);
#6832=ORIENTED_EDGE('',*,*,#4851,.T.);
#6833=ORIENTED_EDGE('',*,*,#4855,.T.);
#6834=ORIENTED_EDGE('',*,*,#4876,.T.);
#6835=ORIENTED_EDGE('',*,*,#4879,.T.);
#6836=ORIENTED_EDGE('',*,*,#4869,.T.);
#6837=ORIENTED_EDGE('',*,*,#4873,.T.);
#6838=ORIENTED_EDGE('',*,*,#4888,.T.);
#6839=ORIENTED_EDGE('',*,*,#4891,.T.);
#6840=ORIENTED_EDGE('',*,*,#4881,.T.);
#6841=ORIENTED_EDGE('',*,*,#4885,.T.);
#6842=ORIENTED_EDGE('',*,*,#4900,.T.);
#6843=ORIENTED_EDGE('',*,*,#4903,.T.);
#6844=ORIENTED_EDGE('',*,*,#4893,.T.);
#6845=ORIENTED_EDGE('',*,*,#4897,.T.);
#6846=ORIENTED_EDGE('',*,*,#5025,.F.);
#6847=ORIENTED_EDGE('',*,*,#5026,.F.);
#6848=ORIENTED_EDGE('',*,*,#5027,.F.);
#6849=ORIENTED_EDGE('',*,*,#5010,.T.);
#6850=ORIENTED_EDGE('',*,*,#5008,.T.);
#6851=ORIENTED_EDGE('',*,*,#5006,.T.);
#6852=ORIENTED_EDGE('',*,*,#5004,.T.);
#6853=ORIENTED_EDGE('',*,*,#5002,.T.);
#6854=ORIENTED_EDGE('',*,*,#5000,.T.);
#6855=ORIENTED_EDGE('',*,*,#4998,.T.);
#6856=ORIENTED_EDGE('',*,*,#4996,.T.);
#6857=ORIENTED_EDGE('',*,*,#4994,.T.);
#6858=ORIENTED_EDGE('',*,*,#4866,.T.);
#6859=ORIENTED_EDGE('',*,*,#4863,.T.);
#6860=ORIENTED_EDGE('',*,*,#4722,.T.);
#6861=ORIENTED_EDGE('',*,*,#4719,.T.);
#6862=ORIENTED_EDGE('',*,*,#5027,.T.);
#6863=ORIENTED_EDGE('',*,*,#5028,.T.);
#6864=ORIENTED_EDGE('',*,*,#4944,.T.);
#6865=ORIENTED_EDGE('',*,*,#5028,.F.);
#6866=ORIENTED_EDGE('',*,*,#5026,.T.);
#6867=ORIENTED_EDGE('',*,*,#5029,.T.);
#6868=ORIENTED_EDGE('',*,*,#4943,.T.);
#6869=ORIENTED_EDGE('',*,*,#5029,.F.);
#6870=ORIENTED_EDGE('',*,*,#5025,.T.);
#6871=ORIENTED_EDGE('',*,*,#5030,.T.);
#6872=ORIENTED_EDGE('',*,*,#4942,.T.);
#6873=ORIENTED_EDGE('',*,*,#5030,.F.);
#6874=ORIENTED_EDGE('',*,*,#5031,.F.);
#6875=ORIENTED_EDGE('',*,*,#5032,.T.);
#6876=ORIENTED_EDGE('',*,*,#5033,.T.);
#6877=ORIENTED_EDGE('',*,*,#5032,.F.);
#6878=ORIENTED_EDGE('',*,*,#5034,.T.);
#6879=ORIENTED_EDGE('',*,*,#5035,.F.);
#6880=ORIENTED_EDGE('',*,*,#5036,.T.);
#6881=ORIENTED_EDGE('',*,*,#5037,.T.);
#6882=ORIENTED_EDGE('',*,*,#5038,.T.);
#6883=ORIENTED_EDGE('',*,*,#5039,.F.);
#6884=ORIENTED_EDGE('',*,*,#5040,.T.);
#6885=ORIENTED_EDGE('',*,*,#5035,.T.);
#6886=ORIENTED_EDGE('',*,*,#5041,.T.);
#6887=ORIENTED_EDGE('',*,*,#5042,.F.);
#6888=ORIENTED_EDGE('',*,*,#5043,.T.);
#6889=ORIENTED_EDGE('',*,*,#5039,.T.);
#6890=ORIENTED_EDGE('',*,*,#5044,.T.);
#6891=ORIENTED_EDGE('',*,*,#5045,.F.);
#6892=ORIENTED_EDGE('',*,*,#5046,.T.);
#6893=ORIENTED_EDGE('',*,*,#5042,.T.);
#6894=ORIENTED_EDGE('',*,*,#5047,.T.);
#6895=ORIENTED_EDGE('',*,*,#5048,.T.);
#6896=ORIENTED_EDGE('',*,*,#5049,.T.);
#6897=ORIENTED_EDGE('',*,*,#5048,.F.);
#6898=ORIENTED_EDGE('',*,*,#5050,.T.);
#6899=ORIENTED_EDGE('',*,*,#5051,.T.);
#6900=ORIENTED_EDGE('',*,*,#5052,.T.);
#6901=ORIENTED_EDGE('',*,*,#5051,.F.);
#6902=ORIENTED_EDGE('',*,*,#5053,.T.);
#6903=ORIENTED_EDGE('',*,*,#5054,.T.);
#6904=ORIENTED_EDGE('',*,*,#5055,.T.);
#6905=ORIENTED_EDGE('',*,*,#5054,.F.);
#6906=ORIENTED_EDGE('',*,*,#5056,.T.);
#6907=ORIENTED_EDGE('',*,*,#5057,.T.);
#6908=ORIENTED_EDGE('',*,*,#5058,.T.);
#6909=ORIENTED_EDGE('',*,*,#5057,.F.);
#6910=ORIENTED_EDGE('',*,*,#5059,.T.);
#6911=ORIENTED_EDGE('',*,*,#5037,.F.);
#6912=ORIENTED_EDGE('',*,*,#5060,.T.);
#6913=ORIENTED_EDGE('',*,*,#5061,.T.);
#6914=ORIENTED_EDGE('',*,*,#5062,.T.);
#6915=ORIENTED_EDGE('',*,*,#5061,.F.);
#6916=ORIENTED_EDGE('',*,*,#5063,.T.);
#6917=ORIENTED_EDGE('',*,*,#5064,.T.);
#6918=ORIENTED_EDGE('',*,*,#5065,.T.);
#6919=ORIENTED_EDGE('',*,*,#5064,.F.);
#6920=ORIENTED_EDGE('',*,*,#5066,.T.);
#6921=ORIENTED_EDGE('',*,*,#5067,.T.);
#6922=ORIENTED_EDGE('',*,*,#5068,.T.);
#6923=ORIENTED_EDGE('',*,*,#5067,.F.);
#6924=ORIENTED_EDGE('',*,*,#5069,.T.);
#6925=ORIENTED_EDGE('',*,*,#5045,.T.);
#6926=ORIENTED_EDGE('',*,*,#5060,.F.);
#6927=ORIENTED_EDGE('',*,*,#5036,.F.);
#6928=ORIENTED_EDGE('',*,*,#5040,.F.);
#6929=ORIENTED_EDGE('',*,*,#5043,.F.);
#6930=ORIENTED_EDGE('',*,*,#5046,.F.);
#6931=ORIENTED_EDGE('',*,*,#5069,.F.);
#6932=ORIENTED_EDGE('',*,*,#5066,.F.);
#6933=ORIENTED_EDGE('',*,*,#5063,.F.);
#6934=ORIENTED_EDGE('',*,*,#5031,.T.);
#6935=ORIENTED_EDGE('',*,*,#5058,.F.);
#6936=ORIENTED_EDGE('',*,*,#5055,.F.);
#6937=ORIENTED_EDGE('',*,*,#5052,.F.);
#6938=ORIENTED_EDGE('',*,*,#5049,.F.);
#6939=ORIENTED_EDGE('',*,*,#5059,.F.);
#6940=ORIENTED_EDGE('',*,*,#5062,.F.);
#6941=ORIENTED_EDGE('',*,*,#5065,.F.);
#6942=ORIENTED_EDGE('',*,*,#5068,.F.);
#6943=ORIENTED_EDGE('',*,*,#5044,.F.);
#6944=ORIENTED_EDGE('',*,*,#5041,.F.);
#6945=ORIENTED_EDGE('',*,*,#5038,.F.);
#6946=ORIENTED_EDGE('',*,*,#5034,.F.);
#6947=ORIENTED_EDGE('',*,*,#5033,.F.);
#6948=ORIENTED_EDGE('',*,*,#5056,.F.);
#6949=ORIENTED_EDGE('',*,*,#5053,.F.);
#6950=ORIENTED_EDGE('',*,*,#5050,.F.);
#6951=ORIENTED_EDGE('',*,*,#5047,.F.);
#6952=ORIENTED_EDGE('',*,*,#5070,.F.);
#6953=ORIENTED_EDGE('',*,*,#5071,.F.);
#6954=ORIENTED_EDGE('',*,*,#5072,.F.);
#6955=ORIENTED_EDGE('',*,*,#5073,.F.);
#6956=ORIENTED_EDGE('',*,*,#5074,.F.);
#6957=ORIENTED_EDGE('',*,*,#5075,.F.);
#6958=ORIENTED_EDGE('',*,*,#5076,.F.);
#6959=ORIENTED_EDGE('',*,*,#5077,.F.);
#6960=ORIENTED_EDGE('',*,*,#5078,.F.);
#6961=ORIENTED_EDGE('',*,*,#5079,.T.);
#6962=ORIENTED_EDGE('',*,*,#5080,.T.);
#6963=ORIENTED_EDGE('',*,*,#5081,.T.);
#6964=ORIENTED_EDGE('',*,*,#5082,.T.);
#6965=ORIENTED_EDGE('',*,*,#5083,.T.);
#6966=ORIENTED_EDGE('',*,*,#5084,.T.);
#6967=ORIENTED_EDGE('',*,*,#5085,.T.);
#6968=ORIENTED_EDGE('',*,*,#5072,.T.);
#6969=ORIENTED_EDGE('',*,*,#5086,.T.);
#6970=ORIENTED_EDGE('',*,*,#5087,.F.);
#6971=ORIENTED_EDGE('',*,*,#5088,.T.);
#6972=ORIENTED_EDGE('',*,*,#5089,.T.);
#6973=ORIENTED_EDGE('',*,*,#5090,.T.);
#6974=ORIENTED_EDGE('',*,*,#5091,.T.);
#6975=ORIENTED_EDGE('',*,*,#5092,.T.);
#6976=ORIENTED_EDGE('',*,*,#5093,.T.);
#6977=ORIENTED_EDGE('',*,*,#5094,.T.);
#6978=ORIENTED_EDGE('',*,*,#5076,.T.);
#6979=ORIENTED_EDGE('',*,*,#5095,.T.);
#6980=ORIENTED_EDGE('',*,*,#5096,.T.);
#6981=ORIENTED_EDGE('',*,*,#5097,.F.);
#6982=ORIENTED_EDGE('',*,*,#5098,.T.);
#6983=ORIENTED_EDGE('',*,*,#5099,.F.);
#6984=ORIENTED_EDGE('',*,*,#5100,.F.);
#6985=ORIENTED_EDGE('',*,*,#5101,.F.);
#6986=ORIENTED_EDGE('',*,*,#5102,.T.);
#6987=ORIENTED_EDGE('',*,*,#5103,.T.);
#6988=ORIENTED_EDGE('',*,*,#5104,.T.);
#6989=ORIENTED_EDGE('',*,*,#5105,.T.);
#6990=ORIENTED_EDGE('',*,*,#5106,.T.);
#6991=ORIENTED_EDGE('',*,*,#5107,.T.);
#6992=ORIENTED_EDGE('',*,*,#5108,.T.);
#6993=ORIENTED_EDGE('',*,*,#5109,.T.);
#6994=ORIENTED_EDGE('',*,*,#5099,.T.);
#6995=ORIENTED_EDGE('',*,*,#5110,.T.);
#6996=ORIENTED_EDGE('',*,*,#5111,.T.);
#6997=ORIENTED_EDGE('',*,*,#5112,.T.);
#6998=ORIENTED_EDGE('',*,*,#5113,.T.);
#6999=ORIENTED_EDGE('',*,*,#5114,.T.);
#7000=ORIENTED_EDGE('',*,*,#5115,.T.);
#7001=ORIENTED_EDGE('',*,*,#5116,.T.);
#7002=ORIENTED_EDGE('',*,*,#5117,.T.);
#7003=ORIENTED_EDGE('',*,*,#5118,.F.);
#7004=ORIENTED_EDGE('',*,*,#5100,.T.);
#7005=ORIENTED_EDGE('',*,*,#5116,.F.);
#7006=ORIENTED_EDGE('',*,*,#5119,.F.);
#7007=ORIENTED_EDGE('',*,*,#5102,.F.);
#7008=ORIENTED_EDGE('',*,*,#5120,.F.);
#7009=ORIENTED_EDGE('',*,*,#5104,.F.);
#7010=ORIENTED_EDGE('',*,*,#5121,.F.);
#7011=ORIENTED_EDGE('',*,*,#5114,.F.);
#7012=ORIENTED_EDGE('',*,*,#5121,.T.);
#7013=ORIENTED_EDGE('',*,*,#5103,.F.);
#7014=ORIENTED_EDGE('',*,*,#5119,.T.);
#7015=ORIENTED_EDGE('',*,*,#5115,.F.);
#7016=ORIENTED_EDGE('',*,*,#5122,.F.);
#7017=ORIENTED_EDGE('',*,*,#5106,.F.);
#7018=ORIENTED_EDGE('',*,*,#5123,.T.);
#7019=ORIENTED_EDGE('',*,*,#5112,.F.);
#7020=ORIENTED_EDGE('',*,*,#5124,.F.);
#7021=ORIENTED_EDGE('',*,*,#5108,.F.);
#7022=ORIENTED_EDGE('',*,*,#5125,.F.);
#7023=ORIENTED_EDGE('',*,*,#5110,.F.);
#7024=ORIENTED_EDGE('',*,*,#5098,.F.);
#7025=ORIENTED_EDGE('',*,*,#5125,.T.);
#7026=ORIENTED_EDGE('',*,*,#5107,.F.);
#7027=ORIENTED_EDGE('',*,*,#5122,.T.);
#7028=ORIENTED_EDGE('',*,*,#5111,.F.);
#7029=ORIENTED_EDGE('',*,*,#5117,.F.);
#7030=ORIENTED_EDGE('',*,*,#5126,.T.);
#7031=ORIENTED_EDGE('',*,*,#5109,.F.);
#7032=ORIENTED_EDGE('',*,*,#5126,.F.);
#7033=ORIENTED_EDGE('',*,*,#5120,.T.);
#7034=ORIENTED_EDGE('',*,*,#5113,.F.);
#7035=ORIENTED_EDGE('',*,*,#5123,.F.);
#7036=ORIENTED_EDGE('',*,*,#5105,.F.);
#7037=ORIENTED_EDGE('',*,*,#5118,.T.);
#7038=ORIENTED_EDGE('',*,*,#5101,.T.);
#7039=ORIENTED_EDGE('',*,*,#5124,.T.);
#7040=ORIENTED_EDGE('',*,*,#5127,.F.);
#7041=ORIENTED_EDGE('',*,*,#5128,.F.);
#7042=ORIENTED_EDGE('',*,*,#5129,.T.);
#7043=ORIENTED_EDGE('',*,*,#5130,.T.);
#7044=ORIENTED_EDGE('',*,*,#5131,.T.);
#7045=ORIENTED_EDGE('',*,*,#5132,.T.);
#7046=ORIENTED_EDGE('',*,*,#5133,.T.);
#7047=ORIENTED_EDGE('',*,*,#5134,.F.);
#7048=ORIENTED_EDGE('',*,*,#5135,.F.);
#7049=ORIENTED_EDGE('',*,*,#5136,.F.);
#7050=ORIENTED_EDGE('',*,*,#5137,.T.);
#7051=ORIENTED_EDGE('',*,*,#5138,.T.);
#7052=ORIENTED_EDGE('',*,*,#5139,.F.);
#7053=ORIENTED_EDGE('',*,*,#5140,.T.);
#7054=ORIENTED_EDGE('',*,*,#5141,.T.);
#7055=ORIENTED_EDGE('',*,*,#5142,.F.);
#7056=ORIENTED_EDGE('',*,*,#5143,.F.);
#7057=ORIENTED_EDGE('',*,*,#5130,.F.);
#7058=ORIENTED_EDGE('',*,*,#5144,.T.);
#7059=ORIENTED_EDGE('',*,*,#5145,.T.);
#7060=ORIENTED_EDGE('',*,*,#5146,.T.);
#7061=ORIENTED_EDGE('',*,*,#5147,.T.);
#7062=ORIENTED_EDGE('',*,*,#5148,.T.);
#7063=ORIENTED_EDGE('',*,*,#5149,.T.);
#7064=ORIENTED_EDGE('',*,*,#5150,.T.);
#7065=ORIENTED_EDGE('',*,*,#5151,.T.);
#7066=ORIENTED_EDGE('',*,*,#5142,.T.);
#7067=ORIENTED_EDGE('',*,*,#5152,.T.);
#7068=ORIENTED_EDGE('',*,*,#5153,.T.);
#7069=ORIENTED_EDGE('',*,*,#5154,.T.);
#7070=ORIENTED_EDGE('',*,*,#5155,.T.);
#7071=ORIENTED_EDGE('',*,*,#5156,.T.);
#7072=ORIENTED_EDGE('',*,*,#5157,.T.);
#7073=ORIENTED_EDGE('',*,*,#5158,.T.);
#7074=ORIENTED_EDGE('',*,*,#5159,.T.);
#7075=ORIENTED_EDGE('',*,*,#5129,.F.);
#7076=ORIENTED_EDGE('',*,*,#5143,.T.);
#7077=ORIENTED_EDGE('',*,*,#5158,.F.);
#7078=ORIENTED_EDGE('',*,*,#5160,.F.);
#7079=ORIENTED_EDGE('',*,*,#5144,.F.);
#7080=ORIENTED_EDGE('',*,*,#5161,.F.);
#7081=ORIENTED_EDGE('',*,*,#5146,.F.);
#7082=ORIENTED_EDGE('',*,*,#5162,.F.);
#7083=ORIENTED_EDGE('',*,*,#5156,.F.);
#7084=ORIENTED_EDGE('',*,*,#5162,.T.);
#7085=ORIENTED_EDGE('',*,*,#5145,.F.);
#7086=ORIENTED_EDGE('',*,*,#5160,.T.);
#7087=ORIENTED_EDGE('',*,*,#5157,.F.);
#7088=ORIENTED_EDGE('',*,*,#5163,.F.);
#7089=ORIENTED_EDGE('',*,*,#5148,.F.);
#7090=ORIENTED_EDGE('',*,*,#5164,.T.);
#7091=ORIENTED_EDGE('',*,*,#5154,.F.);
#7092=ORIENTED_EDGE('',*,*,#5131,.F.);
#7093=ORIENTED_EDGE('',*,*,#5150,.F.);
#7094=ORIENTED_EDGE('',*,*,#5165,.F.);
#7095=ORIENTED_EDGE('',*,*,#5152,.F.);
#7096=ORIENTED_EDGE('',*,*,#5141,.F.);
#7097=ORIENTED_EDGE('',*,*,#5165,.T.);
#7098=ORIENTED_EDGE('',*,*,#5149,.F.);
#7099=ORIENTED_EDGE('',*,*,#5163,.T.);
#7100=ORIENTED_EDGE('',*,*,#5153,.F.);
#7101=ORIENTED_EDGE('',*,*,#5159,.F.);
#7102=ORIENTED_EDGE('',*,*,#5166,.T.);
#7103=ORIENTED_EDGE('',*,*,#5151,.F.);
#7104=ORIENTED_EDGE('',*,*,#5166,.F.);
#7105=ORIENTED_EDGE('',*,*,#5161,.T.);
#7106=ORIENTED_EDGE('',*,*,#5155,.F.);
#7107=ORIENTED_EDGE('',*,*,#5164,.F.);
#7108=ORIENTED_EDGE('',*,*,#5147,.F.);
#7109=ORIENTED_EDGE('',*,*,#5167,.F.);
#7110=ORIENTED_EDGE('',*,*,#5168,.F.);
#7111=ORIENTED_EDGE('',*,*,#5169,.T.);
#7112=ORIENTED_EDGE('',*,*,#5170,.F.);
#7113=ORIENTED_EDGE('',*,*,#5171,.F.);
#7114=ORIENTED_EDGE('',*,*,#5088,.F.);
#7115=ORIENTED_EDGE('',*,*,#5172,.F.);
#7116=ORIENTED_EDGE('',*,*,#5173,.T.);
#7117=ORIENTED_EDGE('',*,*,#5174,.F.);
#7118=ORIENTED_EDGE('',*,*,#5169,.F.);
#7119=ORIENTED_EDGE('',*,*,#5174,.T.);
#7120=ORIENTED_EDGE('',*,*,#5175,.T.);
#7121=ORIENTED_EDGE('',*,*,#5176,.T.);
#7122=ORIENTED_EDGE('',*,*,#5177,.T.);
#7123=ORIENTED_EDGE('',*,*,#5178,.T.);
#7124=ORIENTED_EDGE('',*,*,#5179,.T.);
#7125=ORIENTED_EDGE('',*,*,#5180,.T.);
#7126=ORIENTED_EDGE('',*,*,#5170,.T.);
#7127=ORIENTED_EDGE('',*,*,#5074,.T.);
#7128=ORIENTED_EDGE('',*,*,#5181,.T.);
#7129=ORIENTED_EDGE('',*,*,#5182,.F.);
#7130=ORIENTED_EDGE('',*,*,#5090,.F.);
#7131=ORIENTED_EDGE('',*,*,#5183,.F.);
#7132=ORIENTED_EDGE('',*,*,#5179,.F.);
#7133=ORIENTED_EDGE('',*,*,#5183,.T.);
#7134=ORIENTED_EDGE('',*,*,#5089,.F.);
#7135=ORIENTED_EDGE('',*,*,#5171,.T.);
#7136=ORIENTED_EDGE('',*,*,#5180,.F.);
#7137=ORIENTED_EDGE('',*,*,#5184,.F.);
#7138=ORIENTED_EDGE('',*,*,#5092,.F.);
#7139=ORIENTED_EDGE('',*,*,#5185,.T.);
#7140=ORIENTED_EDGE('',*,*,#5177,.F.);
#7141=ORIENTED_EDGE('',*,*,#5186,.F.);
#7142=ORIENTED_EDGE('',*,*,#5094,.F.);
#7143=ORIENTED_EDGE('',*,*,#5187,.F.);
#7144=ORIENTED_EDGE('',*,*,#5175,.F.);
#7145=ORIENTED_EDGE('',*,*,#5173,.F.);
#7146=ORIENTED_EDGE('',*,*,#5188,.F.);
#7147=ORIENTED_EDGE('',*,*,#5187,.T.);
#7148=ORIENTED_EDGE('',*,*,#5093,.F.);
#7149=ORIENTED_EDGE('',*,*,#5184,.T.);
#7150=ORIENTED_EDGE('',*,*,#5176,.F.);
#7151=ORIENTED_EDGE('',*,*,#5077,.T.);
#7152=ORIENTED_EDGE('',*,*,#5095,.F.);
#7153=ORIENTED_EDGE('',*,*,#5075,.T.);
#7154=ORIENTED_EDGE('',*,*,#5181,.F.);
#7155=ORIENTED_EDGE('',*,*,#5182,.T.);
#7156=ORIENTED_EDGE('',*,*,#5178,.F.);
#7157=ORIENTED_EDGE('',*,*,#5185,.F.);
#7158=ORIENTED_EDGE('',*,*,#5091,.F.);
#7159=ORIENTED_EDGE('',*,*,#5167,.T.);
#7160=ORIENTED_EDGE('',*,*,#5087,.T.);
#7161=ORIENTED_EDGE('',*,*,#5186,.T.);
#7162=ORIENTED_EDGE('',*,*,#5189,.F.);
#7163=ORIENTED_EDGE('',*,*,#5190,.T.);
#7164=ORIENTED_EDGE('',*,*,#5191,.F.);
#7165=ORIENTED_EDGE('',*,*,#5192,.T.);
#7166=ORIENTED_EDGE('',*,*,#5193,.F.);
#7167=ORIENTED_EDGE('',*,*,#5194,.T.);
#7168=ORIENTED_EDGE('',*,*,#5078,.T.);
#7169=ORIENTED_EDGE('',*,*,#5195,.T.);
#7170=ORIENTED_EDGE('',*,*,#5196,.F.);
#7171=ORIENTED_EDGE('',*,*,#5194,.F.);
#7172=ORIENTED_EDGE('',*,*,#5197,.F.);
#7173=ORIENTED_EDGE('',*,*,#5198,.T.);
#7174=ORIENTED_EDGE('',*,*,#5199,.F.);
#7175=ORIENTED_EDGE('',*,*,#5200,.F.);
#7176=ORIENTED_EDGE('',*,*,#5079,.F.);
#7177=ORIENTED_EDGE('',*,*,#5201,.F.);
#7178=ORIENTED_EDGE('',*,*,#5202,.T.);
#7179=ORIENTED_EDGE('',*,*,#5203,.F.);
#7180=ORIENTED_EDGE('',*,*,#5198,.F.);
#7181=ORIENTED_EDGE('',*,*,#5203,.T.);
#7182=ORIENTED_EDGE('',*,*,#5204,.T.);
#7183=ORIENTED_EDGE('',*,*,#5205,.T.);
#7184=ORIENTED_EDGE('',*,*,#5206,.T.);
#7185=ORIENTED_EDGE('',*,*,#5207,.T.);
#7186=ORIENTED_EDGE('',*,*,#5208,.T.);
#7187=ORIENTED_EDGE('',*,*,#5209,.T.);
#7188=ORIENTED_EDGE('',*,*,#5199,.T.);
#7189=ORIENTED_EDGE('',*,*,#5070,.T.);
#7190=ORIENTED_EDGE('',*,*,#5210,.T.);
#7191=ORIENTED_EDGE('',*,*,#5211,.F.);
#7192=ORIENTED_EDGE('',*,*,#5081,.F.);
#7193=ORIENTED_EDGE('',*,*,#5212,.F.);
#7194=ORIENTED_EDGE('',*,*,#5208,.F.);
#7195=ORIENTED_EDGE('',*,*,#5212,.T.);
#7196=ORIENTED_EDGE('',*,*,#5080,.F.);
#7197=ORIENTED_EDGE('',*,*,#5200,.T.);
#7198=ORIENTED_EDGE('',*,*,#5209,.F.);
#7199=ORIENTED_EDGE('',*,*,#5213,.F.);
#7200=ORIENTED_EDGE('',*,*,#5083,.F.);
#7201=ORIENTED_EDGE('',*,*,#5214,.T.);
#7202=ORIENTED_EDGE('',*,*,#5206,.F.);
#7203=ORIENTED_EDGE('',*,*,#5195,.F.);
#7204=ORIENTED_EDGE('',*,*,#5085,.F.);
#7205=ORIENTED_EDGE('',*,*,#5215,.F.);
#7206=ORIENTED_EDGE('',*,*,#5204,.F.);
#7207=ORIENTED_EDGE('',*,*,#5202,.F.);
#7208=ORIENTED_EDGE('',*,*,#5216,.F.);
#7209=ORIENTED_EDGE('',*,*,#5215,.T.);
#7210=ORIENTED_EDGE('',*,*,#5084,.F.);
#7211=ORIENTED_EDGE('',*,*,#5213,.T.);
#7212=ORIENTED_EDGE('',*,*,#5205,.F.);
#7213=ORIENTED_EDGE('',*,*,#5073,.T.);
#7214=ORIENTED_EDGE('',*,*,#5086,.F.);
#7215=ORIENTED_EDGE('',*,*,#5071,.T.);
#7216=ORIENTED_EDGE('',*,*,#5210,.F.);
#7217=ORIENTED_EDGE('',*,*,#5211,.T.);
#7218=ORIENTED_EDGE('',*,*,#5207,.F.);
#7219=ORIENTED_EDGE('',*,*,#5214,.F.);
#7220=ORIENTED_EDGE('',*,*,#5082,.F.);
#7221=ORIENTED_EDGE('',*,*,#5217,.T.);
#7222=ORIENTED_EDGE('',*,*,#5218,.F.);
#7223=ORIENTED_EDGE('',*,*,#5219,.F.);
#7224=ORIENTED_EDGE('',*,*,#5220,.F.);
#7225=ORIENTED_EDGE('',*,*,#5221,.T.);
#7226=ORIENTED_EDGE('',*,*,#5220,.T.);
#7227=ORIENTED_EDGE('',*,*,#5222,.T.);
#7228=ORIENTED_EDGE('',*,*,#5223,.T.);
#7229=ORIENTED_EDGE('',*,*,#5224,.T.);
#7230=ORIENTED_EDGE('',*,*,#5225,.T.);
#7231=ORIENTED_EDGE('',*,*,#5226,.T.);
#7232=ORIENTED_EDGE('',*,*,#5227,.T.);
#7233=ORIENTED_EDGE('',*,*,#5168,.T.);
#7234=ORIENTED_EDGE('',*,*,#5196,.T.);
#7235=ORIENTED_EDGE('',*,*,#5216,.T.);
#7236=ORIENTED_EDGE('',*,*,#5201,.T.);
#7237=ORIENTED_EDGE('',*,*,#5197,.T.);
#7238=ORIENTED_EDGE('',*,*,#5193,.T.);
#7239=ORIENTED_EDGE('',*,*,#5228,.T.);
#7240=ORIENTED_EDGE('',*,*,#5229,.T.);
#7241=ORIENTED_EDGE('',*,*,#5230,.T.);
#7242=ORIENTED_EDGE('',*,*,#5231,.T.);
#7243=ORIENTED_EDGE('',*,*,#5232,.T.);
#7244=ORIENTED_EDGE('',*,*,#5233,.T.);
#7245=ORIENTED_EDGE('',*,*,#5234,.T.);
#7246=ORIENTED_EDGE('',*,*,#5132,.F.);
#7247=ORIENTED_EDGE('',*,*,#5140,.F.);
#7248=ORIENTED_EDGE('',*,*,#5139,.T.);
#7249=ORIENTED_EDGE('',*,*,#5128,.T.);
#7250=ORIENTED_EDGE('',*,*,#5127,.T.);
#7251=ORIENTED_EDGE('',*,*,#5097,.T.);
#7252=ORIENTED_EDGE('',*,*,#5096,.F.);
#7253=ORIENTED_EDGE('',*,*,#5138,.F.);
#7254=ORIENTED_EDGE('',*,*,#5235,.T.);
#7255=ORIENTED_EDGE('',*,*,#5236,.T.);
#7256=ORIENTED_EDGE('',*,*,#5237,.T.);
#7257=ORIENTED_EDGE('',*,*,#5238,.T.);
#7258=ORIENTED_EDGE('',*,*,#5239,.T.);
#7259=ORIENTED_EDGE('',*,*,#5240,.T.);
#7260=ORIENTED_EDGE('',*,*,#5241,.T.);
#7261=ORIENTED_EDGE('',*,*,#5189,.T.);
#7262=ORIENTED_EDGE('',*,*,#5188,.T.);
#7263=ORIENTED_EDGE('',*,*,#5172,.T.);
#7264=ORIENTED_EDGE('',*,*,#5242,.T.);
#7265=ORIENTED_EDGE('',*,*,#5243,.T.);
#7266=ORIENTED_EDGE('',*,*,#5244,.T.);
#7267=ORIENTED_EDGE('',*,*,#5245,.T.);
#7268=ORIENTED_EDGE('',*,*,#5246,.T.);
#7269=ORIENTED_EDGE('',*,*,#5247,.T.);
#7270=ORIENTED_EDGE('',*,*,#5248,.T.);
#7271=ORIENTED_EDGE('',*,*,#5247,.F.);
#7272=ORIENTED_EDGE('',*,*,#5246,.F.);
#7273=ORIENTED_EDGE('',*,*,#5249,.F.);
#7274=ORIENTED_EDGE('',*,*,#5250,.T.);
#7275=ORIENTED_EDGE('',*,*,#5251,.T.);
#7276=ORIENTED_EDGE('',*,*,#5252,.T.);
#7277=ORIENTED_EDGE('',*,*,#5251,.F.);
#7278=ORIENTED_EDGE('',*,*,#5250,.F.);
#7279=ORIENTED_EDGE('',*,*,#5253,.F.);
#7280=ORIENTED_EDGE('',*,*,#5254,.T.);
#7281=ORIENTED_EDGE('',*,*,#5255,.T.);
#7282=ORIENTED_EDGE('',*,*,#5256,.T.);
#7283=ORIENTED_EDGE('',*,*,#5255,.F.);
#7284=ORIENTED_EDGE('',*,*,#5254,.F.);
#7285=ORIENTED_EDGE('',*,*,#5257,.F.);
#7286=ORIENTED_EDGE('',*,*,#5258,.T.);
#7287=ORIENTED_EDGE('',*,*,#5259,.T.);
#7288=ORIENTED_EDGE('',*,*,#5260,.T.);
#7289=ORIENTED_EDGE('',*,*,#5259,.F.);
#7290=ORIENTED_EDGE('',*,*,#5258,.F.);
#7291=ORIENTED_EDGE('',*,*,#5261,.F.);
#7292=ORIENTED_EDGE('',*,*,#5249,.T.);
#7293=ORIENTED_EDGE('',*,*,#5262,.T.);
#7294=ORIENTED_EDGE('',*,*,#5263,.F.);
#7295=ORIENTED_EDGE('',*,*,#5262,.F.);
#7296=ORIENTED_EDGE('',*,*,#5253,.T.);
#7297=ORIENTED_EDGE('',*,*,#5264,.T.);
#7298=ORIENTED_EDGE('',*,*,#5265,.F.);
#7299=ORIENTED_EDGE('',*,*,#5264,.F.);
#7300=ORIENTED_EDGE('',*,*,#5261,.T.);
#7301=ORIENTED_EDGE('',*,*,#5266,.T.);
#7302=ORIENTED_EDGE('',*,*,#5267,.F.);
#7303=ORIENTED_EDGE('',*,*,#5266,.F.);
#7304=ORIENTED_EDGE('',*,*,#5257,.T.);
#7305=ORIENTED_EDGE('',*,*,#5268,.T.);
#7306=ORIENTED_EDGE('',*,*,#5269,.F.);
#7307=ORIENTED_EDGE('',*,*,#5268,.F.);
#7308=ORIENTED_EDGE('',*,*,#5270,.F.);
#7309=ORIENTED_EDGE('',*,*,#5271,.T.);
#7310=ORIENTED_EDGE('',*,*,#5272,.T.);
#7311=ORIENTED_EDGE('',*,*,#5273,.F.);
#7312=ORIENTED_EDGE('',*,*,#5274,.F.);
#7313=ORIENTED_EDGE('',*,*,#5275,.T.);
#7314=ORIENTED_EDGE('',*,*,#5276,.T.);
#7315=ORIENTED_EDGE('',*,*,#5271,.F.);
#7316=ORIENTED_EDGE('',*,*,#5277,.F.);
#7317=ORIENTED_EDGE('',*,*,#5278,.T.);
#7318=ORIENTED_EDGE('',*,*,#5279,.T.);
#7319=ORIENTED_EDGE('',*,*,#5275,.F.);
#7320=ORIENTED_EDGE('',*,*,#5280,.F.);
#7321=ORIENTED_EDGE('',*,*,#5273,.T.);
#7322=ORIENTED_EDGE('',*,*,#5281,.T.);
#7323=ORIENTED_EDGE('',*,*,#5278,.F.);
#7324=ORIENTED_EDGE('',*,*,#5281,.F.);
#7325=ORIENTED_EDGE('',*,*,#5272,.F.);
#7326=ORIENTED_EDGE('',*,*,#5276,.F.);
#7327=ORIENTED_EDGE('',*,*,#5279,.F.);
#7328=ORIENTED_EDGE('',*,*,#5248,.F.);
#7329=ORIENTED_EDGE('',*,*,#5252,.F.);
#7330=ORIENTED_EDGE('',*,*,#5256,.F.);
#7331=ORIENTED_EDGE('',*,*,#5260,.F.);
#7332=ORIENTED_EDGE('',*,*,#5269,.T.);
#7333=ORIENTED_EDGE('',*,*,#5267,.T.);
#7334=ORIENTED_EDGE('',*,*,#5265,.T.);
#7335=ORIENTED_EDGE('',*,*,#5263,.T.);
#7336=ORIENTED_EDGE('',*,*,#5282,.F.);
#7337=ORIENTED_EDGE('',*,*,#5283,.T.);
#7338=ORIENTED_EDGE('',*,*,#5284,.F.);
#7339=ORIENTED_EDGE('',*,*,#5283,.F.);
#7340=ORIENTED_EDGE('',*,*,#5282,.T.);
#7341=ORIENTED_EDGE('',*,*,#5285,.T.);
#7342=ORIENTED_EDGE('',*,*,#5286,.F.);
#7343=ORIENTED_EDGE('',*,*,#5287,.T.);
#7344=ORIENTED_EDGE('',*,*,#5288,.F.);
#7345=ORIENTED_EDGE('',*,*,#5287,.F.);
#7346=ORIENTED_EDGE('',*,*,#5286,.T.);
#7347=ORIENTED_EDGE('',*,*,#5289,.T.);
#7348=ORIENTED_EDGE('',*,*,#5290,.F.);
#7349=ORIENTED_EDGE('',*,*,#5291,.T.);
#7350=ORIENTED_EDGE('',*,*,#5292,.F.);
#7351=ORIENTED_EDGE('',*,*,#5291,.F.);
#7352=ORIENTED_EDGE('',*,*,#5290,.T.);
#7353=ORIENTED_EDGE('',*,*,#5293,.T.);
#7354=ORIENTED_EDGE('',*,*,#5294,.F.);
#7355=ORIENTED_EDGE('',*,*,#5295,.T.);
#7356=ORIENTED_EDGE('',*,*,#5296,.F.);
#7357=ORIENTED_EDGE('',*,*,#5295,.F.);
#7358=ORIENTED_EDGE('',*,*,#5294,.T.);
#7359=ORIENTED_EDGE('',*,*,#5297,.T.);
#7360=ORIENTED_EDGE('',*,*,#5285,.F.);
#7361=ORIENTED_EDGE('',*,*,#5298,.T.);
#7362=ORIENTED_EDGE('',*,*,#5299,.F.);
#7363=ORIENTED_EDGE('',*,*,#5298,.F.);
#7364=ORIENTED_EDGE('',*,*,#5289,.F.);
#7365=ORIENTED_EDGE('',*,*,#5300,.T.);
#7366=ORIENTED_EDGE('',*,*,#5301,.F.);
#7367=ORIENTED_EDGE('',*,*,#5300,.F.);
#7368=ORIENTED_EDGE('',*,*,#5297,.F.);
#7369=ORIENTED_EDGE('',*,*,#5302,.T.);
#7370=ORIENTED_EDGE('',*,*,#5303,.F.);
#7371=ORIENTED_EDGE('',*,*,#5302,.F.);
#7372=ORIENTED_EDGE('',*,*,#5293,.F.);
#7373=ORIENTED_EDGE('',*,*,#5304,.T.);
#7374=ORIENTED_EDGE('',*,*,#5305,.F.);
#7375=ORIENTED_EDGE('',*,*,#5304,.F.);
#7376=ORIENTED_EDGE('',*,*,#5306,.F.);
#7377=ORIENTED_EDGE('',*,*,#5307,.T.);
#7378=ORIENTED_EDGE('',*,*,#5308,.F.);
#7379=ORIENTED_EDGE('',*,*,#5309,.F.);
#7380=ORIENTED_EDGE('',*,*,#5310,.F.);
#7381=ORIENTED_EDGE('',*,*,#5309,.T.);
#7382=ORIENTED_EDGE('',*,*,#5311,.F.);
#7383=ORIENTED_EDGE('',*,*,#5312,.F.);
#7384=ORIENTED_EDGE('',*,*,#5313,.F.);
#7385=ORIENTED_EDGE('',*,*,#5312,.T.);
#7386=ORIENTED_EDGE('',*,*,#5314,.F.);
#7387=ORIENTED_EDGE('',*,*,#5315,.F.);
#7388=ORIENTED_EDGE('',*,*,#5316,.F.);
#7389=ORIENTED_EDGE('',*,*,#5315,.T.);
#7390=ORIENTED_EDGE('',*,*,#5317,.F.);
#7391=ORIENTED_EDGE('',*,*,#5307,.F.);
#7392=ORIENTED_EDGE('',*,*,#5317,.T.);
#7393=ORIENTED_EDGE('',*,*,#5314,.T.);
#7394=ORIENTED_EDGE('',*,*,#5311,.T.);
#7395=ORIENTED_EDGE('',*,*,#5308,.T.);
#7396=ORIENTED_EDGE('',*,*,#5284,.T.);
#7397=ORIENTED_EDGE('',*,*,#5288,.T.);
#7398=ORIENTED_EDGE('',*,*,#5292,.T.);
#7399=ORIENTED_EDGE('',*,*,#5296,.T.);
#7400=ORIENTED_EDGE('',*,*,#5305,.T.);
#7401=ORIENTED_EDGE('',*,*,#5303,.T.);
#7402=ORIENTED_EDGE('',*,*,#5301,.T.);
#7403=ORIENTED_EDGE('',*,*,#5299,.T.);
#7404=ORIENTED_EDGE('',*,*,#5245,.F.);
#7405=ORIENTED_EDGE('',*,*,#5318,.T.);
#7406=ORIENTED_EDGE('',*,*,#5319,.F.);
#7407=ORIENTED_EDGE('',*,*,#5318,.F.);
#7408=ORIENTED_EDGE('',*,*,#5320,.F.);
#7409=ORIENTED_EDGE('',*,*,#5321,.T.);
#7410=ORIENTED_EDGE('',*,*,#5235,.F.);
#7411=ORIENTED_EDGE('',*,*,#5137,.F.);
#7412=ORIENTED_EDGE('',*,*,#5322,.F.);
#7413=ORIENTED_EDGE('',*,*,#5323,.F.);
#7414=ORIENTED_EDGE('',*,*,#5237,.F.);
#7415=ORIENTED_EDGE('',*,*,#5324,.F.);
#7416=ORIENTED_EDGE('',*,*,#5325,.F.);
#7417=ORIENTED_EDGE('',*,*,#5324,.T.);
#7418=ORIENTED_EDGE('',*,*,#5236,.F.);
#7419=ORIENTED_EDGE('',*,*,#5321,.F.);
#7420=ORIENTED_EDGE('',*,*,#5319,.T.);
#7421=ORIENTED_EDGE('',*,*,#5244,.F.);
#7422=ORIENTED_EDGE('',*,*,#5326,.T.);
#7423=ORIENTED_EDGE('',*,*,#5327,.F.);
#7424=ORIENTED_EDGE('',*,*,#5326,.F.);
#7425=ORIENTED_EDGE('',*,*,#5328,.F.);
#7426=ORIENTED_EDGE('',*,*,#5190,.F.);
#7427=ORIENTED_EDGE('',*,*,#5241,.F.);
#7428=ORIENTED_EDGE('',*,*,#5329,.F.);
#7429=ORIENTED_EDGE('',*,*,#5330,.F.);
#7430=ORIENTED_EDGE('',*,*,#5329,.T.);
#7431=ORIENTED_EDGE('',*,*,#5240,.F.);
#7432=ORIENTED_EDGE('',*,*,#5331,.F.);
#7433=ORIENTED_EDGE('',*,*,#5332,.F.);
#7434=ORIENTED_EDGE('',*,*,#5331,.T.);
#7435=ORIENTED_EDGE('',*,*,#5239,.F.);
#7436=ORIENTED_EDGE('',*,*,#5333,.F.);
#7437=ORIENTED_EDGE('',*,*,#5323,.T.);
#7438=ORIENTED_EDGE('',*,*,#5334,.F.);
#7439=ORIENTED_EDGE('',*,*,#5333,.T.);
#7440=ORIENTED_EDGE('',*,*,#5238,.F.);
#7441=ORIENTED_EDGE('',*,*,#5327,.T.);
#7442=ORIENTED_EDGE('',*,*,#5243,.F.);
#7443=ORIENTED_EDGE('',*,*,#5335,.T.);
#7444=ORIENTED_EDGE('',*,*,#5336,.F.);
#7445=ORIENTED_EDGE('',*,*,#5335,.F.);
#7446=ORIENTED_EDGE('',*,*,#5337,.F.);
#7447=ORIENTED_EDGE('',*,*,#5338,.T.);
#7448=ORIENTED_EDGE('',*,*,#5228,.F.);
#7449=ORIENTED_EDGE('',*,*,#5192,.F.);
#7450=ORIENTED_EDGE('',*,*,#5339,.F.);
#7451=ORIENTED_EDGE('',*,*,#5340,.F.);
#7452=ORIENTED_EDGE('',*,*,#5230,.F.);
#7453=ORIENTED_EDGE('',*,*,#5341,.F.);
#7454=ORIENTED_EDGE('',*,*,#5342,.F.);
#7455=ORIENTED_EDGE('',*,*,#5341,.T.);
#7456=ORIENTED_EDGE('',*,*,#5229,.F.);
#7457=ORIENTED_EDGE('',*,*,#5338,.F.);
#7458=ORIENTED_EDGE('',*,*,#5336,.T.);
#7459=ORIENTED_EDGE('',*,*,#5242,.F.);
#7460=ORIENTED_EDGE('',*,*,#5343,.T.);
#7461=ORIENTED_EDGE('',*,*,#5344,.F.);
#7462=ORIENTED_EDGE('',*,*,#5343,.F.);
#7463=ORIENTED_EDGE('',*,*,#5345,.F.);
#7464=ORIENTED_EDGE('',*,*,#5133,.F.);
#7465=ORIENTED_EDGE('',*,*,#5234,.F.);
#7466=ORIENTED_EDGE('',*,*,#5346,.F.);
#7467=ORIENTED_EDGE('',*,*,#5347,.F.);
#7468=ORIENTED_EDGE('',*,*,#5346,.T.);
#7469=ORIENTED_EDGE('',*,*,#5233,.F.);
#7470=ORIENTED_EDGE('',*,*,#5348,.F.);
#7471=ORIENTED_EDGE('',*,*,#5349,.F.);
#7472=ORIENTED_EDGE('',*,*,#5348,.T.);
#7473=ORIENTED_EDGE('',*,*,#5232,.F.);
#7474=ORIENTED_EDGE('',*,*,#5350,.F.);
#7475=ORIENTED_EDGE('',*,*,#5344,.T.);
#7476=ORIENTED_EDGE('',*,*,#5340,.T.);
#7477=ORIENTED_EDGE('',*,*,#5351,.F.);
#7478=ORIENTED_EDGE('',*,*,#5350,.T.);
#7479=ORIENTED_EDGE('',*,*,#5231,.F.);
#7480=ORIENTED_EDGE('',*,*,#5352,.F.);
#7481=ORIENTED_EDGE('',*,*,#5353,.F.);
#7482=ORIENTED_EDGE('',*,*,#5354,.F.);
#7483=ORIENTED_EDGE('',*,*,#5223,.F.);
#7484=ORIENTED_EDGE('',*,*,#5354,.T.);
#7485=ORIENTED_EDGE('',*,*,#5355,.F.);
#7486=ORIENTED_EDGE('',*,*,#5356,.F.);
#7487=ORIENTED_EDGE('',*,*,#5224,.F.);
#7488=ORIENTED_EDGE('',*,*,#5356,.T.);
#7489=ORIENTED_EDGE('',*,*,#5357,.F.);
#7490=ORIENTED_EDGE('',*,*,#5358,.F.);
#7491=ORIENTED_EDGE('',*,*,#5225,.F.);
#7492=ORIENTED_EDGE('',*,*,#5358,.T.);
#7493=ORIENTED_EDGE('',*,*,#5359,.F.);
#7494=ORIENTED_EDGE('',*,*,#5360,.F.);
#7495=ORIENTED_EDGE('',*,*,#5226,.F.);
#7496=ORIENTED_EDGE('',*,*,#5360,.T.);
#7497=ORIENTED_EDGE('',*,*,#5361,.F.);
#7498=ORIENTED_EDGE('',*,*,#5362,.F.);
#7499=ORIENTED_EDGE('',*,*,#5227,.F.);
#7500=ORIENTED_EDGE('',*,*,#5221,.F.);
#7501=ORIENTED_EDGE('',*,*,#5362,.T.);
#7502=ORIENTED_EDGE('',*,*,#5363,.F.);
#7503=ORIENTED_EDGE('',*,*,#5217,.F.);
#7504=ORIENTED_EDGE('',*,*,#5364,.F.);
#7505=ORIENTED_EDGE('',*,*,#5352,.T.);
#7506=ORIENTED_EDGE('',*,*,#5222,.F.);
#7507=ORIENTED_EDGE('',*,*,#5219,.T.);
#7508=ORIENTED_EDGE('',*,*,#5363,.T.);
#7509=ORIENTED_EDGE('',*,*,#5361,.T.);
#7510=ORIENTED_EDGE('',*,*,#5359,.T.);
#7511=ORIENTED_EDGE('',*,*,#5357,.T.);
#7512=ORIENTED_EDGE('',*,*,#5355,.T.);
#7513=ORIENTED_EDGE('',*,*,#5353,.T.);
#7514=ORIENTED_EDGE('',*,*,#5364,.T.);
#7515=ORIENTED_EDGE('',*,*,#5218,.T.);
#7516=ORIENTED_EDGE('',*,*,#5320,.T.);
#7517=ORIENTED_EDGE('',*,*,#5136,.T.);
#7518=ORIENTED_EDGE('',*,*,#5135,.T.);
#7519=ORIENTED_EDGE('',*,*,#5134,.T.);
#7520=ORIENTED_EDGE('',*,*,#5345,.T.);
#7521=ORIENTED_EDGE('',*,*,#5347,.T.);
#7522=ORIENTED_EDGE('',*,*,#5349,.T.);
#7523=ORIENTED_EDGE('',*,*,#5351,.T.);
#7524=ORIENTED_EDGE('',*,*,#5339,.T.);
#7525=ORIENTED_EDGE('',*,*,#5342,.T.);
#7526=ORIENTED_EDGE('',*,*,#5337,.T.);
#7527=ORIENTED_EDGE('',*,*,#5191,.T.);
#7528=ORIENTED_EDGE('',*,*,#5328,.T.);
#7529=ORIENTED_EDGE('',*,*,#5330,.T.);
#7530=ORIENTED_EDGE('',*,*,#5332,.T.);
#7531=ORIENTED_EDGE('',*,*,#5334,.T.);
#7532=ORIENTED_EDGE('',*,*,#5322,.T.);
#7533=ORIENTED_EDGE('',*,*,#5325,.T.);
#7534=ORIENTED_EDGE('',*,*,#5306,.T.);
#7535=ORIENTED_EDGE('',*,*,#5310,.T.);
#7536=ORIENTED_EDGE('',*,*,#5313,.T.);
#7537=ORIENTED_EDGE('',*,*,#5316,.T.);
#7538=ORIENTED_EDGE('',*,*,#5270,.T.);
#7539=ORIENTED_EDGE('',*,*,#5280,.T.);
#7540=ORIENTED_EDGE('',*,*,#5277,.T.);
#7541=ORIENTED_EDGE('',*,*,#5274,.T.);
#7542=ORIENTED_EDGE('',*,*,#5365,.F.);
#7543=ORIENTED_EDGE('',*,*,#5366,.T.);
#7544=ORIENTED_EDGE('',*,*,#5367,.T.);
#7545=ORIENTED_EDGE('',*,*,#5366,.F.);
#7546=ORIENTED_EDGE('',*,*,#5368,.T.);
#7547=ORIENTED_EDGE('',*,*,#5369,.F.);
#7548=ORIENTED_EDGE('',*,*,#5370,.T.);
#7549=ORIENTED_EDGE('',*,*,#5371,.T.);
#7550=ORIENTED_EDGE('',*,*,#5372,.T.);
#7551=ORIENTED_EDGE('',*,*,#5373,.F.);
#7552=ORIENTED_EDGE('',*,*,#5374,.T.);
#7553=ORIENTED_EDGE('',*,*,#5369,.T.);
#7554=ORIENTED_EDGE('',*,*,#5375,.T.);
#7555=ORIENTED_EDGE('',*,*,#5376,.F.);
#7556=ORIENTED_EDGE('',*,*,#5377,.T.);
#7557=ORIENTED_EDGE('',*,*,#5373,.T.);
#7558=ORIENTED_EDGE('',*,*,#5378,.T.);
#7559=ORIENTED_EDGE('',*,*,#5379,.F.);
#7560=ORIENTED_EDGE('',*,*,#5380,.T.);
#7561=ORIENTED_EDGE('',*,*,#5376,.T.);
#7562=ORIENTED_EDGE('',*,*,#5381,.T.);
#7563=ORIENTED_EDGE('',*,*,#5382,.T.);
#7564=ORIENTED_EDGE('',*,*,#5383,.T.);
#7565=ORIENTED_EDGE('',*,*,#5382,.F.);
#7566=ORIENTED_EDGE('',*,*,#5384,.T.);
#7567=ORIENTED_EDGE('',*,*,#5385,.T.);
#7568=ORIENTED_EDGE('',*,*,#5386,.T.);
#7569=ORIENTED_EDGE('',*,*,#5385,.F.);
#7570=ORIENTED_EDGE('',*,*,#5387,.T.);
#7571=ORIENTED_EDGE('',*,*,#5388,.T.);
#7572=ORIENTED_EDGE('',*,*,#5389,.T.);
#7573=ORIENTED_EDGE('',*,*,#5388,.F.);
#7574=ORIENTED_EDGE('',*,*,#5390,.T.);
#7575=ORIENTED_EDGE('',*,*,#5391,.T.);
#7576=ORIENTED_EDGE('',*,*,#5392,.T.);
#7577=ORIENTED_EDGE('',*,*,#5391,.F.);
#7578=ORIENTED_EDGE('',*,*,#5393,.T.);
#7579=ORIENTED_EDGE('',*,*,#5371,.F.);
#7580=ORIENTED_EDGE('',*,*,#5394,.T.);
#7581=ORIENTED_EDGE('',*,*,#5395,.T.);
#7582=ORIENTED_EDGE('',*,*,#5396,.T.);
#7583=ORIENTED_EDGE('',*,*,#5395,.F.);
#7584=ORIENTED_EDGE('',*,*,#5397,.T.);
#7585=ORIENTED_EDGE('',*,*,#5398,.T.);
#7586=ORIENTED_EDGE('',*,*,#5399,.T.);
#7587=ORIENTED_EDGE('',*,*,#5398,.F.);
#7588=ORIENTED_EDGE('',*,*,#5400,.T.);
#7589=ORIENTED_EDGE('',*,*,#5401,.T.);
#7590=ORIENTED_EDGE('',*,*,#5402,.T.);
#7591=ORIENTED_EDGE('',*,*,#5401,.F.);
#7592=ORIENTED_EDGE('',*,*,#5403,.T.);
#7593=ORIENTED_EDGE('',*,*,#5379,.T.);
#7594=ORIENTED_EDGE('',*,*,#5394,.F.);
#7595=ORIENTED_EDGE('',*,*,#5370,.F.);
#7596=ORIENTED_EDGE('',*,*,#5374,.F.);
#7597=ORIENTED_EDGE('',*,*,#5377,.F.);
#7598=ORIENTED_EDGE('',*,*,#5380,.F.);
#7599=ORIENTED_EDGE('',*,*,#5403,.F.);
#7600=ORIENTED_EDGE('',*,*,#5400,.F.);
#7601=ORIENTED_EDGE('',*,*,#5397,.F.);
#7602=ORIENTED_EDGE('',*,*,#5365,.T.);
#7603=ORIENTED_EDGE('',*,*,#5392,.F.);
#7604=ORIENTED_EDGE('',*,*,#5389,.F.);
#7605=ORIENTED_EDGE('',*,*,#5386,.F.);
#7606=ORIENTED_EDGE('',*,*,#5383,.F.);
#7607=ORIENTED_EDGE('',*,*,#5393,.F.);
#7608=ORIENTED_EDGE('',*,*,#5396,.F.);
#7609=ORIENTED_EDGE('',*,*,#5399,.F.);
#7610=ORIENTED_EDGE('',*,*,#5402,.F.);
#7611=ORIENTED_EDGE('',*,*,#5378,.F.);
#7612=ORIENTED_EDGE('',*,*,#5375,.F.);
#7613=ORIENTED_EDGE('',*,*,#5372,.F.);
#7614=ORIENTED_EDGE('',*,*,#5368,.F.);
#7615=ORIENTED_EDGE('',*,*,#5367,.F.);
#7616=ORIENTED_EDGE('',*,*,#5390,.F.);
#7617=ORIENTED_EDGE('',*,*,#5387,.F.);
#7618=ORIENTED_EDGE('',*,*,#5384,.F.);
#7619=ORIENTED_EDGE('',*,*,#5381,.F.);
#7620=CYLINDRICAL_SURFACE('',#8262,0.75);
#7621=CYLINDRICAL_SURFACE('',#8265,0.75);
#7622=CYLINDRICAL_SURFACE('',#8268,0.75);
#7623=CYLINDRICAL_SURFACE('',#8271,0.75);
#7624=CYLINDRICAL_SURFACE('',#8274,0.75);
#7625=CYLINDRICAL_SURFACE('',#8277,1.5);
#7626=CYLINDRICAL_SURFACE('',#8280,1.5);
#7627=CYLINDRICAL_SURFACE('',#8283,1.5);
#7628=CYLINDRICAL_SURFACE('',#8286,1.5);
#7629=CYLINDRICAL_SURFACE('',#8299,5.10952921463879);
#7630=CYLINDRICAL_SURFACE('',#8329,1.75);
#7631=CYLINDRICAL_SURFACE('',#8334,1.75);
#7632=CYLINDRICAL_SURFACE('',#8351,0.75);
#7633=CYLINDRICAL_SURFACE('',#8355,0.800000000000001);
#7634=CYLINDRICAL_SURFACE('',#8359,0.800000000000001);
#7635=CYLINDRICAL_SURFACE('',#8364,0.75);
#7636=CYLINDRICAL_SURFACE('',#8368,0.800000000000001);
#7637=CYLINDRICAL_SURFACE('',#8372,0.800000000000001);
#7638=CYLINDRICAL_SURFACE('',#8377,0.75);
#7639=CYLINDRICAL_SURFACE('',#8381,0.800000000000001);
#7640=CYLINDRICAL_SURFACE('',#8385,0.800000000000001);
#7641=CYLINDRICAL_SURFACE('',#8390,0.75);
#7642=CYLINDRICAL_SURFACE('',#8394,0.800000000000001);
#7643=CYLINDRICAL_SURFACE('',#8398,0.800000000000001);
#7644=CYLINDRICAL_SURFACE('',#8403,0.75);
#7645=CYLINDRICAL_SURFACE('',#8407,0.800000000000001);
#7646=CYLINDRICAL_SURFACE('',#8411,0.800000000000001);
#7647=CYLINDRICAL_SURFACE('',#8421,0.800000000000001);
#7648=CYLINDRICAL_SURFACE('',#8423,0.75);
#7649=CYLINDRICAL_SURFACE('',#8425,0.800000000000001);
#7650=CYLINDRICAL_SURFACE('',#8434,0.800000000000001);
#7651=CYLINDRICAL_SURFACE('',#8436,0.75);
#7652=CYLINDRICAL_SURFACE('',#8438,0.800000000000001);
#7653=CYLINDRICAL_SURFACE('',#8447,0.800000000000001);
#7654=CYLINDRICAL_SURFACE('',#8449,0.75);
#7655=CYLINDRICAL_SURFACE('',#8451,0.800000000000001);
#7656=CYLINDRICAL_SURFACE('',#8460,0.800000000000001);
#7657=CYLINDRICAL_SURFACE('',#8462,0.75);
#7658=CYLINDRICAL_SURFACE('',#8464,0.800000000000001);
#7659=CYLINDRICAL_SURFACE('',#8473,0.800000000000001);
#7660=CYLINDRICAL_SURFACE('',#8475,0.75);
#7661=CYLINDRICAL_SURFACE('',#8477,0.800000000000001);
#7662=CYLINDRICAL_SURFACE('',#8541,0.75);
#7663=CYLINDRICAL_SURFACE('',#8544,0.75);
#7664=CYLINDRICAL_SURFACE('',#8547,0.75);
#7665=CYLINDRICAL_SURFACE('',#8550,0.75);
#7666=CYLINDRICAL_SURFACE('',#8553,0.75);
#7667=CYLINDRICAL_SURFACE('',#8562,1.00116006214696);
#7668=CYLINDRICAL_SURFACE('',#8565,1.00108045016825);
#7669=CYLINDRICAL_SURFACE('',#8601,1.00000000000001);
#7670=CYLINDRICAL_SURFACE('',#8605,1.00000000000001);
#7671=CYLINDRICAL_SURFACE('',#8610,2.15);
#7672=CYLINDRICAL_SURFACE('',#8614,2.15);
#7673=CYLINDRICAL_SURFACE('',#8675,1.00000001490116);
#7674=CYLINDRICAL_SURFACE('',#8677,1.00000001490116);
#7675=CYLINDRICAL_SURFACE('',#8679,1.00000001490116);
#7676=CYLINDRICAL_SURFACE('',#8681,1.00000001490116);
#7677=CYLINDRICAL_SURFACE('',#8683,1.00000001490116);
#7678=CYLINDRICAL_SURFACE('',#8685,1.00000001490116);
#7679=CYLINDRICAL_SURFACE('',#8687,1.00000001490116);
#7680=CYLINDRICAL_SURFACE('',#8689,22.5);
#7681=CYLINDRICAL_SURFACE('',#8691,22.5);
#7682=CYLINDRICAL_SURFACE('',#8693,4.99999999999993);
#7683=CYLINDRICAL_SURFACE('',#8696,5.00000000000002);
#7684=CYLINDRICAL_SURFACE('',#8699,5.);
#7685=CYLINDRICAL_SURFACE('',#8702,4.99999999999993);
#7686=CYLINDRICAL_SURFACE('',#8708,1.00000001490116);
#7687=CYLINDRICAL_SURFACE('',#8709,1.00000001490116);
#7688=CYLINDRICAL_SURFACE('',#8710,1.00000001490116);
#7689=CYLINDRICAL_SURFACE('',#8711,14.);
#7690=CYLINDRICAL_SURFACE('',#8715,2.99999858438967);
#7691=CYLINDRICAL_SURFACE('',#8719,2.99999999999994);
#7692=CYLINDRICAL_SURFACE('',#8722,1.00000001490116);
#7693=CYLINDRICAL_SURFACE('',#8725,1.00000001490116);
#7694=CYLINDRICAL_SURFACE('',#8728,1.00000001490116);
#7695=CYLINDRICAL_SURFACE('',#8731,1.00000001490116);
#7696=CYLINDRICAL_SURFACE('',#8734,2.99999858438968);
#7697=CYLINDRICAL_SURFACE('',#8738,2.99999858438967);
#7698=CYLINDRICAL_SURFACE('',#8744,1.00116006214696);
#7699=CYLINDRICAL_SURFACE('',#8747,1.00108045016825);
#7700=CYLINDRICAL_SURFACE('',#8772,0.999999999999943);
#7701=CYLINDRICAL_SURFACE('',#8774,0.999999999999943);
#7702=CYLINDRICAL_SURFACE('',#8777,1.00000001490116);
#7703=CYLINDRICAL_SURFACE('',#8778,2.00000002980232);
#7704=CYLINDRICAL_SURFACE('',#8792,0.999999999999943);
#7705=CYLINDRICAL_SURFACE('',#8794,0.999999999999943);
#7706=CYLINDRICAL_SURFACE('',#8797,1.00000001490116);
#7707=CYLINDRICAL_SURFACE('',#8798,2.00000002980232);
#7708=CYLINDRICAL_SURFACE('',#8806,0.999999999999943);
#7709=CYLINDRICAL_SURFACE('',#8808,0.999999999999943);
#7710=CYLINDRICAL_SURFACE('',#8811,1.00000001490116);
#7711=CYLINDRICAL_SURFACE('',#8812,2.00000002980232);
#7712=CYLINDRICAL_SURFACE('',#8821,0.999999999999943);
#7713=CYLINDRICAL_SURFACE('',#8823,0.999999999999943);
#7714=CYLINDRICAL_SURFACE('',#8826,1.00000001490116);
#7715=CYLINDRICAL_SURFACE('',#8827,2.00000002980232);
#7716=CYLINDRICAL_SURFACE('',#8842,2.);
#7717=CYLINDRICAL_SURFACE('',#8847,2.);
#7718=CYLINDRICAL_SURFACE('',#8852,1.99999999999999);
#7719=CYLINDRICAL_SURFACE('',#8857,2.);
#7720=CYLINDRICAL_SURFACE('',#8862,1.00000000000001);
#7721=CYLINDRICAL_SURFACE('',#8864,0.999999999999996);
#7722=CYLINDRICAL_SURFACE('',#8866,0.999999999999996);
#7723=CYLINDRICAL_SURFACE('',#8868,0.999999999999996);
#7724=CYLINDRICAL_SURFACE('',#8879,2.);
#7725=CYLINDRICAL_SURFACE('',#8884,2.);
#7726=CYLINDRICAL_SURFACE('',#8889,1.99999999999999);
#7727=CYLINDRICAL_SURFACE('',#8894,2.);
#7728=CYLINDRICAL_SURFACE('',#8899,1.00000000000001);
#7729=CYLINDRICAL_SURFACE('',#8901,0.999999999999996);
#7730=CYLINDRICAL_SURFACE('',#8903,0.999999999999996);
#7731=CYLINDRICAL_SURFACE('',#8905,0.999999999999996);
#7732=CYLINDRICAL_SURFACE('',#8916,1.00000001490116);
#7733=CYLINDRICAL_SURFACE('',#8920,2.00000002980232);
#7734=CYLINDRICAL_SURFACE('',#8923,1.00000001490116);
#7735=CYLINDRICAL_SURFACE('',#8926,2.00000002980232);
#7736=CYLINDRICAL_SURFACE('',#8931,1.00000001490116);
#7737=CYLINDRICAL_SURFACE('',#8935,2.00000002980232);
#7738=CYLINDRICAL_SURFACE('',#8938,1.00000001490116);
#7739=CYLINDRICAL_SURFACE('',#8941,2.00000002980232);
#7740=CYLINDRICAL_SURFACE('',#8947,5.);
#7741=CYLINDRICAL_SURFACE('',#8950,5.00000000000002);
#7742=CYLINDRICAL_SURFACE('',#8953,4.99999999999993);
#7743=CYLINDRICAL_SURFACE('',#8955,4.99999999999993);
#7744=CYLINDRICAL_SURFACE('',#8959,14.);
#7745=CYLINDRICAL_SURFACE('',#8963,2.99999858438967);
#7746=CYLINDRICAL_SURFACE('',#8967,2.99999999999994);
#7747=CYLINDRICAL_SURFACE('',#8970,1.00000001490116);
#7748=CYLINDRICAL_SURFACE('',#8973,1.00000001490116);
#7749=CYLINDRICAL_SURFACE('',#8976,1.00000001490116);
#7750=CYLINDRICAL_SURFACE('',#8979,1.00000001490116);
#7751=CYLINDRICAL_SURFACE('',#8982,2.99999858438968);
#7752=CYLINDRICAL_SURFACE('',#8986,2.99999858438967);
#7753=ADVANCED_FACE('',(#582),#7620,.F.);
#7754=ADVANCED_FACE('',(#583),#7621,.F.);
#7755=ADVANCED_FACE('',(#584),#7622,.F.);
#7756=ADVANCED_FACE('',(#585),#7623,.F.);
#7757=ADVANCED_FACE('',(#586),#7624,.F.);
#7758=ADVANCED_FACE('',(#587),#7625,.F.);
#7759=ADVANCED_FACE('',(#588),#7626,.F.);
#7760=ADVANCED_FACE('',(#589),#7627,.F.);
#7761=ADVANCED_FACE('',(#590),#7628,.F.);
#7762=ADVANCED_FACE('',(#591),#261,.T.);
#7763=ADVANCED_FACE('',(#592),#262,.T.);
#7764=ADVANCED_FACE('',(#593),#263,.T.);
#7765=ADVANCED_FACE('',(#594),#264,.T.);
#7766=ADVANCED_FACE('',(#595,#117,#118,#119,#120,#121,#122,#123,#124,#125),
#265,.T.);
#7767=ADVANCED_FACE('',(#596,#126,#127,#128,#129,#130,#131,#132,#133,#134),
#266,.F.);
#7768=ADVANCED_FACE('',(#597),#52,.F.);
#7769=ADVANCED_FACE('',(#598),#7629,.T.);
#7770=ADVANCED_FACE('',(#599),#267,.T.);
#7771=ADVANCED_FACE('',(#600),#50,.T.);
#7772=ADVANCED_FACE('',(#601,#135),#268,.F.);
#7773=ADVANCED_FACE('',(#602),#51,.T.);
#7774=ADVANCED_FACE('',(#603),#269,.T.);
#7775=ADVANCED_FACE('',(#604),#270,.F.);
#7776=ADVANCED_FACE('',(#605),#271,.T.);
#7777=ADVANCED_FACE('',(#606),#272,.T.);
#7778=ADVANCED_FACE('',(#607),#273,.T.);
#7779=ADVANCED_FACE('',(#608),#274,.T.);
#7780=ADVANCED_FACE('',(#609),#275,.F.);
#7781=ADVANCED_FACE('',(#610),#276,.T.);
#7782=ADVANCED_FACE('',(#611),#277,.T.);
#7783=ADVANCED_FACE('',(#612),#278,.T.);
#7784=ADVANCED_FACE('',(#613),#279,.T.);
#7785=ADVANCED_FACE('',(#614),#280,.T.);
#7786=ADVANCED_FACE('',(#615),#281,.F.);
#7787=ADVANCED_FACE('',(#616),#282,.T.);
#7788=ADVANCED_FACE('',(#617),#283,.T.);
#7789=ADVANCED_FACE('',(#618),#284,.T.);
#7790=ADVANCED_FACE('',(#619),#285,.T.);
#7791=ADVANCED_FACE('',(#620),#286,.T.);
#7792=ADVANCED_FACE('',(#621),#287,.F.);
#7793=ADVANCED_FACE('',(#622),#7630,.T.);
#7794=ADVANCED_FACE('',(#623),#288,.T.);
#7795=ADVANCED_FACE('',(#624),#289,.F.);
#7796=ADVANCED_FACE('',(#625),#7631,.T.);
#7797=ADVANCED_FACE('',(#626),#290,.T.);
#7798=ADVANCED_FACE('',(#627),#291,.F.);
#7799=ADVANCED_FACE('',(#628),#292,.T.);
#7800=ADVANCED_FACE('',(#629),#293,.T.);
#7801=ADVANCED_FACE('',(#630),#294,.T.);
#7802=ADVANCED_FACE('',(#631),#295,.T.);
#7803=ADVANCED_FACE('',(#632),#296,.T.);
#7804=ADVANCED_FACE('',(#633),#297,.F.);
#7805=ADVANCED_FACE('',(#634),#298,.T.);
#7806=ADVANCED_FACE('',(#635),#299,.T.);
#7807=ADVANCED_FACE('',(#636),#300,.T.);
#7808=ADVANCED_FACE('',(#637),#301,.T.);
#7809=ADVANCED_FACE('',(#638),#302,.T.);
#7810=ADVANCED_FACE('',(#639),#303,.F.);
#7811=ADVANCED_FACE('',(#640),#7632,.F.);
#7812=ADVANCED_FACE('',(#641),#304,.T.);
#7813=ADVANCED_FACE('',(#642),#7633,.T.);
#7814=ADVANCED_FACE('',(#643),#305,.T.);
#7815=ADVANCED_FACE('',(#644),#7634,.T.);
#7816=ADVANCED_FACE('',(#645,#136),#306,.T.);
#7817=ADVANCED_FACE('',(#646,#137),#307,.F.);
#7818=ADVANCED_FACE('',(#647),#7635,.F.);
#7819=ADVANCED_FACE('',(#648),#308,.T.);
#7820=ADVANCED_FACE('',(#649),#7636,.T.);
#7821=ADVANCED_FACE('',(#650),#309,.T.);
#7822=ADVANCED_FACE('',(#651),#7637,.T.);
#7823=ADVANCED_FACE('',(#652,#138),#310,.T.);
#7824=ADVANCED_FACE('',(#653,#139),#311,.F.);
#7825=ADVANCED_FACE('',(#654),#7638,.F.);
#7826=ADVANCED_FACE('',(#655),#312,.T.);
#7827=ADVANCED_FACE('',(#656),#7639,.T.);
#7828=ADVANCED_FACE('',(#657),#313,.T.);
#7829=ADVANCED_FACE('',(#658),#7640,.T.);
#7830=ADVANCED_FACE('',(#659,#140),#314,.T.);
#7831=ADVANCED_FACE('',(#660,#141),#315,.F.);
#7832=ADVANCED_FACE('',(#661),#7641,.F.);
#7833=ADVANCED_FACE('',(#662),#316,.T.);
#7834=ADVANCED_FACE('',(#663),#7642,.T.);
#7835=ADVANCED_FACE('',(#664),#317,.T.);
#7836=ADVANCED_FACE('',(#665),#7643,.T.);
#7837=ADVANCED_FACE('',(#666,#142),#318,.T.);
#7838=ADVANCED_FACE('',(#667,#143),#319,.F.);
#7839=ADVANCED_FACE('',(#668),#7644,.F.);
#7840=ADVANCED_FACE('',(#669),#320,.T.);
#7841=ADVANCED_FACE('',(#670),#7645,.T.);
#7842=ADVANCED_FACE('',(#671),#321,.T.);
#7843=ADVANCED_FACE('',(#672),#7646,.T.);
#7844=ADVANCED_FACE('',(#673,#144),#322,.T.);
#7845=ADVANCED_FACE('',(#674,#145),#323,.F.);
#7846=ADVANCED_FACE('',(#675,#146),#324,.T.);
#7847=ADVANCED_FACE('',(#676),#325,.T.);
#7848=ADVANCED_FACE('',(#677),#7647,.T.);
#7849=ADVANCED_FACE('',(#678),#7648,.F.);
#7850=ADVANCED_FACE('',(#679),#7649,.T.);
#7851=ADVANCED_FACE('',(#680),#326,.T.);
#7852=ADVANCED_FACE('',(#681,#147),#327,.F.);
#7853=ADVANCED_FACE('',(#682,#148),#328,.T.);
#7854=ADVANCED_FACE('',(#683),#329,.T.);
#7855=ADVANCED_FACE('',(#684),#7650,.T.);
#7856=ADVANCED_FACE('',(#685),#7651,.F.);
#7857=ADVANCED_FACE('',(#686),#7652,.T.);
#7858=ADVANCED_FACE('',(#687),#330,.T.);
#7859=ADVANCED_FACE('',(#688,#149),#331,.F.);
#7860=ADVANCED_FACE('',(#689,#150),#332,.T.);
#7861=ADVANCED_FACE('',(#690),#333,.T.);
#7862=ADVANCED_FACE('',(#691),#7653,.T.);
#7863=ADVANCED_FACE('',(#692),#7654,.F.);
#7864=ADVANCED_FACE('',(#693),#7655,.T.);
#7865=ADVANCED_FACE('',(#694),#334,.T.);
#7866=ADVANCED_FACE('',(#695,#151),#335,.F.);
#7867=ADVANCED_FACE('',(#696,#152),#336,.T.);
#7868=ADVANCED_FACE('',(#697),#337,.T.);
#7869=ADVANCED_FACE('',(#698),#7656,.T.);
#7870=ADVANCED_FACE('',(#699),#7657,.F.);
#7871=ADVANCED_FACE('',(#700),#7658,.T.);
#7872=ADVANCED_FACE('',(#701),#338,.T.);
#7873=ADVANCED_FACE('',(#702,#153),#339,.F.);
#7874=ADVANCED_FACE('',(#703,#154),#340,.T.);
#7875=ADVANCED_FACE('',(#704),#341,.T.);
#7876=ADVANCED_FACE('',(#705),#7659,.T.);
#7877=ADVANCED_FACE('',(#706),#7660,.F.);
#7878=ADVANCED_FACE('',(#707),#7661,.T.);
#7879=ADVANCED_FACE('',(#708),#342,.T.);
#7880=ADVANCED_FACE('',(#709,#155),#343,.F.);
#7881=ADVANCED_FACE('',(#710),#344,.T.);
#7882=ADVANCED_FACE('',(#711),#345,.T.);
#7883=ADVANCED_FACE('',(#712),#346,.T.);
#7884=ADVANCED_FACE('',(#713),#347,.T.);
#7885=ADVANCED_FACE('',(#714),#348,.T.);
#7886=ADVANCED_FACE('',(#715),#349,.F.);
#7887=ADVANCED_FACE('',(#716),#350,.T.);
#7888=ADVANCED_FACE('',(#717),#351,.T.);
#7889=ADVANCED_FACE('',(#718),#352,.T.);
#7890=ADVANCED_FACE('',(#719),#353,.T.);
#7891=ADVANCED_FACE('',(#720),#354,.T.);
#7892=ADVANCED_FACE('',(#721),#355,.T.);
#7893=ADVANCED_FACE('',(#722),#356,.T.);
#7894=ADVANCED_FACE('',(#723),#357,.T.);
#7895=ADVANCED_FACE('',(#724),#358,.T.);
#7896=ADVANCED_FACE('',(#725),#359,.T.);
#7897=ADVANCED_FACE('',(#726),#360,.T.);
#7898=ADVANCED_FACE('',(#727),#361,.F.);
#7899=ADVANCED_FACE('',(#728),#362,.T.);
#7900=ADVANCED_FACE('',(#729),#363,.T.);
#7901=ADVANCED_FACE('',(#730),#364,.T.);
#7902=ADVANCED_FACE('',(#731),#365,.T.);
#7903=ADVANCED_FACE('',(#732),#366,.T.);
#7904=ADVANCED_FACE('',(#733),#367,.T.);
#7905=ADVANCED_FACE('',(#734),#368,.T.);
#7906=ADVANCED_FACE('',(#735),#369,.T.);
#7907=ADVANCED_FACE('',(#736),#370,.T.);
#7908=ADVANCED_FACE('',(#737),#371,.T.);
#7909=ADVANCED_FACE('',(#738),#372,.T.);
#7910=ADVANCED_FACE('',(#739),#373,.F.);
#7911=ADVANCED_FACE('',(#740),#374,.T.);
#7912=ADVANCED_FACE('',(#741),#375,.T.);
#7913=ADVANCED_FACE('',(#742),#376,.T.);
#7914=ADVANCED_FACE('',(#743),#377,.T.);
#7915=ADVANCED_FACE('',(#744),#378,.T.);
#7916=ADVANCED_FACE('',(#745),#379,.T.);
#7917=ADVANCED_FACE('',(#746),#380,.T.);
#7918=ADVANCED_FACE('',(#747),#381,.T.);
#7919=ADVANCED_FACE('',(#748),#382,.T.);
#7920=ADVANCED_FACE('',(#749),#383,.T.);
#7921=ADVANCED_FACE('',(#750),#384,.T.);
#7922=ADVANCED_FACE('',(#751),#385,.F.);
#7923=ADVANCED_FACE('',(#752),#386,.T.);
#7924=ADVANCED_FACE('',(#753),#387,.T.);
#7925=ADVANCED_FACE('',(#754),#388,.T.);
#7926=ADVANCED_FACE('',(#755),#389,.T.);
#7927=ADVANCED_FACE('',(#756),#390,.T.);
#7928=ADVANCED_FACE('',(#757),#391,.T.);
#7929=ADVANCED_FACE('',(#758),#392,.T.);
#7930=ADVANCED_FACE('',(#759),#393,.T.);
#7931=ADVANCED_FACE('',(#760),#394,.T.);
#7932=ADVANCED_FACE('',(#761),#395,.T.);
#7933=ADVANCED_FACE('',(#762),#396,.T.);
#7934=ADVANCED_FACE('',(#763),#397,.F.);
#7935=ADVANCED_FACE('',(#764),#398,.T.);
#7936=ADVANCED_FACE('',(#765),#399,.T.);
#7937=ADVANCED_FACE('',(#766),#400,.T.);
#7938=ADVANCED_FACE('',(#767),#401,.T.);
#7939=ADVANCED_FACE('',(#768),#402,.T.);
#7940=ADVANCED_FACE('',(#769),#403,.T.);
#7941=ADVANCED_FACE('',(#770),#7662,.F.);
#7942=ADVANCED_FACE('',(#771),#7663,.F.);
#7943=ADVANCED_FACE('',(#772),#7664,.F.);
#7944=ADVANCED_FACE('',(#773),#7665,.F.);
#7945=ADVANCED_FACE('',(#774),#7666,.F.);
#7946=ADVANCED_FACE('',(#775),#404,.T.);
#7947=ADVANCED_FACE('',(#776),#405,.T.);
#7948=ADVANCED_FACE('',(#777),#406,.T.);
#7949=ADVANCED_FACE('',(#778),#407,.T.);
#7950=ADVANCED_FACE('',(#779,#156,#157,#158,#159,#160),#408,.T.);
#7951=ADVANCED_FACE('',(#780,#161,#162,#163,#164,#165),#409,.F.);
#7952=ADVANCED_FACE('',(#781),#7667,.F.);
#7953=ADVANCED_FACE('',(#782),#7668,.F.);
#7954=ADVANCED_FACE('',(#783),#410,.F.);
#7955=ADVANCED_FACE('',(#784),#411,.F.);
#7956=ADVANCED_FACE('',(#785),#412,.F.);
#7957=ADVANCED_FACE('',(#786),#37,.F.);
#7958=ADVANCED_FACE('',(#787),#38,.F.);
#7959=ADVANCED_FACE('',(#788),#413,.F.);
#7960=ADVANCED_FACE('',(#789),#39,.F.);
#7961=ADVANCED_FACE('',(#790),#414,.F.);
#7962=ADVANCED_FACE('',(#791),#415,.F.);
#7963=ADVANCED_FACE('',(#792),#40,.F.);
#7964=ADVANCED_FACE('',(#793),#41,.F.);
#7965=ADVANCED_FACE('',(#794),#416,.F.);
#7966=ADVANCED_FACE('',(#795),#417,.F.);
#7967=ADVANCED_FACE('',(#796),#418,.F.);
#7968=ADVANCED_FACE('',(#797),#42,.F.);
#7969=ADVANCED_FACE('',(#798),#43,.F.);
#7970=ADVANCED_FACE('',(#799),#419,.F.);
#7971=ADVANCED_FACE('',(#800),#44,.F.);
#7972=ADVANCED_FACE('',(#801),#45,.F.);
#7973=ADVANCED_FACE('',(#802),#420,.F.);
#7974=ADVANCED_FACE('',(#803),#421,.F.);
#7975=ADVANCED_FACE('',(#804),#422,.F.);
#7976=ADVANCED_FACE('',(#805,#166),#423,.T.);
#7977=ADVANCED_FACE('',(#806),#424,.F.);
#7978=ADVANCED_FACE('',(#807),#425,.F.);
#7979=ADVANCED_FACE('',(#808),#426,.F.);
#7980=ADVANCED_FACE('',(#809),#427,.F.);
#7981=ADVANCED_FACE('',(#810),#428,.F.);
#7982=ADVANCED_FACE('',(#811),#429,.F.);
#7983=ADVANCED_FACE('',(#812),#430,.F.);
#7984=ADVANCED_FACE('',(#813),#431,.F.);
#7985=ADVANCED_FACE('',(#814),#432,.F.);
#7986=ADVANCED_FACE('',(#815),#433,.F.);
#7987=ADVANCED_FACE('',(#816),#434,.F.);
#7988=ADVANCED_FACE('',(#817),#435,.F.);
#7989=ADVANCED_FACE('',(#818),#436,.F.);
#7990=ADVANCED_FACE('',(#819),#437,.F.);
#7991=ADVANCED_FACE('',(#820,#167,#168,#169,#170),#438,.T.);
#7992=ADVANCED_FACE('',(#821),#439,.F.);
#7993=ADVANCED_FACE('',(#822),#440,.F.);
#7994=ADVANCED_FACE('',(#823),#441,.F.);
#7995=ADVANCED_FACE('',(#824),#442,.F.);
#7996=ADVANCED_FACE('',(#825),#7669,.F.);
#7997=ADVANCED_FACE('',(#826),#443,.T.);
#7998=ADVANCED_FACE('',(#827),#7670,.F.);
#7999=ADVANCED_FACE('',(#828),#444,.T.);
#8000=ADVANCED_FACE('',(#829),#445,.F.);
#8001=ADVANCED_FACE('',(#830),#7671,.F.);
#8002=ADVANCED_FACE('',(#831),#446,.F.);
#8003=ADVANCED_FACE('',(#832),#7672,.F.);
#8004=ADVANCED_FACE('',(#833),#447,.F.);
#8005=ADVANCED_FACE('',(#834),#448,.F.);
#8006=ADVANCED_FACE('',(#835),#449,.F.);
#8007=ADVANCED_FACE('',(#836),#450,.F.);
#8008=ADVANCED_FACE('',(#837),#451,.F.);
#8009=ADVANCED_FACE('',(#838),#452,.F.);
#8010=ADVANCED_FACE('',(#839),#453,.F.);
#8011=ADVANCED_FACE('',(#840),#454,.F.);
#8012=ADVANCED_FACE('',(#841),#455,.F.);
#8013=ADVANCED_FACE('',(#842),#456,.F.);
#8014=ADVANCED_FACE('',(#843),#457,.F.);
#8015=ADVANCED_FACE('',(#844),#458,.F.);
#8016=ADVANCED_FACE('',(#845),#459,.F.);
#8017=ADVANCED_FACE('',(#846),#460,.F.);
#8018=ADVANCED_FACE('',(#847),#461,.F.);
#8019=ADVANCED_FACE('',(#848,#171,#172,#173,#174,#175,#176,#177,#178,#179),
#462,.T.);
#8020=ADVANCED_FACE('',(#849,#180,#181,#182,#183,#184,#185,#186,#187,#188),
#463,.T.);
#8021=ADVANCED_FACE('',(#850),#464,.T.);
#8022=ADVANCED_FACE('',(#851),#465,.F.);
#8023=ADVANCED_FACE('',(#852),#466,.F.);
#8024=ADVANCED_FACE('',(#853),#467,.F.);
#8025=ADVANCED_FACE('',(#854),#468,.F.);
#8026=ADVANCED_FACE('',(#855),#469,.F.);
#8027=ADVANCED_FACE('',(#856),#470,.F.);
#8028=ADVANCED_FACE('',(#857),#471,.F.);
#8029=ADVANCED_FACE('',(#858),#472,.F.);
#8030=ADVANCED_FACE('',(#859),#473,.F.);
#8031=ADVANCED_FACE('',(#860),#474,.F.);
#8032=ADVANCED_FACE('',(#861),#475,.F.);
#8033=ADVANCED_FACE('',(#862),#476,.F.);
#8034=ADVANCED_FACE('',(#863),#477,.F.);
#8035=ADVANCED_FACE('',(#864),#478,.F.);
#8036=ADVANCED_FACE('',(#865),#479,.F.);
#8037=ADVANCED_FACE('',(#866),#480,.F.);
#8038=ADVANCED_FACE('',(#867),#481,.F.);
#8039=ADVANCED_FACE('',(#868),#482,.F.);
#8040=ADVANCED_FACE('',(#869),#483,.F.);
#8041=ADVANCED_FACE('',(#870),#484,.F.);
#8042=ADVANCED_FACE('',(#871),#485,.F.);
#8043=ADVANCED_FACE('',(#872,#189),#486,.F.);
#8044=ADVANCED_FACE('',(#873),#487,.T.);
#8045=ADVANCED_FACE('',(#874),#488,.T.);
#8046=ADVANCED_FACE('',(#875),#7673,.F.);
#8047=ADVANCED_FACE('',(#876),#7674,.F.);
#8048=ADVANCED_FACE('',(#877),#7675,.F.);
#8049=ADVANCED_FACE('',(#878),#7676,.F.);
#8050=ADVANCED_FACE('',(#879),#7677,.F.);
#8051=ADVANCED_FACE('',(#880),#7678,.F.);
#8052=ADVANCED_FACE('',(#881),#7679,.F.);
#8053=ADVANCED_FACE('',(#882),#7680,.F.);
#8054=ADVANCED_FACE('',(#883),#7681,.F.);
#8055=ADVANCED_FACE('',(#884),#7682,.T.);
#8056=ADVANCED_FACE('',(#885),#489,.T.);
#8057=ADVANCED_FACE('',(#886),#7683,.T.);
#8058=ADVANCED_FACE('',(#887),#490,.T.);
#8059=ADVANCED_FACE('',(#888),#7684,.T.);
#8060=ADVANCED_FACE('',(#889),#491,.T.);
#8061=ADVANCED_FACE('',(#890),#7685,.T.);
#8062=ADVANCED_FACE('',(#891,#190,#191,#192,#193,#194,#195,#196,#197,#198,
#199,#200,#201,#202,#203,#204,#205,#206,#207,#208,#209),#492,.F.);
#8063=ADVANCED_FACE('',(#892),#7686,.F.);
#8064=ADVANCED_FACE('',(#893),#7687,.F.);
#8065=ADVANCED_FACE('',(#894),#7688,.F.);
#8066=ADVANCED_FACE('',(#895),#7689,.F.);
#8067=ADVANCED_FACE('',(#896),#493,.F.);
#8068=ADVANCED_FACE('',(#897),#7690,.T.);
#8069=ADVANCED_FACE('',(#898),#494,.F.);
#8070=ADVANCED_FACE('',(#899),#7691,.T.);
#8071=ADVANCED_FACE('',(#900),#7692,.F.);
#8072=ADVANCED_FACE('',(#901),#7693,.F.);
#8073=ADVANCED_FACE('',(#902),#7694,.F.);
#8074=ADVANCED_FACE('',(#903),#7695,.F.);
#8075=ADVANCED_FACE('',(#904),#7696,.T.);
#8076=ADVANCED_FACE('',(#905),#495,.F.);
#8077=ADVANCED_FACE('',(#906),#7697,.T.);
#8078=ADVANCED_FACE('',(#907),#496,.F.);
#8079=ADVANCED_FACE('',(#908,#210,#211,#212,#213,#214),#497,.T.);
#8080=ADVANCED_FACE('',(#909,#215,#216,#217,#218,#219),#498,.F.);
#8081=ADVANCED_FACE('',(#910),#7698,.F.);
#8082=ADVANCED_FACE('',(#911),#7699,.F.);
#8083=ADVANCED_FACE('',(#912,#220),#499,.F.);
#8084=ADVANCED_FACE('',(#913,#221),#500,.F.);
#8085=ADVANCED_FACE('',(#914),#501,.T.);
#8086=ADVANCED_FACE('',(#915,#222),#502,.F.);
#8087=ADVANCED_FACE('',(#916,#223),#503,.T.);
#8088=ADVANCED_FACE('',(#917),#504,.T.);
#8089=ADVANCED_FACE('',(#918),#7700,.F.);
#8090=ADVANCED_FACE('',(#919),#505,.T.);
#8091=ADVANCED_FACE('',(#920),#7701,.F.);
#8092=ADVANCED_FACE('',(#921),#506,.T.);
#8093=ADVANCED_FACE('',(#922),#507,.T.);
#8094=ADVANCED_FACE('',(#923),#7702,.F.);
#8095=ADVANCED_FACE('',(#924),#7703,.T.);
#8096=ADVANCED_FACE('',(#925),#508,.T.);
#8097=ADVANCED_FACE('',(#926),#509,.T.);
#8098=ADVANCED_FACE('',(#927,#224),#510,.F.);
#8099=ADVANCED_FACE('',(#928,#225),#511,.T.);
#8100=ADVANCED_FACE('',(#929),#512,.T.);
#8101=ADVANCED_FACE('',(#930),#7704,.F.);
#8102=ADVANCED_FACE('',(#931),#513,.T.);
#8103=ADVANCED_FACE('',(#932),#7705,.F.);
#8104=ADVANCED_FACE('',(#933),#514,.T.);
#8105=ADVANCED_FACE('',(#934),#515,.T.);
#8106=ADVANCED_FACE('',(#935),#7706,.F.);
#8107=ADVANCED_FACE('',(#936),#7707,.T.);
#8108=ADVANCED_FACE('',(#937),#516,.T.);
#8109=ADVANCED_FACE('',(#938),#517,.T.);
#8110=ADVANCED_FACE('',(#939,#226),#518,.T.);
#8111=ADVANCED_FACE('',(#940),#7708,.F.);
#8112=ADVANCED_FACE('',(#941),#519,.T.);
#8113=ADVANCED_FACE('',(#942),#7709,.F.);
#8114=ADVANCED_FACE('',(#943),#520,.T.);
#8115=ADVANCED_FACE('',(#944),#521,.T.);
#8116=ADVANCED_FACE('',(#945),#7710,.F.);
#8117=ADVANCED_FACE('',(#946),#7711,.T.);
#8118=ADVANCED_FACE('',(#947),#522,.T.);
#8119=ADVANCED_FACE('',(#948),#523,.T.);
#8120=ADVANCED_FACE('',(#949),#524,.T.);
#8121=ADVANCED_FACE('',(#950,#227),#525,.T.);
#8122=ADVANCED_FACE('',(#951),#7712,.F.);
#8123=ADVANCED_FACE('',(#952),#526,.T.);
#8124=ADVANCED_FACE('',(#953),#7713,.F.);
#8125=ADVANCED_FACE('',(#954),#527,.T.);
#8126=ADVANCED_FACE('',(#955),#528,.T.);
#8127=ADVANCED_FACE('',(#956),#7714,.F.);
#8128=ADVANCED_FACE('',(#957),#7715,.T.);
#8129=ADVANCED_FACE('',(#958),#529,.T.);
#8130=ADVANCED_FACE('',(#959,#228,#229,#230,#231,#232),#530,.F.);
#8131=ADVANCED_FACE('',(#960),#7716,.T.);
#8132=ADVANCED_FACE('',(#961,#233),#531,.T.);
#8133=ADVANCED_FACE('',(#962),#7717,.T.);
#8134=ADVANCED_FACE('',(#963,#234),#532,.T.);
#8135=ADVANCED_FACE('',(#964),#7718,.T.);
#8136=ADVANCED_FACE('',(#965,#235),#533,.T.);
#8137=ADVANCED_FACE('',(#966),#7719,.T.);
#8138=ADVANCED_FACE('',(#967,#236),#534,.T.);
#8139=ADVANCED_FACE('',(#968),#7720,.F.);
#8140=ADVANCED_FACE('',(#969),#7721,.F.);
#8141=ADVANCED_FACE('',(#970),#7722,.F.);
#8142=ADVANCED_FACE('',(#971),#7723,.F.);
#8143=ADVANCED_FACE('',(#972),#535,.F.);
#8144=ADVANCED_FACE('',(#973),#536,.F.);
#8145=ADVANCED_FACE('',(#974),#537,.F.);
#8146=ADVANCED_FACE('',(#975),#538,.F.);
#8147=ADVANCED_FACE('',(#976,#237,#238,#239,#240),#539,.T.);
#8148=ADVANCED_FACE('',(#977),#540,.F.);
#8149=ADVANCED_FACE('',(#978),#541,.F.);
#8150=ADVANCED_FACE('',(#979),#542,.F.);
#8151=ADVANCED_FACE('',(#980),#543,.F.);
#8152=ADVANCED_FACE('',(#981),#7724,.T.);
#8153=ADVANCED_FACE('',(#982,#241),#544,.F.);
#8154=ADVANCED_FACE('',(#983),#7725,.T.);
#8155=ADVANCED_FACE('',(#984,#242),#545,.F.);
#8156=ADVANCED_FACE('',(#985),#7726,.T.);
#8157=ADVANCED_FACE('',(#986,#243),#546,.F.);
#8158=ADVANCED_FACE('',(#987),#7727,.T.);
#8159=ADVANCED_FACE('',(#988,#244),#547,.F.);
#8160=ADVANCED_FACE('',(#989),#7728,.F.);
#8161=ADVANCED_FACE('',(#990),#7729,.F.);
#8162=ADVANCED_FACE('',(#991),#7730,.F.);
#8163=ADVANCED_FACE('',(#992),#7731,.F.);
#8164=ADVANCED_FACE('',(#993),#548,.T.);
#8165=ADVANCED_FACE('',(#994),#549,.T.);
#8166=ADVANCED_FACE('',(#995),#550,.T.);
#8167=ADVANCED_FACE('',(#996),#551,.T.);
#8168=ADVANCED_FACE('',(#997,#245,#246,#247,#248),#552,.F.);
#8169=ADVANCED_FACE('',(#998),#553,.F.);
#8170=ADVANCED_FACE('',(#999),#554,.F.);
#8171=ADVANCED_FACE('',(#1000),#555,.F.);
#8172=ADVANCED_FACE('',(#1001),#556,.F.);
#8173=ADVANCED_FACE('',(#1002),#7732,.F.);
#8174=ADVANCED_FACE('',(#1003),#557,.T.);
#8175=ADVANCED_FACE('',(#1004),#558,.T.);
#8176=ADVANCED_FACE('',(#1005),#7733,.T.);
#8177=ADVANCED_FACE('',(#1006),#559,.F.);
#8178=ADVANCED_FACE('',(#1007),#7734,.F.);
#8179=ADVANCED_FACE('',(#1008),#560,.T.);
#8180=ADVANCED_FACE('',(#1009),#7735,.T.);
#8181=ADVANCED_FACE('',(#1010),#561,.T.);
#8182=ADVANCED_FACE('',(#1011),#562,.T.);
#8183=ADVANCED_FACE('',(#1012),#563,.F.);
#8184=ADVANCED_FACE('',(#1013),#7736,.F.);
#8185=ADVANCED_FACE('',(#1014),#564,.T.);
#8186=ADVANCED_FACE('',(#1015),#565,.T.);
#8187=ADVANCED_FACE('',(#1016),#7737,.T.);
#8188=ADVANCED_FACE('',(#1017),#566,.F.);
#8189=ADVANCED_FACE('',(#1018),#7738,.F.);
#8190=ADVANCED_FACE('',(#1019),#567,.T.);
#8191=ADVANCED_FACE('',(#1020),#7739,.T.);
#8192=ADVANCED_FACE('',(#1021),#568,.T.);
#8193=ADVANCED_FACE('',(#1022),#569,.F.);
#8194=ADVANCED_FACE('',(#1023),#570,.T.);
#8195=ADVANCED_FACE('',(#1024),#571,.T.);
#8196=ADVANCED_FACE('',(#1025),#7740,.T.);
#8197=ADVANCED_FACE('',(#1026),#572,.T.);
#8198=ADVANCED_FACE('',(#1027),#7741,.T.);
#8199=ADVANCED_FACE('',(#1028),#573,.T.);
#8200=ADVANCED_FACE('',(#1029),#7742,.T.);
#8201=ADVANCED_FACE('',(#1030),#7743,.T.);
#8202=ADVANCED_FACE('',(#1031),#574,.T.);
#8203=ADVANCED_FACE('',(#1032,#249,#250),#575,.F.);
#8204=ADVANCED_FACE('',(#1033),#7744,.F.);
#8205=ADVANCED_FACE('',(#1034),#576,.F.);
#8206=ADVANCED_FACE('',(#1035),#7745,.T.);
#8207=ADVANCED_FACE('',(#1036),#577,.F.);
#8208=ADVANCED_FACE('',(#1037),#7746,.T.);
#8209=ADVANCED_FACE('',(#1038),#7747,.F.);
#8210=ADVANCED_FACE('',(#1039),#7748,.F.);
#8211=ADVANCED_FACE('',(#1040),#7749,.F.);
#8212=ADVANCED_FACE('',(#1041),#7750,.F.);
#8213=ADVANCED_FACE('',(#1042),#7751,.T.);
#8214=ADVANCED_FACE('',(#1043),#578,.F.);
#8215=ADVANCED_FACE('',(#1044),#7752,.T.);
#8216=ADVANCED_FACE('',(#1045),#579,.F.);
#8217=ADVANCED_FACE('',(#1046,#251,#252,#253,#254,#255),#580,.T.);
#8218=ADVANCED_FACE('',(#1047,#256,#257,#258,#259,#260),#581,.F.);
#8219=CLOSED_SHELL('',(#7753,#7754,#7755,#7756,#7757,#7758,#7759,#7760,
#7761,#7762,#7763,#7764,#7765,#7766,#7767));
#8220=CLOSED_SHELL('',(#7768,#7769,#7770,#7771,#7772,#7773,#7774));
#8221=CLOSED_SHELL('',(#7775,#7776,#7777,#7778,#7779,#7780));
#8222=CLOSED_SHELL('',(#7781,#7782,#7783,#7784,#7785,#7786));
#8223=CLOSED_SHELL('',(#7787,#7788,#7789,#7790,#7791,#7792));
#8224=CLOSED_SHELL('',(#7793,#7794,#7795));
#8225=CLOSED_SHELL('',(#7796,#7797,#7798));
#8226=CLOSED_SHELL('',(#7799,#7800,#7801,#7802,#7803,#7804));
#8227=CLOSED_SHELL('',(#7805,#7806,#7807,#7808,#7809,#7810));
#8228=CLOSED_SHELL('',(#7811,#7812,#7813,#7814,#7815,#7816,#7817));
#8229=CLOSED_SHELL('',(#7818,#7819,#7820,#7821,#7822,#7823,#7824));
#8230=CLOSED_SHELL('',(#7825,#7826,#7827,#7828,#7829,#7830,#7831));
#8231=CLOSED_SHELL('',(#7832,#7833,#7834,#7835,#7836,#7837,#7838));
#8232=CLOSED_SHELL('',(#7839,#7840,#7841,#7842,#7843,#7844,#7845));
#8233=CLOSED_SHELL('',(#7846,#7847,#7848,#7849,#7850,#7851,#7852));
#8234=CLOSED_SHELL('',(#7853,#7854,#7855,#7856,#7857,#7858,#7859));
#8235=CLOSED_SHELL('',(#7860,#7861,#7862,#7863,#7864,#7865,#7866));
#8236=CLOSED_SHELL('',(#7867,#7868,#7869,#7870,#7871,#7872,#7873));
#8237=CLOSED_SHELL('',(#7874,#7875,#7876,#7877,#7878,#7879,#7880));
#8238=CLOSED_SHELL('',(#7881,#7882,#7883,#7884,#7885,#7886,#7887,#7888,
#7889,#7890,#7891,#7892));
#8239=CLOSED_SHELL('',(#7893,#7894,#7895,#7896,#7897,#7898,#7899,#7900,
#7901,#7902,#7903,#7904));
#8240=CLOSED_SHELL('',(#7905,#7906,#7907,#7908,#7909,#7910,#7911,#7912,
#7913,#7914,#7915,#7916));
#8241=CLOSED_SHELL('',(#7917,#7918,#7919,#7920,#7921,#7922,#7923,#7924,
#7925,#7926,#7927,#7928));
#8242=CLOSED_SHELL('',(#7929,#7930,#7931,#7932,#7933,#7934,#7935,#7936,
#7937,#7938,#7939,#7940));
#8243=CLOSED_SHELL('',(#7941,#7942,#7943,#7944,#7945,#7946,#7947,#7948,
#7949,#7950,#7951));
#8244=CLOSED_SHELL('',(#7952,#7953,#7954,#7955,#7956,#7957,#7958,#7959,
#7960,#7961,#7962,#7963,#7964,#7965,#7966,#7967,#7968,#7969,#7970,#7971,
#7972,#7973,#7974,#7975,#7976,#7977,#7978,#7979,#7980,#7981,#7982,#7983,
#7984,#7985,#7986,#7987,#7988,#7989,#7990,#7991,#7992,#7993,#7994,#7995,
#7996,#7997,#7998,#7999,#8000,#8001,#8002,#8003,#8004,#8005,#8006,#8007,
#8008,#8009,#8010,#8011,#8012,#8013,#8014,#8015,#8016,#8017,#8018,#8019,
#8020,#8021,#8022,#8023,#8024,#8025,#8026,#8027,#8028,#8029,#8030,#8031,
#8032,#8033,#8034,#8035,#8036,#8037,#8038,#8039,#8040,#8041,#8042,#8043,
#8044,#8045,#8046,#8047,#8048,#8049,#8050,#8051,#8052,#8053,#8054,#8055,
#8056,#8057,#8058,#8059,#8060,#8061,#8062,#8063,#8064,#8065));
#8245=CLOSED_SHELL('',(#8066,#8067,#8068,#8069,#8070,#8071,#8072,#8073,
#8074,#8075,#8076,#8077,#8078,#8079,#8080));
#8246=CLOSED_SHELL('',(#8081,#8082,#8083,#8084,#8085,#8086,#8087,#8088,
#8089,#8090,#8091,#8092,#8093,#8094,#8095,#8096,#8097,#8098,#8099,#8100,
#8101,#8102,#8103,#8104,#8105,#8106,#8107,#8108,#8109,#8110,#8111,#8112,
#8113,#8114,#8115,#8116,#8117,#8118,#8119,#8120,#8121,#8122,#8123,#8124,
#8125,#8126,#8127,#8128,#8129,#8130,#8131,#8132,#8133,#8134,#8135,#8136,
#8137,#8138,#8139,#8140,#8141,#8142,#8143,#8144,#8145,#8146,#8147,#8148,
#8149,#8150,#8151,#8152,#8153,#8154,#8155,#8156,#8157,#8158,#8159,#8160,
#8161,#8162,#8163,#8164,#8165,#8166,#8167,#8168,#8169,#8170,#8171,#8172,
#8173,#8174,#8175,#8176,#8177,#8178,#8179,#8180,#8181,#8182,#8183,#8184,
#8185,#8186,#8187,#8188,#8189,#8190,#8191,#8192,#8193,#8194,#8195,#8196,
#8197,#8198,#8199,#8200,#8201,#8202,#8203));
#8247=CLOSED_SHELL('',(#8204,#8205,#8206,#8207,#8208,#8209,#8210,#8211,
#8212,#8213,#8214,#8215,#8216,#8217,#8218));
#8248=DERIVED_UNIT_ELEMENT(#8250,1.);
#8249=DERIVED_UNIT_ELEMENT(#13774,-3.);
#8250=(
MASS_UNIT()
NAMED_UNIT(*)
SI_UNIT(.KILO.,.GRAM.)
);
#8251=DERIVED_UNIT((#8248,#8249));
#8252=MEASURE_REPRESENTATION_ITEM('density measure',
POSITIVE_RATIO_MEASURE(0.),#8251);
#8253=PROPERTY_DEFINITION_REPRESENTATION(#8258,#8255);
#8254=PROPERTY_DEFINITION_REPRESENTATION(#8259,#8256);
#8255=REPRESENTATION('material name',(#8257),#13771);
#8256=REPRESENTATION('density',(#8252),#13771);
#8257=DESCRIPTIVE_REPRESENTATION_ITEM('Steel','Steel');
#8258=PROPERTY_DEFINITION('material property','material name',#13787);
#8259=PROPERTY_DEFINITION('material property','density of part',#13787);
#8260=AXIS2_PLACEMENT_3D('',#11278,#8994,#8995);
#8261=AXIS2_PLACEMENT_3D('',#11279,#8996,#8997);
#8262=AXIS2_PLACEMENT_3D('',#11280,#8998,#8999);
#8263=AXIS2_PLACEMENT_3D('',#11282,#9000,#9001);
#8264=AXIS2_PLACEMENT_3D('',#11285,#9003,#9004);
#8265=AXIS2_PLACEMENT_3D('',#11286,#9005,#9006);
#8266=AXIS2_PLACEMENT_3D('',#11288,#9007,#9008);
#8267=AXIS2_PLACEMENT_3D('',#11291,#9010,#9011);
#8268=AXIS2_PLACEMENT_3D('',#11292,#9012,#9013);
#8269=AXIS2_PLACEMENT_3D('',#11294,#9014,#9015);
#8270=AXIS2_PLACEMENT_3D('',#11297,#9017,#9018);
#8271=AXIS2_PLACEMENT_3D('',#11298,#9019,#9020);
#8272=AXIS2_PLACEMENT_3D('',#11300,#9021,#9022);
#8273=AXIS2_PLACEMENT_3D('',#11303,#9024,#9025);
#8274=AXIS2_PLACEMENT_3D('',#11304,#9026,#9027);
#8275=AXIS2_PLACEMENT_3D('',#11306,#9028,#9029);
#8276=AXIS2_PLACEMENT_3D('',#11309,#9031,#9032);
#8277=AXIS2_PLACEMENT_3D('',#11310,#9033,#9034);
#8278=AXIS2_PLACEMENT_3D('',#11312,#9035,#9036);
#8279=AXIS2_PLACEMENT_3D('',#11315,#9038,#9039);
#8280=AXIS2_PLACEMENT_3D('',#11316,#9040,#9041);
#8281=AXIS2_PLACEMENT_3D('',#11318,#9042,#9043);
#8282=AXIS2_PLACEMENT_3D('',#11321,#9045,#9046);
#8283=AXIS2_PLACEMENT_3D('',#11322,#9047,#9048);
#8284=AXIS2_PLACEMENT_3D('',#11324,#9049,#9050);
#8285=AXIS2_PLACEMENT_3D('',#11327,#9052,#9053);
#8286=AXIS2_PLACEMENT_3D('',#11328,#9054,#9055);
#8287=AXIS2_PLACEMENT_3D('',#11330,#9056,#9057);
#8288=AXIS2_PLACEMENT_3D('',#11333,#9059,#9060);
#8289=AXIS2_PLACEMENT_3D('',#11334,#9061,#9062);
#8290=AXIS2_PLACEMENT_3D('',#11343,#9067,#9068);
#8291=AXIS2_PLACEMENT_3D('',#11349,#9072,#9073);
#8292=AXIS2_PLACEMENT_3D('',#11355,#9077,#9078);
#8293=AXIS2_PLACEMENT_3D('',#11358,#9081,#9082);
#8294=AXIS2_PLACEMENT_3D('',#11359,#9083,#9084);
#8295=AXIS2_PLACEMENT_3D('',#11388,#9085,#9086);
#8296=AXIS2_PLACEMENT_3D('',#11390,#9087,#9088);
#8297=AXIS2_PLACEMENT_3D('',#11392,#9089,#9090);
#8298=AXIS2_PLACEMENT_3D('',#11393,#9091,#9092);
#8299=AXIS2_PLACEMENT_3D('',#11394,#9093,#9094);
#8300=AXIS2_PLACEMENT_3D('',#11396,#9095,#9096);
#8301=AXIS2_PLACEMENT_3D('',#11398,#9098,#9099);
#8302=AXIS2_PLACEMENT_3D('',#11400,#9100,#9101);
#8303=AXIS2_PLACEMENT_3D('',#11401,#9102,#9103);
#8304=AXIS2_PLACEMENT_3D('',#11403,#9104,#9105);
#8305=AXIS2_PLACEMENT_3D('',#11404,#9106,#9107);
#8306=AXIS2_PLACEMENT_3D('',#11405,#9108,#9109);
#8307=AXIS2_PLACEMENT_3D('',#11407,#9110,#9111);
#8308=AXIS2_PLACEMENT_3D('',#11408,#9112,#9113);
#8309=AXIS2_PLACEMENT_3D('',#11409,#9114,#9115);
#8310=AXIS2_PLACEMENT_3D('',#11410,#9116,#9117);
#8311=AXIS2_PLACEMENT_3D('',#11411,#9118,#9119);
#8312=AXIS2_PLACEMENT_3D('',#11420,#9124,#9125);
#8313=AXIS2_PLACEMENT_3D('',#11426,#9129,#9130);
#8314=AXIS2_PLACEMENT_3D('',#11430,#9133,#9134);
#8315=AXIS2_PLACEMENT_3D('',#11434,#9137,#9138);
#8316=AXIS2_PLACEMENT_3D('',#11436,#9140,#9141);
#8317=AXIS2_PLACEMENT_3D('',#11437,#9142,#9143);
#8318=AXIS2_PLACEMENT_3D('',#11446,#9148,#9149);
#8319=AXIS2_PLACEMENT_3D('',#11452,#9153,#9154);
#8320=AXIS2_PLACEMENT_3D('',#11458,#9158,#9159);
#8321=AXIS2_PLACEMENT_3D('',#11461,#9162,#9163);
#8322=AXIS2_PLACEMENT_3D('',#11462,#9164,#9165);
#8323=AXIS2_PLACEMENT_3D('',#11463,#9166,#9167);
#8324=AXIS2_PLACEMENT_3D('',#11472,#9172,#9173);
#8325=AXIS2_PLACEMENT_3D('',#11478,#9177,#9178);
#8326=AXIS2_PLACEMENT_3D('',#11484,#9182,#9183);
#8327=AXIS2_PLACEMENT_3D('',#11487,#9186,#9187);
#8328=AXIS2_PLACEMENT_3D('',#11488,#9188,#9189);
#8329=AXIS2_PLACEMENT_3D('',#11489,#9190,#9191);
#8330=AXIS2_PLACEMENT_3D('',#11491,#9192,#9193);
#8331=AXIS2_PLACEMENT_3D('',#11494,#9195,#9196);
#8332=AXIS2_PLACEMENT_3D('',#11495,#9197,#9198);
#8333=AXIS2_PLACEMENT_3D('',#11496,#9199,#9200);
#8334=AXIS2_PLACEMENT_3D('',#11497,#9201,#9202);
#8335=AXIS2_PLACEMENT_3D('',#11499,#9203,#9204);
#8336=AXIS2_PLACEMENT_3D('',#11502,#9206,#9207);
#8337=AXIS2_PLACEMENT_3D('',#11503,#9208,#9209);
#8338=AXIS2_PLACEMENT_3D('',#11504,#9210,#9211);
#8339=AXIS2_PLACEMENT_3D('',#11505,#9212,#9213);
#8340=AXIS2_PLACEMENT_3D('',#11514,#9218,#9219);
#8341=AXIS2_PLACEMENT_3D('',#11520,#9223,#9224);
#8342=AXIS2_PLACEMENT_3D('',#11526,#9228,#9229);
#8343=AXIS2_PLACEMENT_3D('',#11529,#9232,#9233);
#8344=AXIS2_PLACEMENT_3D('',#11530,#9234,#9235);
#8345=AXIS2_PLACEMENT_3D('',#11531,#9236,#9237);
#8346=AXIS2_PLACEMENT_3D('',#11540,#9242,#9243);
#8347=AXIS2_PLACEMENT_3D('',#11546,#9247,#9248);
#8348=AXIS2_PLACEMENT_3D('',#11552,#9252,#9253);
#8349=AXIS2_PLACEMENT_3D('',#11555,#9256,#9257);
#8350=AXIS2_PLACEMENT_3D('',#11556,#9258,#9259);
#8351=AXIS2_PLACEMENT_3D('',#11557,#9260,#9261);
#8352=AXIS2_PLACEMENT_3D('',#11559,#9262,#9263);
#8353=AXIS2_PLACEMENT_3D('',#11562,#9265,#9266);
#8354=AXIS2_PLACEMENT_3D('',#11563,#9267,#9268);
#8355=AXIS2_PLACEMENT_3D('',#11572,#9273,#9274);
#8356=AXIS2_PLACEMENT_3D('',#11574,#9275,#9276);
#8357=AXIS2_PLACEMENT_3D('',#11576,#9277,#9278);
#8358=AXIS2_PLACEMENT_3D('',#11578,#9280,#9281);
#8359=AXIS2_PLACEMENT_3D('',#11584,#9285,#9286);
#8360=AXIS2_PLACEMENT_3D('',#11585,#9287,#9288);
#8361=AXIS2_PLACEMENT_3D('',#11586,#9289,#9290);
#8362=AXIS2_PLACEMENT_3D('',#11587,#9291,#9292);
#8363=AXIS2_PLACEMENT_3D('',#11588,#9293,#9294);
#8364=AXIS2_PLACEMENT_3D('',#11589,#9295,#9296);
#8365=AXIS2_PLACEMENT_3D('',#11591,#9297,#9298);
#8366=AXIS2_PLACEMENT_3D('',#11594,#9300,#9301);
#8367=AXIS2_PLACEMENT_3D('',#11595,#9302,#9303);
#8368=AXIS2_PLACEMENT_3D('',#11604,#9308,#9309);
#8369=AXIS2_PLACEMENT_3D('',#11606,#9310,#9311);
#8370=AXIS2_PLACEMENT_3D('',#11608,#9312,#9313);
#8371=AXIS2_PLACEMENT_3D('',#11610,#9315,#9316);
#8372=AXIS2_PLACEMENT_3D('',#11616,#9320,#9321);
#8373=AXIS2_PLACEMENT_3D('',#11617,#9322,#9323);
#8374=AXIS2_PLACEMENT_3D('',#11618,#9324,#9325);
#8375=AXIS2_PLACEMENT_3D('',#11619,#9326,#9327);
#8376=AXIS2_PLACEMENT_3D('',#11620,#9328,#9329);
#8377=AXIS2_PLACEMENT_3D('',#11621,#9330,#9331);
#8378=AXIS2_PLACEMENT_3D('',#11623,#9332,#9333);
#8379=AXIS2_PLACEMENT_3D('',#11626,#9335,#9336);
#8380=AXIS2_PLACEMENT_3D('',#11627,#9337,#9338);
#8381=AXIS2_PLACEMENT_3D('',#11636,#9343,#9344);
#8382=AXIS2_PLACEMENT_3D('',#11638,#9345,#9346);
#8383=AXIS2_PLACEMENT_3D('',#11640,#9347,#9348);
#8384=AXIS2_PLACEMENT_3D('',#11642,#9350,#9351);
#8385=AXIS2_PLACEMENT_3D('',#11648,#9355,#9356);
#8386=AXIS2_PLACEMENT_3D('',#11649,#9357,#9358);
#8387=AXIS2_PLACEMENT_3D('',#11650,#9359,#9360);
#8388=AXIS2_PLACEMENT_3D('',#11651,#9361,#9362);
#8389=AXIS2_PLACEMENT_3D('',#11652,#9363,#9364);
#8390=AXIS2_PLACEMENT_3D('',#11653,#9365,#9366);
#8391=AXIS2_PLACEMENT_3D('',#11655,#9367,#9368);
#8392=AXIS2_PLACEMENT_3D('',#11658,#9370,#9371);
#8393=AXIS2_PLACEMENT_3D('',#11659,#9372,#9373);
#8394=AXIS2_PLACEMENT_3D('',#11668,#9378,#9379);
#8395=AXIS2_PLACEMENT_3D('',#11670,#9380,#9381);
#8396=AXIS2_PLACEMENT_3D('',#11672,#9382,#9383);
#8397=AXIS2_PLACEMENT_3D('',#11674,#9385,#9386);
#8398=AXIS2_PLACEMENT_3D('',#11680,#9390,#9391);
#8399=AXIS2_PLACEMENT_3D('',#11681,#9392,#9393);
#8400=AXIS2_PLACEMENT_3D('',#11682,#9394,#9395);
#8401=AXIS2_PLACEMENT_3D('',#11683,#9396,#9397);
#8402=AXIS2_PLACEMENT_3D('',#11684,#9398,#9399);
#8403=AXIS2_PLACEMENT_3D('',#11685,#9400,#9401);
#8404=AXIS2_PLACEMENT_3D('',#11687,#9402,#9403);
#8405=AXIS2_PLACEMENT_3D('',#11690,#9405,#9406);
#8406=AXIS2_PLACEMENT_3D('',#11691,#9407,#9408);
#8407=AXIS2_PLACEMENT_3D('',#11700,#9413,#9414);
#8408=AXIS2_PLACEMENT_3D('',#11702,#9415,#9416);
#8409=AXIS2_PLACEMENT_3D('',#11704,#9417,#9418);
#8410=AXIS2_PLACEMENT_3D('',#11706,#9420,#9421);
#8411=AXIS2_PLACEMENT_3D('',#11712,#9425,#9426);
#8412=AXIS2_PLACEMENT_3D('',#11713,#9427,#9428);
#8413=AXIS2_PLACEMENT_3D('',#11714,#9429,#9430);
#8414=AXIS2_PLACEMENT_3D('',#11715,#9431,#9432);
#8415=AXIS2_PLACEMENT_3D('',#11716,#9433,#9434);
#8416=AXIS2_PLACEMENT_3D('',#11717,#9435,#9436);
#8417=AXIS2_PLACEMENT_3D('',#11720,#9437,#9438);
#8418=AXIS2_PLACEMENT_3D('',#11724,#9440,#9441);
#8419=AXIS2_PLACEMENT_3D('',#11727,#9443,#9444);
#8420=AXIS2_PLACEMENT_3D('',#11728,#9445,#9446);
#8421=AXIS2_PLACEMENT_3D('',#11734,#9450,#9451);
#8422=AXIS2_PLACEMENT_3D('',#11737,#9453,#9454);
#8423=AXIS2_PLACEMENT_3D('',#11738,#9455,#9456);
#8424=AXIS2_PLACEMENT_3D('',#11741,#9458,#9459);
#8425=AXIS2_PLACEMENT_3D('',#11742,#9460,#9461);
#8426=AXIS2_PLACEMENT_3D('',#11744,#9462,#9463);
#8427=AXIS2_PLACEMENT_3D('',#11746,#9465,#9466);
#8428=AXIS2_PLACEMENT_3D('',#11748,#9468,#9469);
#8429=AXIS2_PLACEMENT_3D('',#11749,#9470,#9471);
#8430=AXIS2_PLACEMENT_3D('',#11752,#9472,#9473);
#8431=AXIS2_PLACEMENT_3D('',#11756,#9475,#9476);
#8432=AXIS2_PLACEMENT_3D('',#11759,#9478,#9479);
#8433=AXIS2_PLACEMENT_3D('',#11760,#9480,#9481);
#8434=AXIS2_PLACEMENT_3D('',#11766,#9485,#9486);
#8435=AXIS2_PLACEMENT_3D('',#11769,#9488,#9489);
#8436=AXIS2_PLACEMENT_3D('',#11770,#9490,#9491);
#8437=AXIS2_PLACEMENT_3D('',#11773,#9493,#9494);
#8438=AXIS2_PLACEMENT_3D('',#11774,#9495,#9496);
#8439=AXIS2_PLACEMENT_3D('',#11776,#9497,#9498);
#8440=AXIS2_PLACEMENT_3D('',#11778,#9500,#9501);
#8441=AXIS2_PLACEMENT_3D('',#11780,#9503,#9504);
#8442=AXIS2_PLACEMENT_3D('',#11781,#9505,#9506);
#8443=AXIS2_PLACEMENT_3D('',#11784,#9507,#9508);
#8444=AXIS2_PLACEMENT_3D('',#11788,#9510,#9511);
#8445=AXIS2_PLACEMENT_3D('',#11791,#9513,#9514);
#8446=AXIS2_PLACEMENT_3D('',#11792,#9515,#9516);
#8447=AXIS2_PLACEMENT_3D('',#11798,#9520,#9521);
#8448=AXIS2_PLACEMENT_3D('',#11801,#9523,#9524);
#8449=AXIS2_PLACEMENT_3D('',#11802,#9525,#9526);
#8450=AXIS2_PLACEMENT_3D('',#11805,#9528,#9529);
#8451=AXIS2_PLACEMENT_3D('',#11806,#9530,#9531);
#8452=AXIS2_PLACEMENT_3D('',#11808,#9532,#9533);
#8453=AXIS2_PLACEMENT_3D('',#11810,#9535,#9536);
#8454=AXIS2_PLACEMENT_3D('',#11812,#9538,#9539);
#8455=AXIS2_PLACEMENT_3D('',#11813,#9540,#9541);
#8456=AXIS2_PLACEMENT_3D('',#11816,#9542,#9543);
#8457=AXIS2_PLACEMENT_3D('',#11820,#9545,#9546);
#8458=AXIS2_PLACEMENT_3D('',#11823,#9548,#9549);
#8459=AXIS2_PLACEMENT_3D('',#11824,#9550,#9551);
#8460=AXIS2_PLACEMENT_3D('',#11830,#9555,#9556);
#8461=AXIS2_PLACEMENT_3D('',#11833,#9558,#9559);
#8462=AXIS2_PLACEMENT_3D('',#11834,#9560,#9561);
#8463=AXIS2_PLACEMENT_3D('',#11837,#9563,#9564);
#8464=AXIS2_PLACEMENT_3D('',#11838,#9565,#9566);
#8465=AXIS2_PLACEMENT_3D('',#11840,#9567,#9568);
#8466=AXIS2_PLACEMENT_3D('',#11842,#9570,#9571);
#8467=AXIS2_PLACEMENT_3D('',#11844,#9573,#9574);
#8468=AXIS2_PLACEMENT_3D('',#11845,#9575,#9576);
#8469=AXIS2_PLACEMENT_3D('',#11848,#9577,#9578);
#8470=AXIS2_PLACEMENT_3D('',#11852,#9580,#9581);
#8471=AXIS2_PLACEMENT_3D('',#11855,#9583,#9584);
#8472=AXIS2_PLACEMENT_3D('',#11856,#9585,#9586);
#8473=AXIS2_PLACEMENT_3D('',#11862,#9590,#9591);
#8474=AXIS2_PLACEMENT_3D('',#11865,#9593,#9594);
#8475=AXIS2_PLACEMENT_3D('',#11866,#9595,#9596);
#8476=AXIS2_PLACEMENT_3D('',#11869,#9598,#9599);
#8477=AXIS2_PLACEMENT_3D('',#11870,#9600,#9601);
#8478=AXIS2_PLACEMENT_3D('',#11872,#9602,#9603);
#8479=AXIS2_PLACEMENT_3D('',#11874,#9605,#9606);
#8480=AXIS2_PLACEMENT_3D('',#11876,#9608,#9609);
#8481=AXIS2_PLACEMENT_3D('',#11877,#9610,#9611);
#8482=AXIS2_PLACEMENT_3D('',#11886,#9616,#9617);
#8483=AXIS2_PLACEMENT_3D('',#11892,#9621,#9622);
#8484=AXIS2_PLACEMENT_3D('',#11898,#9626,#9627);
#8485=AXIS2_PLACEMENT_3D('',#11908,#9633,#9634);
#8486=AXIS2_PLACEMENT_3D('',#11912,#9637,#9638);
#8487=AXIS2_PLACEMENT_3D('',#11920,#9643,#9644);
#8488=AXIS2_PLACEMENT_3D('',#11923,#9647,#9648);
#8489=AXIS2_PLACEMENT_3D('',#11925,#9650,#9651);
#8490=AXIS2_PLACEMENT_3D('',#11926,#9652,#9653);
#8491=AXIS2_PLACEMENT_3D('',#11928,#9655,#9656);
#8492=AXIS2_PLACEMENT_3D('',#11930,#9658,#9659);
#8493=AXIS2_PLACEMENT_3D('',#11931,#9660,#9661);
#8494=AXIS2_PLACEMENT_3D('',#11940,#9666,#9667);
#8495=AXIS2_PLACEMENT_3D('',#11946,#9671,#9672);
#8496=AXIS2_PLACEMENT_3D('',#11952,#9676,#9677);
#8497=AXIS2_PLACEMENT_3D('',#11962,#9683,#9684);
#8498=AXIS2_PLACEMENT_3D('',#11966,#9687,#9688);
#8499=AXIS2_PLACEMENT_3D('',#11974,#9693,#9694);
#8500=AXIS2_PLACEMENT_3D('',#11977,#9697,#9698);
#8501=AXIS2_PLACEMENT_3D('',#11979,#9700,#9701);
#8502=AXIS2_PLACEMENT_3D('',#11980,#9702,#9703);
#8503=AXIS2_PLACEMENT_3D('',#11982,#9705,#9706);
#8504=AXIS2_PLACEMENT_3D('',#11984,#9708,#9709);
#8505=AXIS2_PLACEMENT_3D('',#11985,#9710,#9711);
#8506=AXIS2_PLACEMENT_3D('',#11994,#9716,#9717);
#8507=AXIS2_PLACEMENT_3D('',#12000,#9721,#9722);
#8508=AXIS2_PLACEMENT_3D('',#12006,#9726,#9727);
#8509=AXIS2_PLACEMENT_3D('',#12016,#9733,#9734);
#8510=AXIS2_PLACEMENT_3D('',#12020,#9737,#9738);
#8511=AXIS2_PLACEMENT_3D('',#12028,#9743,#9744);
#8512=AXIS2_PLACEMENT_3D('',#12031,#9747,#9748);
#8513=AXIS2_PLACEMENT_3D('',#12033,#9750,#9751);
#8514=AXIS2_PLACEMENT_3D('',#12034,#9752,#9753);
#8515=AXIS2_PLACEMENT_3D('',#12036,#9755,#9756);
#8516=AXIS2_PLACEMENT_3D('',#12038,#9758,#9759);
#8517=AXIS2_PLACEMENT_3D('',#12039,#9760,#9761);
#8518=AXIS2_PLACEMENT_3D('',#12048,#9766,#9767);
#8519=AXIS2_PLACEMENT_3D('',#12054,#9771,#9772);
#8520=AXIS2_PLACEMENT_3D('',#12060,#9776,#9777);
#8521=AXIS2_PLACEMENT_3D('',#12070,#9783,#9784);
#8522=AXIS2_PLACEMENT_3D('',#12074,#9787,#9788);
#8523=AXIS2_PLACEMENT_3D('',#12082,#9793,#9794);
#8524=AXIS2_PLACEMENT_3D('',#12085,#9797,#9798);
#8525=AXIS2_PLACEMENT_3D('',#12087,#9800,#9801);
#8526=AXIS2_PLACEMENT_3D('',#12088,#9802,#9803);
#8527=AXIS2_PLACEMENT_3D('',#12090,#9805,#9806);
#8528=AXIS2_PLACEMENT_3D('',#12092,#9808,#9809);
#8529=AXIS2_PLACEMENT_3D('',#12093,#9810,#9811);
#8530=AXIS2_PLACEMENT_3D('',#12102,#9816,#9817);
#8531=AXIS2_PLACEMENT_3D('',#12108,#9821,#9822);
#8532=AXIS2_PLACEMENT_3D('',#12114,#9826,#9827);
#8533=AXIS2_PLACEMENT_3D('',#12124,#9833,#9834);
#8534=AXIS2_PLACEMENT_3D('',#12128,#9837,#9838);
#8535=AXIS2_PLACEMENT_3D('',#12136,#9843,#9844);
#8536=AXIS2_PLACEMENT_3D('',#12139,#9847,#9848);
#8537=AXIS2_PLACEMENT_3D('',#12141,#9850,#9851);
#8538=AXIS2_PLACEMENT_3D('',#12142,#9852,#9853);
#8539=AXIS2_PLACEMENT_3D('',#12144,#9855,#9856);
#8540=AXIS2_PLACEMENT_3D('',#12146,#9858,#9859);
#8541=AXIS2_PLACEMENT_3D('',#12147,#9860,#9861);
#8542=AXIS2_PLACEMENT_3D('',#12149,#9862,#9863);
#8543=AXIS2_PLACEMENT_3D('',#12152,#9865,#9866);
#8544=AXIS2_PLACEMENT_3D('',#12153,#9867,#9868);
#8545=AXIS2_PLACEMENT_3D('',#12155,#9869,#9870);
#8546=AXIS2_PLACEMENT_3D('',#12158,#9872,#9873);
#8547=AXIS2_PLACEMENT_3D('',#12159,#9874,#9875);
#8548=AXIS2_PLACEMENT_3D('',#12161,#9876,#9877);
#8549=AXIS2_PLACEMENT_3D('',#12164,#9879,#9880);
#8550=AXIS2_PLACEMENT_3D('',#12165,#9881,#9882);
#8551=AXIS2_PLACEMENT_3D('',#12167,#9883,#9884);
#8552=AXIS2_PLACEMENT_3D('',#12170,#9886,#9887);
#8553=AXIS2_PLACEMENT_3D('',#12171,#9888,#9889);
#8554=AXIS2_PLACEMENT_3D('',#12173,#9890,#9891);
#8555=AXIS2_PLACEMENT_3D('',#12176,#9893,#9894);
#8556=AXIS2_PLACEMENT_3D('',#12177,#9895,#9896);
#8557=AXIS2_PLACEMENT_3D('',#12186,#9901,#9902);
#8558=AXIS2_PLACEMENT_3D('',#12192,#9906,#9907);
#8559=AXIS2_PLACEMENT_3D('',#12198,#9911,#9912);
#8560=AXIS2_PLACEMENT_3D('',#12201,#9915,#9916);
#8561=AXIS2_PLACEMENT_3D('',#12202,#9917,#9918);
#8562=AXIS2_PLACEMENT_3D('',#12203,#9919,#9920);
#8563=AXIS2_PLACEMENT_3D('',#12205,#9921,#9922);
#8564=AXIS2_PLACEMENT_3D('',#12208,#9924,#9925);
#8565=AXIS2_PLACEMENT_3D('',#12209,#9926,#9927);
#8566=AXIS2_PLACEMENT_3D('',#12211,#9928,#9929);
#8567=AXIS2_PLACEMENT_3D('',#12214,#9931,#9932);
#8568=AXIS2_PLACEMENT_3D('',#12215,#9933,#9934);
#8569=AXIS2_PLACEMENT_3D('',#12224,#9939,#9940);
#8570=AXIS2_PLACEMENT_3D('',#12230,#9944,#9945);
#8571=AXIS2_PLACEMENT_3D('',#12282,#9951,#9952);
#8572=AXIS2_PLACEMENT_3D('',#12308,#9956,#9957);
#8573=AXIS2_PLACEMENT_3D('',#12317,#9962,#9963);
#8574=AXIS2_PLACEMENT_3D('',#12369,#9969,#9970);
#8575=AXIS2_PLACEMENT_3D('',#12375,#9974,#9975);
#8576=AXIS2_PLACEMENT_3D('',#12381,#9979,#9980);
#8577=AXIS2_PLACEMENT_3D('',#12433,#9986,#9987);
#8578=AXIS2_PLACEMENT_3D('',#12485,#9993,#9994);
#8579=AXIS2_PLACEMENT_3D('',#12491,#9998,#9999);
#8580=AXIS2_PLACEMENT_3D('',#12497,#10003,#10004);
#8581=AXIS2_PLACEMENT_3D('',#12500,#10007,#10008);
#8582=AXIS2_PLACEMENT_3D('',#12501,#10009,#10010);
#8583=AXIS2_PLACEMENT_3D('',#12510,#10015,#10016);
#8584=AXIS2_PLACEMENT_3D('',#12516,#10020,#10021);
#8585=AXIS2_PLACEMENT_3D('',#12522,#10025,#10026);
#8586=AXIS2_PLACEMENT_3D('',#12528,#10030,#10031);
#8587=AXIS2_PLACEMENT_3D('',#12534,#10035,#10036);
#8588=AXIS2_PLACEMENT_3D('',#12540,#10040,#10041);
#8589=AXIS2_PLACEMENT_3D('',#12546,#10045,#10046);
#8590=AXIS2_PLACEMENT_3D('',#12552,#10050,#10051);
#8591=AXIS2_PLACEMENT_3D('',#12558,#10055,#10056);
#8592=AXIS2_PLACEMENT_3D('',#12564,#10060,#10061);
#8593=AXIS2_PLACEMENT_3D('',#12570,#10065,#10066);
#8594=AXIS2_PLACEMENT_3D('',#12576,#10070,#10071);
#8595=AXIS2_PLACEMENT_3D('',#12579,#10074,#10075);
#8596=AXIS2_PLACEMENT_3D('',#12580,#10076,#10077);
#8597=AXIS2_PLACEMENT_3D('',#12623,#10099,#10100);
#8598=AXIS2_PLACEMENT_3D('',#12632,#10105,#10106);
#8599=AXIS2_PLACEMENT_3D('',#12638,#10110,#10111);
#8600=AXIS2_PLACEMENT_3D('',#12644,#10115,#10116);
#8601=AXIS2_PLACEMENT_3D('',#12647,#10119,#10120);
#8602=AXIS2_PLACEMENT_3D('',#12649,#10121,#10122);
#8603=AXIS2_PLACEMENT_3D('',#12652,#10124,#10125);
#8604=AXIS2_PLACEMENT_3D('',#12653,#10126,#10127);
#8605=AXIS2_PLACEMENT_3D('',#12654,#10128,#10129);
#8606=AXIS2_PLACEMENT_3D('',#12656,#10130,#10131);
#8607=AXIS2_PLACEMENT_3D('',#12659,#10133,#10134);
#8608=AXIS2_PLACEMENT_3D('',#12660,#10135,#10136);
#8609=AXIS2_PLACEMENT_3D('',#12661,#10137,#10138);
#8610=AXIS2_PLACEMENT_3D('',#12670,#10143,#10144);
#8611=AXIS2_PLACEMENT_3D('',#12672,#10145,#10146);
#8612=AXIS2_PLACEMENT_3D('',#12674,#10147,#10148);
#8613=AXIS2_PLACEMENT_3D('',#12676,#10150,#10151);
#8614=AXIS2_PLACEMENT_3D('',#12682,#10155,#10156);
#8615=AXIS2_PLACEMENT_3D('',#12683,#10157,#10158);
#8616=AXIS2_PLACEMENT_3D('',#12684,#10159,#10160);
#8617=AXIS2_PLACEMENT_3D('',#12685,#10161,#10162);
#8618=AXIS2_PLACEMENT_3D('',#12694,#10167,#10168);
#8619=AXIS2_PLACEMENT_3D('',#12700,#10172,#10173);
#8620=AXIS2_PLACEMENT_3D('',#12706,#10177,#10178);
#8621=AXIS2_PLACEMENT_3D('',#12709,#10181,#10182);
#8622=AXIS2_PLACEMENT_3D('',#12718,#10187,#10188);
#8623=AXIS2_PLACEMENT_3D('',#12724,#10192,#10193);
#8624=AXIS2_PLACEMENT_3D('',#12730,#10197,#10198);
#8625=AXIS2_PLACEMENT_3D('',#12733,#10201,#10202);
#8626=AXIS2_PLACEMENT_3D('',#12742,#10207,#10208);
#8627=AXIS2_PLACEMENT_3D('',#12750,#10213,#10214);
#8628=AXIS2_PLACEMENT_3D('',#12753,#10217,#10218);
#8629=AXIS2_PLACEMENT_3D('',#12757,#10221,#10222);
#8630=AXIS2_PLACEMENT_3D('',#12766,#10227,#10228);
#8631=AXIS2_PLACEMENT_3D('',#12772,#10232,#10233);
#8632=AXIS2_PLACEMENT_3D('',#12775,#10236,#10237);
#8633=AXIS2_PLACEMENT_3D('',#12779,#10239,#10240);
#8634=AXIS2_PLACEMENT_3D('',#12783,#10242,#10243);
#8635=AXIS2_PLACEMENT_3D('',#12786,#10245,#10246);
#8636=AXIS2_PLACEMENT_3D('',#12788,#10247,#10248);
#8637=AXIS2_PLACEMENT_3D('',#12790,#10249,#10250);
#8638=AXIS2_PLACEMENT_3D('',#12792,#10251,#10252);
#8639=AXIS2_PLACEMENT_3D('',#12794,#10253,#10254);
#8640=AXIS2_PLACEMENT_3D('',#12796,#10255,#10256);
#8641=AXIS2_PLACEMENT_3D('',#12797,#10257,#10258);
#8642=AXIS2_PLACEMENT_3D('',#12801,#10260,#10261);
#8643=AXIS2_PLACEMENT_3D('',#12805,#10263,#10264);
#8644=AXIS2_PLACEMENT_3D('',#12808,#10266,#10267);
#8645=AXIS2_PLACEMENT_3D('',#12810,#10268,#10269);
#8646=AXIS2_PLACEMENT_3D('',#12812,#10270,#10271);
#8647=AXIS2_PLACEMENT_3D('',#12814,#10272,#10273);
#8648=AXIS2_PLACEMENT_3D('',#12816,#10274,#10275);
#8649=AXIS2_PLACEMENT_3D('',#12818,#10276,#10277);
#8650=AXIS2_PLACEMENT_3D('',#12819,#10278,#10279);
#8651=AXIS2_PLACEMENT_3D('',#12825,#10283,#10284);
#8652=AXIS2_PLACEMENT_3D('',#12831,#10288,#10289);
#8653=AXIS2_PLACEMENT_3D('',#12835,#10292,#10293);
#8654=AXIS2_PLACEMENT_3D('',#12839,#10296,#10297);
#8655=AXIS2_PLACEMENT_3D('',#12843,#10300,#10301);
#8656=AXIS2_PLACEMENT_3D('',#12847,#10304,#10305);
#8657=AXIS2_PLACEMENT_3D('',#12851,#10308,#10309);
#8658=AXIS2_PLACEMENT_3D('',#12855,#10312,#10313);
#8659=AXIS2_PLACEMENT_3D('',#12859,#10316,#10317);
#8660=AXIS2_PLACEMENT_3D('',#12861,#10319,#10320);
#8661=AXIS2_PLACEMENT_3D('',#12862,#10321,#10322);
#8662=AXIS2_PLACEMENT_3D('',#12871,#10327,#10328);
#8663=AXIS2_PLACEMENT_3D('',#12877,#10332,#10333);
#8664=AXIS2_PLACEMENT_3D('',#12880,#10336,#10337);
#8665=AXIS2_PLACEMENT_3D('',#12886,#10341,#10342);
#8666=AXIS2_PLACEMENT_3D('',#12890,#10345,#10346);
#8667=AXIS2_PLACEMENT_3D('',#12894,#10349,#10350);
#8668=AXIS2_PLACEMENT_3D('',#12898,#10353,#10354);
#8669=AXIS2_PLACEMENT_3D('',#12902,#10357,#10358);
#8670=AXIS2_PLACEMENT_3D('',#12906,#10361,#10362);
#8671=AXIS2_PLACEMENT_3D('',#12910,#10365,#10366);
#8672=AXIS2_PLACEMENT_3D('',#12912,#10368,#10369);
#8673=AXIS2_PLACEMENT_3D('',#12913,#10370,#10371);
#8674=AXIS2_PLACEMENT_3D('',#12914,#10372,#10373);
#8675=AXIS2_PLACEMENT_3D('',#12915,#10374,#10375);
#8676=AXIS2_PLACEMENT_3D('',#12917,#10376,#10377);
#8677=AXIS2_PLACEMENT_3D('',#12919,#10379,#10380);
#8678=AXIS2_PLACEMENT_3D('',#12921,#10381,#10382);
#8679=AXIS2_PLACEMENT_3D('',#12923,#10384,#10385);
#8680=AXIS2_PLACEMENT_3D('',#12925,#10386,#10387);
#8681=AXIS2_PLACEMENT_3D('',#12927,#10389,#10390);
#8682=AXIS2_PLACEMENT_3D('',#12929,#10391,#10392);
#8683=AXIS2_PLACEMENT_3D('',#12931,#10394,#10395);
#8684=AXIS2_PLACEMENT_3D('',#12933,#10396,#10397);
#8685=AXIS2_PLACEMENT_3D('',#12935,#10399,#10400);
#8686=AXIS2_PLACEMENT_3D('',#12937,#10401,#10402);
#8687=AXIS2_PLACEMENT_3D('',#12939,#10404,#10405);
#8688=AXIS2_PLACEMENT_3D('',#12941,#10406,#10407);
#8689=AXIS2_PLACEMENT_3D('',#12943,#10409,#10410);
#8690=AXIS2_PLACEMENT_3D('',#12945,#10411,#10412);
#8691=AXIS2_PLACEMENT_3D('',#12947,#10414,#10415);
#8692=AXIS2_PLACEMENT_3D('',#12949,#10416,#10417);
#8693=AXIS2_PLACEMENT_3D('',#12951,#10419,#10420);
#8694=AXIS2_PLACEMENT_3D('',#12953,#10421,#10422);
#8695=AXIS2_PLACEMENT_3D('',#12955,#10424,#10425);
#8696=AXIS2_PLACEMENT_3D('',#12959,#10428,#10429);
#8697=AXIS2_PLACEMENT_3D('',#12961,#10430,#10431);
#8698=AXIS2_PLACEMENT_3D('',#12963,#10433,#10434);
#8699=AXIS2_PLACEMENT_3D('',#12967,#10437,#10438);
#8700=AXIS2_PLACEMENT_3D('',#12969,#10439,#10440);
#8701=AXIS2_PLACEMENT_3D('',#12971,#10442,#10443);
#8702=AXIS2_PLACEMENT_3D('',#12975,#10446,#10447);
#8703=AXIS2_PLACEMENT_3D('',#12976,#10448,#10449);
#8704=AXIS2_PLACEMENT_3D('',#12977,#10450,#10451);
#8705=AXIS2_PLACEMENT_3D('',#12979,#10452,#10453);
#8706=AXIS2_PLACEMENT_3D('',#12981,#10454,#10455);
#8707=AXIS2_PLACEMENT_3D('',#12983,#10456,#10457);
#8708=AXIS2_PLACEMENT_3D('',#12984,#10458,#10459);
#8709=AXIS2_PLACEMENT_3D('',#12986,#10461,#10462);
#8710=AXIS2_PLACEMENT_3D('',#12988,#10464,#10465);
#8711=AXIS2_PLACEMENT_3D('',#12990,#10467,#10468);
#8712=AXIS2_PLACEMENT_3D('',#12992,#10469,#10470);
#8713=AXIS2_PLACEMENT_3D('',#12995,#10472,#10473);
#8714=AXIS2_PLACEMENT_3D('',#12996,#10474,#10475);
#8715=AXIS2_PLACEMENT_3D('',#13005,#10480,#10481);
#8716=AXIS2_PLACEMENT_3D('',#13007,#10482,#10483);
#8717=AXIS2_PLACEMENT_3D('',#13010,#10485,#10486);
#8718=AXIS2_PLACEMENT_3D('',#13011,#10487,#10488);
#8719=AXIS2_PLACEMENT_3D('',#13017,#10492,#10493);
#8720=AXIS2_PLACEMENT_3D('',#13019,#10494,#10495);
#8721=AXIS2_PLACEMENT_3D('',#13022,#10497,#10498);
#8722=AXIS2_PLACEMENT_3D('',#13023,#10499,#10500);
#8723=AXIS2_PLACEMENT_3D('',#13025,#10501,#10502);
#8724=AXIS2_PLACEMENT_3D('',#13028,#10504,#10505);
#8725=AXIS2_PLACEMENT_3D('',#13029,#10506,#10507);
#8726=AXIS2_PLACEMENT_3D('',#13031,#10508,#10509);
#8727=AXIS2_PLACEMENT_3D('',#13034,#10511,#10512);
#8728=AXIS2_PLACEMENT_3D('',#13035,#10513,#10514);
#8729=AXIS2_PLACEMENT_3D('',#13037,#10515,#10516);
#8730=AXIS2_PLACEMENT_3D('',#13040,#10518,#10519);
#8731=AXIS2_PLACEMENT_3D('',#13041,#10520,#10521);
#8732=AXIS2_PLACEMENT_3D('',#13043,#10522,#10523);
#8733=AXIS2_PLACEMENT_3D('',#13046,#10525,#10526);
#8734=AXIS2_PLACEMENT_3D('',#13047,#10527,#10528);
#8735=AXIS2_PLACEMENT_3D('',#13049,#10529,#10530);
#8736=AXIS2_PLACEMENT_3D('',#13051,#10531,#10532);
#8737=AXIS2_PLACEMENT_3D('',#13053,#10534,#10535);
#8738=AXIS2_PLACEMENT_3D('',#13059,#10539,#10540);
#8739=AXIS2_PLACEMENT_3D('',#13061,#10541,#10542);
#8740=AXIS2_PLACEMENT_3D('',#13063,#10543,#10544);
#8741=AXIS2_PLACEMENT_3D('',#13065,#10546,#10547);
#8742=AXIS2_PLACEMENT_3D('',#13068,#10550,#10551);
#8743=AXIS2_PLACEMENT_3D('',#13069,#10552,#10553);
#8744=AXIS2_PLACEMENT_3D('',#13070,#10554,#10555);
#8745=AXIS2_PLACEMENT_3D('',#13073,#10556,#10557);
#8746=AXIS2_PLACEMENT_3D('',#13077,#10559,#10560);
#8747=AXIS2_PLACEMENT_3D('',#13079,#10562,#10563);
#8748=AXIS2_PLACEMENT_3D('',#13082,#10564,#10565);
#8749=AXIS2_PLACEMENT_3D('',#13086,#10567,#10568);
#8750=AXIS2_PLACEMENT_3D('',#13088,#10570,#10571);
#8751=AXIS2_PLACEMENT_3D('',#13097,#10575,#10576);
#8752=AXIS2_PLACEMENT_3D('',#13099,#10577,#10578);
#8753=AXIS2_PLACEMENT_3D('',#13101,#10579,#10580);
#8754=AXIS2_PLACEMENT_3D('',#13105,#10583,#10584);
#8755=AXIS2_PLACEMENT_3D('',#13106,#10585,#10586);
#8756=AXIS2_PLACEMENT_3D('',#13115,#10590,#10591);
#8757=AXIS2_PLACEMENT_3D('',#13117,#10592,#10593);
#8758=AXIS2_PLACEMENT_3D('',#13119,#10594,#10595);
#8759=AXIS2_PLACEMENT_3D('',#13123,#10598,#10599);
#8760=AXIS2_PLACEMENT_3D('',#13124,#10600,#10601);
#8761=AXIS2_PLACEMENT_3D('',#13135,#10607,#10608);
#8762=AXIS2_PLACEMENT_3D('',#13144,#10612,#10613);
#8763=AXIS2_PLACEMENT_3D('',#13146,#10614,#10615);
#8764=AXIS2_PLACEMENT_3D('',#13148,#10616,#10617);
#8765=AXIS2_PLACEMENT_3D('',#13153,#10620,#10621);
#8766=AXIS2_PLACEMENT_3D('',#13154,#10622,#10623);
#8767=AXIS2_PLACEMENT_3D('',#13160,#10626,#10627);
#8768=AXIS2_PLACEMENT_3D('',#13162,#10628,#10629);
#8769=AXIS2_PLACEMENT_3D('',#13164,#10630,#10631);
#8770=AXIS2_PLACEMENT_3D('',#13169,#10634,#10635);
#8771=AXIS2_PLACEMENT_3D('',#13170,#10636,#10637);
#8772=AXIS2_PLACEMENT_3D('',#13173,#10640,#10641);
#8773=AXIS2_PLACEMENT_3D('',#13176,#10644,#10645);
#8774=AXIS2_PLACEMENT_3D('',#13177,#10646,#10647);
#8775=AXIS2_PLACEMENT_3D('',#13180,#10650,#10651);
#8776=AXIS2_PLACEMENT_3D('',#13183,#10654,#10655);
#8777=AXIS2_PLACEMENT_3D('',#13184,#10656,#10657);
#8778=AXIS2_PLACEMENT_3D('',#13186,#10659,#10660);
#8779=AXIS2_PLACEMENT_3D('',#13187,#10661,#10662);
#8780=AXIS2_PLACEMENT_3D('',#13211,#10675,#10676);
#8781=AXIS2_PLACEMENT_3D('',#13220,#10682,#10683);
#8782=AXIS2_PLACEMENT_3D('',#13226,#10686,#10687);
#8783=AXIS2_PLACEMENT_3D('',#13228,#10688,#10689);
#8784=AXIS2_PLACEMENT_3D('',#13230,#10690,#10691);
#8785=AXIS2_PLACEMENT_3D('',#13235,#10694,#10695);
#8786=AXIS2_PLACEMENT_3D('',#13236,#10696,#10697);
#8787=AXIS2_PLACEMENT_3D('',#13242,#10700,#10701);
#8788=AXIS2_PLACEMENT_3D('',#13244,#10702,#10703);
#8789=AXIS2_PLACEMENT_3D('',#13246,#10704,#10705);
#8790=AXIS2_PLACEMENT_3D('',#13251,#10708,#10709);
#8791=AXIS2_PLACEMENT_3D('',#13252,#10710,#10711);
#8792=AXIS2_PLACEMENT_3D('',#13254,#10713,#10714);
#8793=AXIS2_PLACEMENT_3D('',#13257,#10717,#10718);
#8794=AXIS2_PLACEMENT_3D('',#13258,#10719,#10720);
#8795=AXIS2_PLACEMENT_3D('',#13261,#10723,#10724);
#8796=AXIS2_PLACEMENT_3D('',#13263,#10726,#10727);
#8797=AXIS2_PLACEMENT_3D('',#13264,#10728,#10729);
#8798=AXIS2_PLACEMENT_3D('',#13266,#10731,#10732);
#8799=AXIS2_PLACEMENT_3D('',#13267,#10733,#10734);
#8800=AXIS2_PLACEMENT_3D('',#13277,#10740,#10741);
#8801=AXIS2_PLACEMENT_3D('',#13283,#10745,#10746);
#8802=AXIS2_PLACEMENT_3D('',#13289,#10749,#10750);
#8803=AXIS2_PLACEMENT_3D('',#13291,#10751,#10752);
#8804=AXIS2_PLACEMENT_3D('',#13293,#10753,#10754);
#8805=AXIS2_PLACEMENT_3D('',#13295,#10756,#10757);
#8806=AXIS2_PLACEMENT_3D('',#13296,#10758,#10759);
#8807=AXIS2_PLACEMENT_3D('',#13299,#10762,#10763);
#8808=AXIS2_PLACEMENT_3D('',#13300,#10764,#10765);
#8809=AXIS2_PLACEMENT_3D('',#13303,#10768,#10769);
#8810=AXIS2_PLACEMENT_3D('',#13308,#10773,#10774);
#8811=AXIS2_PLACEMENT_3D('',#13309,#10775,#10776);
#8812=AXIS2_PLACEMENT_3D('',#13310,#10777,#10778);
#8813=AXIS2_PLACEMENT_3D('',#13311,#10779,#10780);
#8814=AXIS2_PLACEMENT_3D('',#13326,#10789,#10790);
#8815=AXIS2_PLACEMENT_3D('',#13334,#10795,#10796);
#8816=AXIS2_PLACEMENT_3D('',#13340,#10800,#10801);
#8817=AXIS2_PLACEMENT_3D('',#13346,#10804,#10805);
#8818=AXIS2_PLACEMENT_3D('',#13348,#10806,#10807);
#8819=AXIS2_PLACEMENT_3D('',#13350,#10808,#10809);
#8820=AXIS2_PLACEMENT_3D('',#13352,#10811,#10812);
#8821=AXIS2_PLACEMENT_3D('',#13353,#10813,#10814);
#8822=AXIS2_PLACEMENT_3D('',#13356,#10817,#10818);
#8823=AXIS2_PLACEMENT_3D('',#13357,#10819,#10820);
#8824=AXIS2_PLACEMENT_3D('',#13360,#10823,#10824);
#8825=AXIS2_PLACEMENT_3D('',#13363,#10827,#10828);
#8826=AXIS2_PLACEMENT_3D('',#13364,#10829,#10830);
#8827=AXIS2_PLACEMENT_3D('',#13365,#10831,#10832);
#8828=AXIS2_PLACEMENT_3D('',#13366,#10833,#10834);
#8829=AXIS2_PLACEMENT_3D('',#13375,#10839,#10840);
#8830=AXIS2_PLACEMENT_3D('',#13377,#10841,#10842);
#8831=AXIS2_PLACEMENT_3D('',#13379,#10843,#10844);
#8832=AXIS2_PLACEMENT_3D('',#13383,#10846,#10847);
#8833=AXIS2_PLACEMENT_3D('',#13387,#10849,#10850);
#8834=AXIS2_PLACEMENT_3D('',#13392,#10853,#10854);
#8835=AXIS2_PLACEMENT_3D('',#13400,#10858,#10859);
#8836=AXIS2_PLACEMENT_3D('',#13405,#10862,#10863);
#8837=AXIS2_PLACEMENT_3D('',#13413,#10867,#10868);
#8838=AXIS2_PLACEMENT_3D('',#13416,#10870,#10871);
#8839=AXIS2_PLACEMENT_3D('',#13418,#10872,#10873);
#8840=AXIS2_PLACEMENT_3D('',#13420,#10874,#10875);
#8841=AXIS2_PLACEMENT_3D('',#13422,#10876,#10877);
#8842=AXIS2_PLACEMENT_3D('',#13423,#10878,#10879);
#8843=AXIS2_PLACEMENT_3D('',#13425,#10880,#10881);
#8844=AXIS2_PLACEMENT_3D('',#13428,#10883,#10884);
#8845=AXIS2_PLACEMENT_3D('',#13429,#10885,#10886);
#8846=AXIS2_PLACEMENT_3D('',#13431,#10887,#10888);
#8847=AXIS2_PLACEMENT_3D('',#13432,#10889,#10890);
#8848=AXIS2_PLACEMENT_3D('',#13434,#10891,#10892);
#8849=AXIS2_PLACEMENT_3D('',#13437,#10894,#10895);
#8850=AXIS2_PLACEMENT_3D('',#13438,#10896,#10897);
#8851=AXIS2_PLACEMENT_3D('',#13440,#10898,#10899);
#8852=AXIS2_PLACEMENT_3D('',#13441,#10900,#10901);
#8853=AXIS2_PLACEMENT_3D('',#13443,#10902,#10903);
#8854=AXIS2_PLACEMENT_3D('',#13446,#10905,#10906);
#8855=AXIS2_PLACEMENT_3D('',#13447,#10907,#10908);
#8856=AXIS2_PLACEMENT_3D('',#13449,#10909,#10910);
#8857=AXIS2_PLACEMENT_3D('',#13450,#10911,#10912);
#8858=AXIS2_PLACEMENT_3D('',#13452,#10913,#10914);
#8859=AXIS2_PLACEMENT_3D('',#13455,#10916,#10917);
#8860=AXIS2_PLACEMENT_3D('',#13456,#10918,#10919);
#8861=AXIS2_PLACEMENT_3D('',#13458,#10920,#10921);
#8862=AXIS2_PLACEMENT_3D('',#13459,#10922,#10923);
#8863=AXIS2_PLACEMENT_3D('',#13462,#10925,#10926);
#8864=AXIS2_PLACEMENT_3D('',#13463,#10927,#10928);
#8865=AXIS2_PLACEMENT_3D('',#13466,#10930,#10931);
#8866=AXIS2_PLACEMENT_3D('',#13467,#10932,#10933);
#8867=AXIS2_PLACEMENT_3D('',#13470,#10935,#10936);
#8868=AXIS2_PLACEMENT_3D('',#13471,#10937,#10938);
#8869=AXIS2_PLACEMENT_3D('',#13474,#10940,#10941);
#8870=AXIS2_PLACEMENT_3D('',#13475,#10942,#10943);
#8871=AXIS2_PLACEMENT_3D('',#13484,#10948,#10949);
#8872=AXIS2_PLACEMENT_3D('',#13490,#10953,#10954);
#8873=AXIS2_PLACEMENT_3D('',#13496,#10958,#10959);
#8874=AXIS2_PLACEMENT_3D('',#13499,#10962,#10963);
#8875=AXIS2_PLACEMENT_3D('',#13500,#10964,#10965);
#8876=AXIS2_PLACEMENT_3D('',#13501,#10966,#10967);
#8877=AXIS2_PLACEMENT_3D('',#13502,#10968,#10969);
#8878=AXIS2_PLACEMENT_3D('',#13503,#10970,#10971);
#8879=AXIS2_PLACEMENT_3D('',#13504,#10972,#10973);
#8880=AXIS2_PLACEMENT_3D('',#13506,#10974,#10975);
#8881=AXIS2_PLACEMENT_3D('',#13509,#10977,#10978);
#8882=AXIS2_PLACEMENT_3D('',#13510,#10979,#10980);
#8883=AXIS2_PLACEMENT_3D('',#13512,#10981,#10982);
#8884=AXIS2_PLACEMENT_3D('',#13513,#10983,#10984);
#8885=AXIS2_PLACEMENT_3D('',#13515,#10985,#10986);
#8886=AXIS2_PLACEMENT_3D('',#13518,#10988,#10989);
#8887=AXIS2_PLACEMENT_3D('',#13519,#10990,#10991);
#8888=AXIS2_PLACEMENT_3D('',#13521,#10992,#10993);
#8889=AXIS2_PLACEMENT_3D('',#13522,#10994,#10995);
#8890=AXIS2_PLACEMENT_3D('',#13524,#10996,#10997);
#8891=AXIS2_PLACEMENT_3D('',#13527,#10999,#11000);
#8892=AXIS2_PLACEMENT_3D('',#13528,#11001,#11002);
#8893=AXIS2_PLACEMENT_3D('',#13530,#11003,#11004);
#8894=AXIS2_PLACEMENT_3D('',#13531,#11005,#11006);
#8895=AXIS2_PLACEMENT_3D('',#13533,#11007,#11008);
#8896=AXIS2_PLACEMENT_3D('',#13536,#11010,#11011);
#8897=AXIS2_PLACEMENT_3D('',#13537,#11012,#11013);
#8898=AXIS2_PLACEMENT_3D('',#13539,#11014,#11015);
#8899=AXIS2_PLACEMENT_3D('',#13540,#11016,#11017);
#8900=AXIS2_PLACEMENT_3D('',#13543,#11019,#11020);
#8901=AXIS2_PLACEMENT_3D('',#13544,#11021,#11022);
#8902=AXIS2_PLACEMENT_3D('',#13547,#11024,#11025);
#8903=AXIS2_PLACEMENT_3D('',#13548,#11026,#11027);
#8904=AXIS2_PLACEMENT_3D('',#13551,#11029,#11030);
#8905=AXIS2_PLACEMENT_3D('',#13552,#11031,#11032);
#8906=AXIS2_PLACEMENT_3D('',#13555,#11034,#11035);
#8907=AXIS2_PLACEMENT_3D('',#13556,#11036,#11037);
#8908=AXIS2_PLACEMENT_3D('',#13565,#11042,#11043);
#8909=AXIS2_PLACEMENT_3D('',#13571,#11047,#11048);
#8910=AXIS2_PLACEMENT_3D('',#13577,#11052,#11053);
#8911=AXIS2_PLACEMENT_3D('',#13580,#11056,#11057);
#8912=AXIS2_PLACEMENT_3D('',#13581,#11058,#11059);
#8913=AXIS2_PLACEMENT_3D('',#13582,#11060,#11061);
#8914=AXIS2_PLACEMENT_3D('',#13583,#11062,#11063);
#8915=AXIS2_PLACEMENT_3D('',#13584,#11064,#11065);
#8916=AXIS2_PLACEMENT_3D('',#13585,#11066,#11067);
#8917=AXIS2_PLACEMENT_3D('',#13588,#11069,#11070);
#8918=AXIS2_PLACEMENT_3D('',#13589,#11071,#11072);
#8919=AXIS2_PLACEMENT_3D('',#13593,#11075,#11076);
#8920=AXIS2_PLACEMENT_3D('',#13599,#11080,#11081);
#8921=AXIS2_PLACEMENT_3D('',#13600,#11082,#11083);
#8922=AXIS2_PLACEMENT_3D('',#13601,#11084,#11085);
#8923=AXIS2_PLACEMENT_3D('',#13602,#11086,#11087);
#8924=AXIS2_PLACEMENT_3D('',#13605,#11089,#11090);
#8925=AXIS2_PLACEMENT_3D('',#13606,#11091,#11092);
#8926=AXIS2_PLACEMENT_3D('',#13610,#11095,#11096);
#8927=AXIS2_PLACEMENT_3D('',#13612,#11097,#11098);
#8928=AXIS2_PLACEMENT_3D('',#13614,#11100,#11101);
#8929=AXIS2_PLACEMENT_3D('',#13618,#11104,#11105);
#8930=AXIS2_PLACEMENT_3D('',#13620,#11107,#11108);
#8931=AXIS2_PLACEMENT_3D('',#13621,#11109,#11110);
#8932=AXIS2_PLACEMENT_3D('',#13624,#11112,#11113);
#8933=AXIS2_PLACEMENT_3D('',#13625,#11114,#11115);
#8934=AXIS2_PLACEMENT_3D('',#13629,#11118,#11119);
#8935=AXIS2_PLACEMENT_3D('',#13635,#11123,#11124);
#8936=AXIS2_PLACEMENT_3D('',#13636,#11125,#11126);
#8937=AXIS2_PLACEMENT_3D('',#13637,#11127,#11128);
#8938=AXIS2_PLACEMENT_3D('',#13638,#11129,#11130);
#8939=AXIS2_PLACEMENT_3D('',#13641,#11132,#11133);
#8940=AXIS2_PLACEMENT_3D('',#13642,#11134,#11135);
#8941=AXIS2_PLACEMENT_3D('',#13646,#11138,#11139);
#8942=AXIS2_PLACEMENT_3D('',#13648,#11140,#11141);
#8943=AXIS2_PLACEMENT_3D('',#13650,#11143,#11144);
#8944=AXIS2_PLACEMENT_3D('',#13654,#11147,#11148);
#8945=AXIS2_PLACEMENT_3D('',#13655,#11149,#11150);
#8946=AXIS2_PLACEMENT_3D('',#13657,#11152,#11153);
#8947=AXIS2_PLACEMENT_3D('',#13663,#11157,#11158);
#8948=AXIS2_PLACEMENT_3D('',#13665,#11159,#11160);
#8949=AXIS2_PLACEMENT_3D('',#13667,#11162,#11163);
#8950=AXIS2_PLACEMENT_3D('',#13671,#11166,#11167);
#8951=AXIS2_PLACEMENT_3D('',#13673,#11168,#11169);
#8952=AXIS2_PLACEMENT_3D('',#13675,#11171,#11172);
#8953=AXIS2_PLACEMENT_3D('',#13679,#11175,#11176);
#8954=AXIS2_PLACEMENT_3D('',#13680,#11177,#11178);
#8955=AXIS2_PLACEMENT_3D('',#13681,#11179,#11180);
#8956=AXIS2_PLACEMENT_3D('',#13682,#11181,#11182);
#8957=AXIS2_PLACEMENT_3D('',#13683,#11183,#11184);
#8958=AXIS2_PLACEMENT_3D('',#13684,#11185,#11186);
#8959=AXIS2_PLACEMENT_3D('',#13685,#11187,#11188);
#8960=AXIS2_PLACEMENT_3D('',#13687,#11189,#11190);
#8961=AXIS2_PLACEMENT_3D('',#13690,#11192,#11193);
#8962=AXIS2_PLACEMENT_3D('',#13691,#11194,#11195);
#8963=AXIS2_PLACEMENT_3D('',#13700,#11200,#11201);
#8964=AXIS2_PLACEMENT_3D('',#13702,#11202,#11203);
#8965=AXIS2_PLACEMENT_3D('',#13705,#11205,#11206);
#8966=AXIS2_PLACEMENT_3D('',#13706,#11207,#11208);
#8967=AXIS2_PLACEMENT_3D('',#13712,#11212,#11213);
#8968=AXIS2_PLACEMENT_3D('',#13714,#11214,#11215);
#8969=AXIS2_PLACEMENT_3D('',#13717,#11217,#11218);
#8970=AXIS2_PLACEMENT_3D('',#13718,#11219,#11220);
#8971=AXIS2_PLACEMENT_3D('',#13720,#11221,#11222);
#8972=AXIS2_PLACEMENT_3D('',#13723,#11224,#11225);
#8973=AXIS2_PLACEMENT_3D('',#13724,#11226,#11227);
#8974=AXIS2_PLACEMENT_3D('',#13726,#11228,#11229);
#8975=AXIS2_PLACEMENT_3D('',#13729,#11231,#11232);
#8976=AXIS2_PLACEMENT_3D('',#13730,#11233,#11234);
#8977=AXIS2_PLACEMENT_3D('',#13732,#11235,#11236);
#8978=AXIS2_PLACEMENT_3D('',#13735,#11238,#11239);
#8979=AXIS2_PLACEMENT_3D('',#13736,#11240,#11241);
#8980=AXIS2_PLACEMENT_3D('',#13738,#11242,#11243);
#8981=AXIS2_PLACEMENT_3D('',#13741,#11245,#11246);
#8982=AXIS2_PLACEMENT_3D('',#13742,#11247,#11248);
#8983=AXIS2_PLACEMENT_3D('',#13744,#11249,#11250);
#8984=AXIS2_PLACEMENT_3D('',#13746,#11251,#11252);
#8985=AXIS2_PLACEMENT_3D('',#13748,#11254,#11255);
#8986=AXIS2_PLACEMENT_3D('',#13754,#11259,#11260);
#8987=AXIS2_PLACEMENT_3D('',#13756,#11261,#11262);
#8988=AXIS2_PLACEMENT_3D('',#13758,#11263,#11264);
#8989=AXIS2_PLACEMENT_3D('',#13760,#11266,#11267);
#8990=AXIS2_PLACEMENT_3D('',#13763,#11270,#11271);
#8991=AXIS2_PLACEMENT_3D('',#13764,#11272,#11273);
#8992=AXIS2_PLACEMENT_3D('',#13765,#11274,#11275);
#8993=AXIS2_PLACEMENT_3D('',#13766,#11276,#11277);
#8994=DIRECTION('axis',(0.,0.,1.));
#8995=DIRECTION('refdir',(1.,0.,0.));
#8996=DIRECTION('axis',(0.,0.,1.));
#8997=DIRECTION('refdir',(1.,0.,0.));
#8998=DIRECTION('center_axis',(0.,1.,0.));
#8999=DIRECTION('ref_axis',(1.,0.,0.));
#9000=DIRECTION('center_axis',(0.,-1.,0.));
#9001=DIRECTION('ref_axis',(1.,0.,0.));
#9002=DIRECTION('',(0.,1.,0.));
#9003=DIRECTION('center_axis',(0.,-1.,0.));
#9004=DIRECTION('ref_axis',(1.,0.,0.));
#9005=DIRECTION('center_axis',(0.,1.,0.));
#9006=DIRECTION('ref_axis',(1.,0.,0.));
#9007=DIRECTION('center_axis',(0.,-1.,0.));
#9008=DIRECTION('ref_axis',(1.,0.,0.));
#9009=DIRECTION('',(0.,1.,0.));
#9010=DIRECTION('center_axis',(0.,-1.,0.));
#9011=DIRECTION('ref_axis',(1.,0.,0.));
#9012=DIRECTION('center_axis',(0.,1.,0.));
#9013=DIRECTION('ref_axis',(1.,0.,0.));
#9014=DIRECTION('center_axis',(0.,-1.,0.));
#9015=DIRECTION('ref_axis',(1.,0.,0.));
#9016=DIRECTION('',(0.,1.,0.));
#9017=DIRECTION('center_axis',(0.,-1.,0.));
#9018=DIRECTION('ref_axis',(1.,0.,0.));
#9019=DIRECTION('center_axis',(0.,1.,0.));
#9020=DIRECTION('ref_axis',(1.,0.,0.));
#9021=DIRECTION('center_axis',(0.,-1.,0.));
#9022=DIRECTION('ref_axis',(1.,0.,0.));
#9023=DIRECTION('',(0.,1.,0.));
#9024=DIRECTION('center_axis',(0.,-1.,0.));
#9025=DIRECTION('ref_axis',(1.,0.,0.));
#9026=DIRECTION('center_axis',(0.,1.,0.));
#9027=DIRECTION('ref_axis',(1.,0.,0.));
#9028=DIRECTION('center_axis',(0.,-1.,0.));
#9029=DIRECTION('ref_axis',(1.,0.,0.));
#9030=DIRECTION('',(0.,1.,0.));
#9031=DIRECTION('center_axis',(0.,-1.,0.));
#9032=DIRECTION('ref_axis',(1.,0.,0.));
#9033=DIRECTION('center_axis',(0.,1.,0.));
#9034=DIRECTION('ref_axis',(1.,0.,0.));
#9035=DIRECTION('center_axis',(0.,-1.,0.));
#9036=DIRECTION('ref_axis',(1.,0.,0.));
#9037=DIRECTION('',(0.,1.,0.));
#9038=DIRECTION('center_axis',(0.,-1.,0.));
#9039=DIRECTION('ref_axis',(1.,0.,0.));
#9040=DIRECTION('center_axis',(0.,1.,0.));
#9041=DIRECTION('ref_axis',(1.,0.,0.));
#9042=DIRECTION('center_axis',(0.,-1.,0.));
#9043=DIRECTION('ref_axis',(1.,0.,0.));
#9044=DIRECTION('',(0.,1.,0.));
#9045=DIRECTION('center_axis',(0.,-1.,0.));
#9046=DIRECTION('ref_axis',(1.,0.,0.));
#9047=DIRECTION('center_axis',(0.,1.,0.));
#9048=DIRECTION('ref_axis',(1.,0.,0.));
#9049=DIRECTION('center_axis',(0.,-1.,0.));
#9050=DIRECTION('ref_axis',(1.,0.,0.));
#9051=DIRECTION('',(0.,1.,0.));
#9052=DIRECTION('center_axis',(0.,-1.,0.));
#9053=DIRECTION('ref_axis',(1.,0.,0.));
#9054=DIRECTION('center_axis',(0.,1.,0.));
#9055=DIRECTION('ref_axis',(1.,0.,0.));
#9056=DIRECTION('center_axis',(0.,-1.,0.));
#9057=DIRECTION('ref_axis',(1.,0.,0.));
#9058=DIRECTION('',(0.,1.,0.));
#9059=DIRECTION('center_axis',(0.,-1.,0.));
#9060=DIRECTION('ref_axis',(1.,0.,0.));
#9061=DIRECTION('center_axis',(0.,0.,-1.));
#9062=DIRECTION('ref_axis',(-1.,0.,0.));
#9063=DIRECTION('',(-1.,0.,0.));
#9064=DIRECTION('',(0.,1.,0.));
#9065=DIRECTION('',(-1.,0.,0.));
#9066=DIRECTION('',(0.,1.,0.));
#9067=DIRECTION('center_axis',(1.,0.,0.));
#9068=DIRECTION('ref_axis',(0.,0.,-1.));
#9069=DIRECTION('',(0.,0.,-1.));
#9070=DIRECTION('',(0.,0.,-1.));
#9071=DIRECTION('',(0.,1.,0.));
#9072=DIRECTION('center_axis',(0.,0.,1.));
#9073=DIRECTION('ref_axis',(1.,0.,0.));
#9074=DIRECTION('',(1.,0.,0.));
#9075=DIRECTION('',(1.,0.,0.));
#9076=DIRECTION('',(0.,1.,0.));
#9077=DIRECTION('center_axis',(-1.,0.,0.));
#9078=DIRECTION('ref_axis',(0.,0.,1.));
#9079=DIRECTION('',(0.,0.,1.));
#9080=DIRECTION('',(0.,0.,1.));
#9081=DIRECTION('center_axis',(0.,1.,0.));
#9082=DIRECTION('ref_axis',(1.,0.,0.));
#9083=DIRECTION('center_axis',(0.,1.,0.));
#9084=DIRECTION('ref_axis',(1.,0.,0.));
#9085=DIRECTION('center_axis',(0.,1.,0.));
#9086=DIRECTION('ref_axis',(-1.,0.,0.));
#9087=DIRECTION('center_axis',(-1.,-2.79151626915553E-15,-1.64361467670119E-16));
#9088=DIRECTION('ref_axis',(-1.64361467670114E-16,-1.97233761204137E-15,
1.));
#9089=DIRECTION('center_axis',(0.,-1.,0.));
#9090=DIRECTION('ref_axis',(1.,0.,0.));
#9091=DIRECTION('center_axis',(0.,-1.,0.));
#9092=DIRECTION('ref_axis',(1.,0.,0.));
#9093=DIRECTION('center_axis',(0.,1.,0.));
#9094=DIRECTION('ref_axis',(1.,0.,0.));
#9095=DIRECTION('center_axis',(0.,1.,0.));
#9096=DIRECTION('ref_axis',(1.,0.,0.));
#9097=DIRECTION('',(0.,-1.,0.));
#9098=DIRECTION('center_axis',(0.,1.,0.));
#9099=DIRECTION('ref_axis',(-1.,0.,0.));
#9100=DIRECTION('center_axis',(0.,-1.,0.));
#9101=DIRECTION('ref_axis',(-1.,0.,0.));
#9102=DIRECTION('center_axis',(0.,1.,0.));
#9103=DIRECTION('ref_axis',(0.,0.,1.));
#9104=DIRECTION('center_axis',(-1.,0.,2.22044604925031E-16));
#9105=DIRECTION('ref_axis',(-2.22044604925031E-16,0.,-1.));
#9106=DIRECTION('center_axis',(0.,1.,0.));
#9107=DIRECTION('ref_axis',(-1.,0.,0.));
#9108=DIRECTION('center_axis',(0.,1.,0.));
#9109=DIRECTION('ref_axis',(-1.,0.,0.));
#9110=DIRECTION('center_axis',(0.,1.,0.));
#9111=DIRECTION('ref_axis',(-1.,0.,0.));
#9112=DIRECTION('center_axis',(0.,1.,0.));
#9113=DIRECTION('ref_axis',(0.,0.,1.));
#9114=DIRECTION('center_axis',(-1.,0.,2.22044604925031E-16));
#9115=DIRECTION('ref_axis',(-2.22044604925031E-16,0.,-1.));
#9116=DIRECTION('center_axis',(0.,-1.,0.));
#9117=DIRECTION('ref_axis',(0.,0.,-1.));
#9118=DIRECTION('center_axis',(0.,-1.,0.));
#9119=DIRECTION('ref_axis',(0.,0.,-1.));
#9120=DIRECTION('',(-1.,0.,0.));
#9121=DIRECTION('',(0.,0.,1.));
#9122=DIRECTION('',(1.,0.,0.));
#9123=DIRECTION('',(0.,0.,-1.));
#9124=DIRECTION('center_axis',(0.,0.,-1.));
#9125=DIRECTION('ref_axis',(-1.,0.,0.));
#9126=DIRECTION('',(-1.,0.,0.));
#9127=DIRECTION('',(0.,1.,0.));
#9128=DIRECTION('',(0.,1.,0.));
#9129=DIRECTION('center_axis',(1.,0.,0.));
#9130=DIRECTION('ref_axis',(0.,0.,-1.));
#9131=DIRECTION('',(0.,0.,-1.));
#9132=DIRECTION('',(0.,1.,0.));
#9133=DIRECTION('center_axis',(0.,0.,1.));
#9134=DIRECTION('ref_axis',(1.,0.,0.));
#9135=DIRECTION('',(1.,0.,0.));
#9136=DIRECTION('',(0.,1.,0.));
#9137=DIRECTION('center_axis',(-1.,0.,0.));
#9138=DIRECTION('ref_axis',(0.,0.,1.));
#9139=DIRECTION('',(0.,0.,1.));
#9140=DIRECTION('center_axis',(0.,1.,0.));
#9141=DIRECTION('ref_axis',(-1.,0.,0.));
#9142=DIRECTION('center_axis',(0.,0.,-1.));
#9143=DIRECTION('ref_axis',(-1.,0.,0.));
#9144=DIRECTION('',(1.,0.,0.));
#9145=DIRECTION('',(0.,1.,0.));
#9146=DIRECTION('',(-1.,0.,0.));
#9147=DIRECTION('',(0.,1.,0.));
#9148=DIRECTION('center_axis',(1.,0.,0.));
#9149=DIRECTION('ref_axis',(0.,0.,-1.));
#9150=DIRECTION('',(0.,0.,-1.));
#9151=DIRECTION('',(0.,0.,-1.));
#9152=DIRECTION('',(0.,1.,0.));
#9153=DIRECTION('center_axis',(0.,0.,1.));
#9154=DIRECTION('ref_axis',(1.,0.,0.));
#9155=DIRECTION('',(1.,0.,0.));
#9156=DIRECTION('',(1.,0.,0.));
#9157=DIRECTION('',(0.,1.,0.));
#9158=DIRECTION('center_axis',(-1.,0.,0.));
#9159=DIRECTION('ref_axis',(0.,0.,1.));
#9160=DIRECTION('',(0.,0.,1.));
#9161=DIRECTION('',(0.,0.,1.));
#9162=DIRECTION('center_axis',(0.,1.,0.));
#9163=DIRECTION('ref_axis',(0.,0.,1.));
#9164=DIRECTION('center_axis',(0.,1.,0.));
#9165=DIRECTION('ref_axis',(-1.,0.,0.));
#9166=DIRECTION('center_axis',(-1.,0.,0.));
#9167=DIRECTION('ref_axis',(0.,0.,1.));
#9168=DIRECTION('',(0.,0.,-1.));
#9169=DIRECTION('',(0.,1.,0.));
#9170=DIRECTION('',(0.,0.,1.));
#9171=DIRECTION('',(0.,1.,0.));
#9172=DIRECTION('center_axis',(0.,0.,-1.));
#9173=DIRECTION('ref_axis',(-1.,0.,0.));
#9174=DIRECTION('',(1.,0.,0.));
#9175=DIRECTION('',(-1.,0.,0.));
#9176=DIRECTION('',(0.,1.,0.));
#9177=DIRECTION('center_axis',(1.,0.,0.));
#9178=DIRECTION('ref_axis',(0.,0.,-1.));
#9179=DIRECTION('',(0.,0.,1.));
#9180=DIRECTION('',(0.,0.,-1.));
#9181=DIRECTION('',(0.,1.,0.));
#9182=DIRECTION('center_axis',(0.,0.,1.));
#9183=DIRECTION('ref_axis',(1.,0.,0.));
#9184=DIRECTION('',(-1.,0.,0.));
#9185=DIRECTION('',(1.,0.,0.));
#9186=DIRECTION('center_axis',(0.,1.,0.));
#9187=DIRECTION('ref_axis',(0.,0.,1.));
#9188=DIRECTION('center_axis',(0.,1.,0.));
#9189=DIRECTION('ref_axis',(-1.,0.,0.));
#9190=DIRECTION('center_axis',(0.,1.,0.));
#9191=DIRECTION('ref_axis',(-1.,0.,0.));
#9192=DIRECTION('center_axis',(0.,1.,0.));
#9193=DIRECTION('ref_axis',(-1.,0.,0.));
#9194=DIRECTION('',(0.,-1.,0.));
#9195=DIRECTION('center_axis',(0.,1.,0.));
#9196=DIRECTION('ref_axis',(-1.,0.,0.));
#9197=DIRECTION('center_axis',(0.,1.,0.));
#9198=DIRECTION('ref_axis',(-1.,0.,0.));
#9199=DIRECTION('center_axis',(0.,1.,0.));
#9200=DIRECTION('ref_axis',(-1.,0.,0.));
#9201=DIRECTION('center_axis',(0.,0.,1.));
#9202=DIRECTION('ref_axis',(1.,0.,0.));
#9203=DIRECTION('center_axis',(0.,0.,1.));
#9204=DIRECTION('ref_axis',(1.,0.,0.));
#9205=DIRECTION('',(0.,0.,-1.));
#9206=DIRECTION('center_axis',(0.,0.,1.));
#9207=DIRECTION('ref_axis',(1.,0.,0.));
#9208=DIRECTION('center_axis',(0.,0.,1.));
#9209=DIRECTION('ref_axis',(1.,0.,0.));
#9210=DIRECTION('center_axis',(0.,0.,1.));
#9211=DIRECTION('ref_axis',(1.,0.,0.));
#9212=DIRECTION('center_axis',(0.,0.,1.));
#9213=DIRECTION('ref_axis',(1.,0.,0.));
#9214=DIRECTION('',(-1.,0.,0.));
#9215=DIRECTION('',(0.,1.,0.));
#9216=DIRECTION('',(1.,0.,0.));
#9217=DIRECTION('',(0.,1.,0.));
#9218=DIRECTION('center_axis',(-1.,0.,0.));
#9219=DIRECTION('ref_axis',(0.,0.,1.));
#9220=DIRECTION('',(0.,0.,-1.));
#9221=DIRECTION('',(0.,0.,1.));
#9222=DIRECTION('',(0.,1.,0.));
#9223=DIRECTION('center_axis',(0.,0.,-1.));
#9224=DIRECTION('ref_axis',(-1.,0.,0.));
#9225=DIRECTION('',(1.,0.,0.));
#9226=DIRECTION('',(-1.,0.,0.));
#9227=DIRECTION('',(0.,1.,0.));
#9228=DIRECTION('center_axis',(1.,0.,0.));
#9229=DIRECTION('ref_axis',(0.,0.,-1.));
#9230=DIRECTION('',(0.,0.,1.));
#9231=DIRECTION('',(0.,0.,-1.));
#9232=DIRECTION('center_axis',(0.,1.,0.));
#9233=DIRECTION('ref_axis',(0.,0.,1.));
#9234=DIRECTION('center_axis',(0.,1.,0.));
#9235=DIRECTION('ref_axis',(-1.,0.,0.));
#9236=DIRECTION('center_axis',(0.,0.,1.));
#9237=DIRECTION('ref_axis',(1.,0.,0.));
#9238=DIRECTION('',(-1.,0.,0.));
#9239=DIRECTION('',(0.,1.,0.));
#9240=DIRECTION('',(1.,0.,0.));
#9241=DIRECTION('',(0.,1.,0.));
#9242=DIRECTION('center_axis',(-1.,0.,0.));
#9243=DIRECTION('ref_axis',(0.,0.,1.));
#9244=DIRECTION('',(0.,0.,1.));
#9245=DIRECTION('',(0.,0.,1.));
#9246=DIRECTION('',(0.,1.,0.));
#9247=DIRECTION('center_axis',(0.,0.,-1.));
#9248=DIRECTION('ref_axis',(-1.,0.,0.));
#9249=DIRECTION('',(-1.,0.,0.));
#9250=DIRECTION('',(-1.,0.,0.));
#9251=DIRECTION('',(0.,1.,0.));
#9252=DIRECTION('center_axis',(1.,0.,0.));
#9253=DIRECTION('ref_axis',(0.,0.,-1.));
#9254=DIRECTION('',(0.,0.,-1.));
#9255=DIRECTION('',(0.,0.,-1.));
#9256=DIRECTION('center_axis',(0.,1.,0.));
#9257=DIRECTION('ref_axis',(0.,0.,1.));
#9258=DIRECTION('center_axis',(0.,1.,0.));
#9259=DIRECTION('ref_axis',(-1.,0.,0.));
#9260=DIRECTION('center_axis',(0.,1.,0.));
#9261=DIRECTION('ref_axis',(-1.,0.,0.));
#9262=DIRECTION('center_axis',(0.,-1.,0.));
#9263=DIRECTION('ref_axis',(-1.,0.,0.));
#9264=DIRECTION('',(0.,1.,0.));
#9265=DIRECTION('center_axis',(0.,-1.,0.));
#9266=DIRECTION('ref_axis',(-1.,0.,0.));
#9267=DIRECTION('center_axis',(0.,0.,-1.));
#9268=DIRECTION('ref_axis',(-1.,0.,0.));
#9269=DIRECTION('',(-1.,0.,0.));
#9270=DIRECTION('',(0.,1.,0.));
#9271=DIRECTION('',(-1.,0.,0.));
#9272=DIRECTION('',(0.,1.,0.));
#9273=DIRECTION('center_axis',(0.,1.,0.));
#9274=DIRECTION('ref_axis',(6.93889390390722E-16,0.,1.));
#9275=DIRECTION('center_axis',(0.,1.,0.));
#9276=DIRECTION('ref_axis',(6.93889390390722E-16,0.,1.));
#9277=DIRECTION('center_axis',(0.,1.,0.));
#9278=DIRECTION('ref_axis',(6.93889390390722E-16,0.,1.));
#9279=DIRECTION('',(0.,1.,0.));
#9280=DIRECTION('center_axis',(0.,0.,1.));
#9281=DIRECTION('ref_axis',(1.,0.,0.));
#9282=DIRECTION('',(1.,0.,0.));
#9283=DIRECTION('',(1.,0.,0.));
#9284=DIRECTION('',(0.,1.,0.));
#9285=DIRECTION('center_axis',(0.,1.,0.));
#9286=DIRECTION('ref_axis',(0.,0.,-1.));
#9287=DIRECTION('center_axis',(0.,1.,0.));
#9288=DIRECTION('ref_axis',(0.,0.,-1.));
#9289=DIRECTION('center_axis',(0.,1.,0.));
#9290=DIRECTION('ref_axis',(0.,0.,-1.));
#9291=DIRECTION('center_axis',(0.,1.,0.));
#9292=DIRECTION('ref_axis',(-1.,0.,0.));
#9293=DIRECTION('center_axis',(0.,1.,0.));
#9294=DIRECTION('ref_axis',(-1.,0.,0.));
#9295=DIRECTION('center_axis',(0.,1.,0.));
#9296=DIRECTION('ref_axis',(-1.,0.,0.));
#9297=DIRECTION('center_axis',(0.,-1.,0.));
#9298=DIRECTION('ref_axis',(-1.,0.,0.));
#9299=DIRECTION('',(0.,1.,0.));
#9300=DIRECTION('center_axis',(0.,-1.,0.));
#9301=DIRECTION('ref_axis',(-1.,0.,0.));
#9302=DIRECTION('center_axis',(0.,0.,-1.));
#9303=DIRECTION('ref_axis',(-1.,0.,0.));
#9304=DIRECTION('',(-1.,0.,0.));
#9305=DIRECTION('',(0.,1.,0.));
#9306=DIRECTION('',(-1.,0.,0.));
#9307=DIRECTION('',(0.,1.,0.));
#9308=DIRECTION('center_axis',(0.,1.,0.));
#9309=DIRECTION('ref_axis',(6.93889390390722E-16,0.,1.));
#9310=DIRECTION('center_axis',(0.,1.,0.));
#9311=DIRECTION('ref_axis',(6.93889390390722E-16,0.,1.));
#9312=DIRECTION('center_axis',(0.,1.,0.));
#9313=DIRECTION('ref_axis',(6.93889390390722E-16,0.,1.));
#9314=DIRECTION('',(0.,1.,0.));
#9315=DIRECTION('center_axis',(0.,0.,1.));
#9316=DIRECTION('ref_axis',(1.,0.,0.));
#9317=DIRECTION('',(1.,0.,0.));
#9318=DIRECTION('',(1.,0.,0.));
#9319=DIRECTION('',(0.,1.,0.));
#9320=DIRECTION('center_axis',(0.,1.,0.));
#9321=DIRECTION('ref_axis',(0.,0.,-1.));
#9322=DIRECTION('center_axis',(0.,1.,0.));
#9323=DIRECTION('ref_axis',(0.,0.,-1.));
#9324=DIRECTION('center_axis',(0.,1.,0.));
#9325=DIRECTION('ref_axis',(0.,0.,-1.));
#9326=DIRECTION('center_axis',(0.,1.,0.));
#9327=DIRECTION('ref_axis',(-1.,0.,0.));
#9328=DIRECTION('center_axis',(0.,1.,0.));
#9329=DIRECTION('ref_axis',(-1.,0.,0.));
#9330=DIRECTION('center_axis',(0.,1.,0.));
#9331=DIRECTION('ref_axis',(-1.,0.,0.));
#9332=DIRECTION('center_axis',(0.,-1.,0.));
#9333=DIRECTION('ref_axis',(-1.,0.,0.));
#9334=DIRECTION('',(0.,1.,0.));
#9335=DIRECTION('center_axis',(0.,-1.,0.));
#9336=DIRECTION('ref_axis',(-1.,0.,0.));
#9337=DIRECTION('center_axis',(0.,0.,-1.));
#9338=DIRECTION('ref_axis',(-1.,0.,0.));
#9339=DIRECTION('',(-1.,0.,0.));
#9340=DIRECTION('',(0.,1.,0.));
#9341=DIRECTION('',(-1.,0.,0.));
#9342=DIRECTION('',(0.,1.,0.));
#9343=DIRECTION('center_axis',(0.,1.,0.));
#9344=DIRECTION('ref_axis',(6.93889390390722E-16,0.,1.));
#9345=DIRECTION('center_axis',(0.,1.,0.));
#9346=DIRECTION('ref_axis',(6.93889390390722E-16,0.,1.));
#9347=DIRECTION('center_axis',(0.,1.,0.));
#9348=DIRECTION('ref_axis',(6.93889390390722E-16,0.,1.));
#9349=DIRECTION('',(0.,1.,0.));
#9350=DIRECTION('center_axis',(0.,0.,1.));
#9351=DIRECTION('ref_axis',(1.,0.,0.));
#9352=DIRECTION('',(1.,0.,0.));
#9353=DIRECTION('',(1.,0.,0.));
#9354=DIRECTION('',(0.,1.,0.));
#9355=DIRECTION('center_axis',(0.,1.,0.));
#9356=DIRECTION('ref_axis',(0.,0.,-1.));
#9357=DIRECTION('center_axis',(0.,1.,0.));
#9358=DIRECTION('ref_axis',(0.,0.,-1.));
#9359=DIRECTION('center_axis',(0.,1.,0.));
#9360=DIRECTION('ref_axis',(0.,0.,-1.));
#9361=DIRECTION('center_axis',(0.,1.,0.));
#9362=DIRECTION('ref_axis',(-1.,0.,0.));
#9363=DIRECTION('center_axis',(0.,1.,0.));
#9364=DIRECTION('ref_axis',(-1.,0.,0.));
#9365=DIRECTION('center_axis',(0.,1.,0.));
#9366=DIRECTION('ref_axis',(-1.,0.,0.));
#9367=DIRECTION('center_axis',(0.,-1.,0.));
#9368=DIRECTION('ref_axis',(-1.,0.,0.));
#9369=DIRECTION('',(0.,1.,0.));
#9370=DIRECTION('center_axis',(0.,-1.,0.));
#9371=DIRECTION('ref_axis',(-1.,0.,0.));
#9372=DIRECTION('center_axis',(0.,0.,-1.));
#9373=DIRECTION('ref_axis',(-1.,0.,0.));
#9374=DIRECTION('',(-1.,0.,0.));
#9375=DIRECTION('',(0.,1.,0.));
#9376=DIRECTION('',(-1.,0.,0.));
#9377=DIRECTION('',(0.,1.,0.));
#9378=DIRECTION('center_axis',(0.,1.,0.));
#9379=DIRECTION('ref_axis',(6.93889390390722E-16,0.,1.));
#9380=DIRECTION('center_axis',(0.,1.,0.));
#9381=DIRECTION('ref_axis',(6.93889390390722E-16,0.,1.));
#9382=DIRECTION('center_axis',(0.,1.,0.));
#9383=DIRECTION('ref_axis',(6.93889390390722E-16,0.,1.));
#9384=DIRECTION('',(0.,1.,0.));
#9385=DIRECTION('center_axis',(0.,0.,1.));
#9386=DIRECTION('ref_axis',(1.,0.,0.));
#9387=DIRECTION('',(1.,0.,0.));
#9388=DIRECTION('',(1.,0.,0.));
#9389=DIRECTION('',(0.,1.,0.));
#9390=DIRECTION('center_axis',(0.,1.,0.));
#9391=DIRECTION('ref_axis',(0.,0.,-1.));
#9392=DIRECTION('center_axis',(0.,1.,0.));
#9393=DIRECTION('ref_axis',(0.,0.,-1.));
#9394=DIRECTION('center_axis',(0.,1.,0.));
#9395=DIRECTION('ref_axis',(0.,0.,-1.));
#9396=DIRECTION('center_axis',(0.,1.,0.));
#9397=DIRECTION('ref_axis',(-1.,0.,0.));
#9398=DIRECTION('center_axis',(0.,1.,0.));
#9399=DIRECTION('ref_axis',(-1.,0.,0.));
#9400=DIRECTION('center_axis',(0.,1.,0.));
#9401=DIRECTION('ref_axis',(-1.,0.,0.));
#9402=DIRECTION('center_axis',(0.,-1.,0.));
#9403=DIRECTION('ref_axis',(-1.,0.,0.));
#9404=DIRECTION('',(0.,1.,0.));
#9405=DIRECTION('center_axis',(0.,-1.,0.));
#9406=DIRECTION('ref_axis',(-1.,0.,0.));
#9407=DIRECTION('center_axis',(0.,0.,-1.));
#9408=DIRECTION('ref_axis',(-1.,0.,0.));
#9409=DIRECTION('',(-1.,0.,0.));
#9410=DIRECTION('',(0.,1.,0.));
#9411=DIRECTION('',(-1.,0.,0.));
#9412=DIRECTION('',(0.,1.,0.));
#9413=DIRECTION('center_axis',(0.,1.,0.));
#9414=DIRECTION('ref_axis',(6.93889390390722E-16,0.,1.));
#9415=DIRECTION('center_axis',(0.,1.,0.));
#9416=DIRECTION('ref_axis',(6.93889390390722E-16,0.,1.));
#9417=DIRECTION('center_axis',(0.,1.,0.));
#9418=DIRECTION('ref_axis',(6.93889390390722E-16,0.,1.));
#9419=DIRECTION('',(0.,1.,0.));
#9420=DIRECTION('center_axis',(0.,0.,1.));
#9421=DIRECTION('ref_axis',(1.,0.,0.));
#9422=DIRECTION('',(1.,0.,0.));
#9423=DIRECTION('',(1.,0.,0.));
#9424=DIRECTION('',(0.,1.,0.));
#9425=DIRECTION('center_axis',(0.,1.,0.));
#9426=DIRECTION('ref_axis',(0.,0.,-1.));
#9427=DIRECTION('center_axis',(0.,1.,0.));
#9428=DIRECTION('ref_axis',(0.,0.,-1.));
#9429=DIRECTION('center_axis',(0.,1.,0.));
#9430=DIRECTION('ref_axis',(0.,0.,-1.));
#9431=DIRECTION('center_axis',(0.,1.,0.));
#9432=DIRECTION('ref_axis',(-1.,0.,0.));
#9433=DIRECTION('center_axis',(0.,1.,0.));
#9434=DIRECTION('ref_axis',(-1.,0.,0.));
#9435=DIRECTION('center_axis',(0.,1.,0.));
#9436=DIRECTION('ref_axis',(-1.,0.,0.));
#9437=DIRECTION('center_axis',(0.,-1.,0.));
#9438=DIRECTION('ref_axis',(0.,0.,-1.));
#9439=DIRECTION('',(-1.,0.,0.));
#9440=DIRECTION('center_axis',(0.,-1.,0.));
#9441=DIRECTION('ref_axis',(6.93889390390722E-16,0.,1.));
#9442=DIRECTION('',(1.,0.,0.));
#9443=DIRECTION('center_axis',(0.,1.,0.));
#9444=DIRECTION('ref_axis',(-1.,0.,0.));
#9445=DIRECTION('center_axis',(0.,0.,1.));
#9446=DIRECTION('ref_axis',(-1.,0.,0.));
#9447=DIRECTION('',(0.,-1.,0.));
#9448=DIRECTION('',(-1.,0.,0.));
#9449=DIRECTION('',(0.,-1.,0.));
#9450=DIRECTION('center_axis',(0.,-1.,0.));
#9451=DIRECTION('ref_axis',(0.,0.,-1.));
#9452=DIRECTION('',(0.,-1.,0.));
#9453=DIRECTION('center_axis',(0.,-1.,0.));
#9454=DIRECTION('ref_axis',(0.,0.,-1.));
#9455=DIRECTION('center_axis',(0.,-1.,0.));
#9456=DIRECTION('ref_axis',(-1.,0.,0.));
#9457=DIRECTION('',(0.,-1.,0.));
#9458=DIRECTION('center_axis',(0.,1.,0.));
#9459=DIRECTION('ref_axis',(-1.,0.,0.));
#9460=DIRECTION('center_axis',(0.,-1.,0.));
#9461=DIRECTION('ref_axis',(6.93889390390722E-16,0.,1.));
#9462=DIRECTION('center_axis',(0.,-1.,0.));
#9463=DIRECTION('ref_axis',(6.93889390390722E-16,0.,1.));
#9464=DIRECTION('',(0.,-1.,0.));
#9465=DIRECTION('center_axis',(0.,0.,-1.));
#9466=DIRECTION('ref_axis',(1.,0.,0.));
#9467=DIRECTION('',(1.,0.,0.));
#9468=DIRECTION('center_axis',(0.,1.,0.));
#9469=DIRECTION('ref_axis',(-1.,0.,0.));
#9470=DIRECTION('center_axis',(0.,1.,0.));
#9471=DIRECTION('ref_axis',(-1.,0.,0.));
#9472=DIRECTION('center_axis',(0.,-1.,0.));
#9473=DIRECTION('ref_axis',(0.,0.,-1.));
#9474=DIRECTION('',(-1.,0.,0.));
#9475=DIRECTION('center_axis',(0.,-1.,0.));
#9476=DIRECTION('ref_axis',(6.93889390390722E-16,0.,1.));
#9477=DIRECTION('',(1.,0.,0.));
#9478=DIRECTION('center_axis',(0.,1.,0.));
#9479=DIRECTION('ref_axis',(-1.,0.,0.));
#9480=DIRECTION('center_axis',(0.,0.,1.));
#9481=DIRECTION('ref_axis',(-1.,0.,0.));
#9482=DIRECTION('',(0.,-1.,0.));
#9483=DIRECTION('',(-1.,0.,0.));
#9484=DIRECTION('',(0.,-1.,0.));
#9485=DIRECTION('center_axis',(0.,-1.,0.));
#9486=DIRECTION('ref_axis',(0.,0.,-1.));
#9487=DIRECTION('',(0.,-1.,0.));
#9488=DIRECTION('center_axis',(0.,-1.,0.));
#9489=DIRECTION('ref_axis',(0.,0.,-1.));
#9490=DIRECTION('center_axis',(0.,-1.,0.));
#9491=DIRECTION('ref_axis',(-1.,0.,0.));
#9492=DIRECTION('',(0.,-1.,0.));
#9493=DIRECTION('center_axis',(0.,1.,0.));
#9494=DIRECTION('ref_axis',(-1.,0.,0.));
#9495=DIRECTION('center_axis',(0.,-1.,0.));
#9496=DIRECTION('ref_axis',(6.93889390390722E-16,0.,1.));
#9497=DIRECTION('center_axis',(0.,-1.,0.));
#9498=DIRECTION('ref_axis',(6.93889390390722E-16,0.,1.));
#9499=DIRECTION('',(0.,-1.,0.));
#9500=DIRECTION('center_axis',(0.,0.,-1.));
#9501=DIRECTION('ref_axis',(1.,0.,0.));
#9502=DIRECTION('',(1.,0.,0.));
#9503=DIRECTION('center_axis',(0.,1.,0.));
#9504=DIRECTION('ref_axis',(-1.,0.,0.));
#9505=DIRECTION('center_axis',(0.,1.,0.));
#9506=DIRECTION('ref_axis',(-1.,0.,0.));
#9507=DIRECTION('center_axis',(0.,-1.,0.));
#9508=DIRECTION('ref_axis',(0.,0.,-1.));
#9509=DIRECTION('',(-1.,0.,0.));
#9510=DIRECTION('center_axis',(0.,-1.,0.));
#9511=DIRECTION('ref_axis',(6.93889390390722E-16,0.,1.));
#9512=DIRECTION('',(1.,0.,0.));
#9513=DIRECTION('center_axis',(0.,1.,0.));
#9514=DIRECTION('ref_axis',(-1.,0.,0.));
#9515=DIRECTION('center_axis',(0.,0.,1.));
#9516=DIRECTION('ref_axis',(-1.,0.,0.));
#9517=DIRECTION('',(0.,-1.,0.));
#9518=DIRECTION('',(-1.,0.,0.));
#9519=DIRECTION('',(0.,-1.,0.));
#9520=DIRECTION('center_axis',(0.,-1.,0.));
#9521=DIRECTION('ref_axis',(0.,0.,-1.));
#9522=DIRECTION('',(0.,-1.,0.));
#9523=DIRECTION('center_axis',(0.,-1.,0.));
#9524=DIRECTION('ref_axis',(0.,0.,-1.));
#9525=DIRECTION('center_axis',(0.,-1.,0.));
#9526=DIRECTION('ref_axis',(-1.,0.,0.));
#9527=DIRECTION('',(0.,-1.,0.));
#9528=DIRECTION('center_axis',(0.,1.,0.));
#9529=DIRECTION('ref_axis',(-1.,0.,0.));
#9530=DIRECTION('center_axis',(0.,-1.,0.));
#9531=DIRECTION('ref_axis',(6.93889390390722E-16,0.,1.));
#9532=DIRECTION('center_axis',(0.,-1.,0.));
#9533=DIRECTION('ref_axis',(6.93889390390722E-16,0.,1.));
#9534=DIRECTION('',(0.,-1.,0.));
#9535=DIRECTION('center_axis',(0.,0.,-1.));
#9536=DIRECTION('ref_axis',(1.,0.,0.));
#9537=DIRECTION('',(1.,0.,0.));
#9538=DIRECTION('center_axis',(0.,1.,0.));
#9539=DIRECTION('ref_axis',(-1.,0.,0.));
#9540=DIRECTION('center_axis',(0.,1.,0.));
#9541=DIRECTION('ref_axis',(-1.,0.,0.));
#9542=DIRECTION('center_axis',(0.,-1.,0.));
#9543=DIRECTION('ref_axis',(0.,0.,-1.));
#9544=DIRECTION('',(-1.,0.,0.));
#9545=DIRECTION('center_axis',(0.,-1.,0.));
#9546=DIRECTION('ref_axis',(6.93889390390722E-16,0.,1.));
#9547=DIRECTION('',(1.,0.,0.));
#9548=DIRECTION('center_axis',(0.,1.,0.));
#9549=DIRECTION('ref_axis',(-1.,0.,0.));
#9550=DIRECTION('center_axis',(0.,0.,1.));
#9551=DIRECTION('ref_axis',(-1.,0.,0.));
#9552=DIRECTION('',(0.,-1.,0.));
#9553=DIRECTION('',(-1.,0.,0.));
#9554=DIRECTION('',(0.,-1.,0.));
#9555=DIRECTION('center_axis',(0.,-1.,0.));
#9556=DIRECTION('ref_axis',(0.,0.,-1.));
#9557=DIRECTION('',(0.,-1.,0.));
#9558=DIRECTION('center_axis',(0.,-1.,0.));
#9559=DIRECTION('ref_axis',(0.,0.,-1.));
#9560=DIRECTION('center_axis',(0.,-1.,0.));
#9561=DIRECTION('ref_axis',(-1.,0.,0.));
#9562=DIRECTION('',(0.,-1.,0.));
#9563=DIRECTION('center_axis',(0.,1.,0.));
#9564=DIRECTION('ref_axis',(-1.,0.,0.));
#9565=DIRECTION('center_axis',(0.,-1.,0.));
#9566=DIRECTION('ref_axis',(6.93889390390722E-16,0.,1.));
#9567=DIRECTION('center_axis',(0.,-1.,0.));
#9568=DIRECTION('ref_axis',(6.93889390390722E-16,0.,1.));
#9569=DIRECTION('',(0.,-1.,0.));
#9570=DIRECTION('center_axis',(0.,0.,-1.));
#9571=DIRECTION('ref_axis',(1.,0.,0.));
#9572=DIRECTION('',(1.,0.,0.));
#9573=DIRECTION('center_axis',(0.,1.,0.));
#9574=DIRECTION('ref_axis',(-1.,0.,0.));
#9575=DIRECTION('center_axis',(0.,1.,0.));
#9576=DIRECTION('ref_axis',(-1.,0.,0.));
#9577=DIRECTION('center_axis',(0.,-1.,0.));
#9578=DIRECTION('ref_axis',(0.,0.,-1.));
#9579=DIRECTION('',(-1.,0.,0.));
#9580=DIRECTION('center_axis',(0.,-1.,0.));
#9581=DIRECTION('ref_axis',(6.93889390390722E-16,0.,1.));
#9582=DIRECTION('',(1.,0.,0.));
#9583=DIRECTION('center_axis',(0.,1.,0.));
#9584=DIRECTION('ref_axis',(-1.,0.,0.));
#9585=DIRECTION('center_axis',(0.,0.,1.));
#9586=DIRECTION('ref_axis',(-1.,0.,0.));
#9587=DIRECTION('',(0.,-1.,0.));
#9588=DIRECTION('',(-1.,0.,0.));
#9589=DIRECTION('',(0.,-1.,0.));
#9590=DIRECTION('center_axis',(0.,-1.,0.));
#9591=DIRECTION('ref_axis',(0.,0.,-1.));
#9592=DIRECTION('',(0.,-1.,0.));
#9593=DIRECTION('center_axis',(0.,-1.,0.));
#9594=DIRECTION('ref_axis',(0.,0.,-1.));
#9595=DIRECTION('center_axis',(0.,-1.,0.));
#9596=DIRECTION('ref_axis',(-1.,0.,0.));
#9597=DIRECTION('',(0.,-1.,0.));
#9598=DIRECTION('center_axis',(0.,1.,0.));
#9599=DIRECTION('ref_axis',(-1.,0.,0.));
#9600=DIRECTION('center_axis',(0.,-1.,0.));
#9601=DIRECTION('ref_axis',(6.93889390390722E-16,0.,1.));
#9602=DIRECTION('center_axis',(0.,-1.,0.));
#9603=DIRECTION('ref_axis',(6.93889390390722E-16,0.,1.));
#9604=DIRECTION('',(0.,-1.,0.));
#9605=DIRECTION('center_axis',(0.,0.,-1.));
#9606=DIRECTION('ref_axis',(1.,0.,0.));
#9607=DIRECTION('',(1.,0.,0.));
#9608=DIRECTION('center_axis',(0.,1.,0.));
#9609=DIRECTION('ref_axis',(-1.,0.,0.));
#9610=DIRECTION('center_axis',(-0.707106781186548,0.,0.707106781186548));
#9611=DIRECTION('ref_axis',(0.707106781186548,0.,0.707106781186548));
#9612=DIRECTION('',(0.,1.,0.));
#9613=DIRECTION('',(-0.577350269189626,-0.577350269189626,-0.577350269189626));
#9614=DIRECTION('',(0.,-1.,0.));
#9615=DIRECTION('',(0.577350269189626,-0.577350269189626,0.577350269189626));
#9616=DIRECTION('center_axis',(-0.707106781186548,-0.707106781186548,0.));
#9617=DIRECTION('ref_axis',(0.,0.,1.));
#9618=DIRECTION('',(0.,0.,1.));
#9619=DIRECTION('',(0.,0.,-1.));
#9620=DIRECTION('',(0.577350269189626,-0.577350269189626,-0.577350269189626));
#9621=DIRECTION('center_axis',(-0.707106781186548,0.,-0.707106781186548));
#9622=DIRECTION('ref_axis',(-0.707106781186548,0.,0.707106781186548));
#9623=DIRECTION('',(0.,1.,0.));
#9624=DIRECTION('',(0.577350269189626,0.577350269189626,-0.577350269189626));
#9625=DIRECTION('',(0.,-1.,0.));
#9626=DIRECTION('center_axis',(0.,0.,1.));
#9627=DIRECTION('ref_axis',(1.,0.,0.));
#9628=DIRECTION('',(-1.,0.,0.));
#9629=DIRECTION('',(0.,-1.,0.));
#9630=DIRECTION('',(1.,4.2700885562506E-16,0.));
#9631=DIRECTION('',(1.26161707343768E-16,1.,0.));
#9632=DIRECTION('',(-1.,0.,0.));
#9633=DIRECTION('center_axis',(0.,-1.,0.));
#9634=DIRECTION('ref_axis',(1.,0.,0.));
#9635=DIRECTION('',(-1.,0.,0.));
#9636=DIRECTION('',(0.,0.,1.));
#9637=DIRECTION('center_axis',(0.,0.,1.));
#9638=DIRECTION('ref_axis',(1.,0.,0.));
#9639=DIRECTION('',(1.,0.,0.));
#9640=DIRECTION('',(1.26161707343768E-16,1.,0.));
#9641=DIRECTION('',(1.,4.2700885562506E-16,0.));
#9642=DIRECTION('',(0.,-1.,0.));
#9643=DIRECTION('center_axis',(-0.707106781186548,0.707106781186548,0.));
#9644=DIRECTION('ref_axis',(0.,0.,1.));
#9645=DIRECTION('',(0.,0.,-1.));
#9646=DIRECTION('',(0.,0.,1.));
#9647=DIRECTION('center_axis',(0.,1.,0.));
#9648=DIRECTION('ref_axis',(-1.,0.,0.));
#9649=DIRECTION('',(0.,0.,1.));
#9650=DIRECTION('center_axis',(-1.,0.,0.));
#9651=DIRECTION('ref_axis',(0.,0.,1.));
#9652=DIRECTION('center_axis',(1.,-1.26161707343768E-16,0.));
#9653=DIRECTION('ref_axis',(1.26161707343768E-16,1.,0.));
#9654=DIRECTION('',(0.,0.,1.));
#9655=DIRECTION('center_axis',(4.2700885562506E-16,-1.,0.));
#9656=DIRECTION('ref_axis',(1.,4.2700885562506E-16,0.));
#9657=DIRECTION('',(0.,0.,1.));
#9658=DIRECTION('center_axis',(-1.,0.,0.));
#9659=DIRECTION('ref_axis',(0.,-1.,0.));
#9660=DIRECTION('center_axis',(-0.707106781186548,0.,0.707106781186548));
#9661=DIRECTION('ref_axis',(0.707106781186548,0.,0.707106781186548));
#9662=DIRECTION('',(0.,1.,0.));
#9663=DIRECTION('',(-0.577350269189626,-0.577350269189626,-0.577350269189626));
#9664=DIRECTION('',(0.,-1.,0.));
#9665=DIRECTION('',(0.577350269189626,-0.577350269189626,0.577350269189626));
#9666=DIRECTION('center_axis',(-0.707106781186548,-0.707106781186548,0.));
#9667=DIRECTION('ref_axis',(0.,0.,1.));
#9668=DIRECTION('',(0.,0.,1.));
#9669=DIRECTION('',(0.,0.,-1.));
#9670=DIRECTION('',(0.577350269189626,-0.577350269189626,-0.577350269189626));
#9671=DIRECTION('center_axis',(-0.707106781186548,0.,-0.707106781186548));
#9672=DIRECTION('ref_axis',(-0.707106781186548,0.,0.707106781186548));
#9673=DIRECTION('',(0.,1.,0.));
#9674=DIRECTION('',(0.577350269189626,0.577350269189626,-0.577350269189626));
#9675=DIRECTION('',(0.,-1.,0.));
#9676=DIRECTION('center_axis',(0.,0.,1.));
#9677=DIRECTION('ref_axis',(1.,0.,0.));
#9678=DIRECTION('',(-1.,0.,0.));
#9679=DIRECTION('',(0.,-1.,0.));
#9680=DIRECTION('',(1.,4.2700885562506E-16,0.));
#9681=DIRECTION('',(1.26161707343768E-16,1.,0.));
#9682=DIRECTION('',(-1.,0.,0.));
#9683=DIRECTION('center_axis',(0.,-1.,0.));
#9684=DIRECTION('ref_axis',(1.,0.,0.));
#9685=DIRECTION('',(-1.,0.,0.));
#9686=DIRECTION('',(0.,0.,1.));
#9687=DIRECTION('center_axis',(0.,0.,1.));
#9688=DIRECTION('ref_axis',(1.,0.,0.));
#9689=DIRECTION('',(1.,0.,0.));
#9690=DIRECTION('',(1.26161707343768E-16,1.,0.));
#9691=DIRECTION('',(1.,4.2700885562506E-16,0.));
#9692=DIRECTION('',(0.,-1.,0.));
#9693=DIRECTION('center_axis',(-0.707106781186548,0.707106781186548,0.));
#9694=DIRECTION('ref_axis',(0.,0.,1.));
#9695=DIRECTION('',(0.,0.,-1.));
#9696=DIRECTION('',(0.,0.,1.));
#9697=DIRECTION('center_axis',(0.,1.,0.));
#9698=DIRECTION('ref_axis',(-1.,0.,0.));
#9699=DIRECTION('',(0.,0.,1.));
#9700=DIRECTION('center_axis',(-1.,0.,0.));
#9701=DIRECTION('ref_axis',(0.,0.,1.));
#9702=DIRECTION('center_axis',(1.,-1.26161707343768E-16,0.));
#9703=DIRECTION('ref_axis',(1.26161707343768E-16,1.,0.));
#9704=DIRECTION('',(0.,0.,1.));
#9705=DIRECTION('center_axis',(4.2700885562506E-16,-1.,0.));
#9706=DIRECTION('ref_axis',(1.,4.2700885562506E-16,0.));
#9707=DIRECTION('',(0.,0.,1.));
#9708=DIRECTION('center_axis',(-1.,0.,0.));
#9709=DIRECTION('ref_axis',(0.,-1.,0.));
#9710=DIRECTION('center_axis',(-0.707106781186548,0.,0.707106781186548));
#9711=DIRECTION('ref_axis',(0.707106781186548,0.,0.707106781186548));
#9712=DIRECTION('',(0.,1.,0.));
#9713=DIRECTION('',(-0.577350269189626,-0.577350269189626,-0.577350269189626));
#9714=DIRECTION('',(0.,-1.,0.));
#9715=DIRECTION('',(0.577350269189626,-0.577350269189626,0.577350269189626));
#9716=DIRECTION('center_axis',(-0.707106781186548,-0.707106781186548,0.));
#9717=DIRECTION('ref_axis',(0.,0.,1.));
#9718=DIRECTION('',(0.,0.,1.));
#9719=DIRECTION('',(0.,0.,-1.));
#9720=DIRECTION('',(0.577350269189626,-0.577350269189626,-0.577350269189626));
#9721=DIRECTION('center_axis',(-0.707106781186548,0.,-0.707106781186548));
#9722=DIRECTION('ref_axis',(-0.707106781186548,0.,0.707106781186548));
#9723=DIRECTION('',(0.,1.,0.));
#9724=DIRECTION('',(0.577350269189626,0.577350269189626,-0.577350269189626));
#9725=DIRECTION('',(0.,-1.,0.));
#9726=DIRECTION('center_axis',(0.,0.,1.));
#9727=DIRECTION('ref_axis',(1.,0.,0.));
#9728=DIRECTION('',(-1.,0.,0.));
#9729=DIRECTION('',(0.,-1.,0.));
#9730=DIRECTION('',(1.,4.2700885562506E-16,0.));
#9731=DIRECTION('',(1.26161707343768E-16,1.,0.));
#9732=DIRECTION('',(-1.,0.,0.));
#9733=DIRECTION('center_axis',(0.,-1.,0.));
#9734=DIRECTION('ref_axis',(1.,0.,0.));
#9735=DIRECTION('',(-1.,0.,0.));
#9736=DIRECTION('',(0.,0.,1.));
#9737=DIRECTION('center_axis',(0.,0.,1.));
#9738=DIRECTION('ref_axis',(1.,0.,0.));
#9739=DIRECTION('',(1.,0.,0.));
#9740=DIRECTION('',(1.26161707343768E-16,1.,0.));
#9741=DIRECTION('',(1.,4.2700885562506E-16,0.));
#9742=DIRECTION('',(0.,-1.,0.));
#9743=DIRECTION('center_axis',(-0.707106781186548,0.707106781186548,0.));
#9744=DIRECTION('ref_axis',(0.,0.,1.));
#9745=DIRECTION('',(0.,0.,-1.));
#9746=DIRECTION('',(0.,0.,1.));
#9747=DIRECTION('center_axis',(0.,1.,0.));
#9748=DIRECTION('ref_axis',(-1.,0.,0.));
#9749=DIRECTION('',(0.,0.,1.));
#9750=DIRECTION('center_axis',(-1.,0.,0.));
#9751=DIRECTION('ref_axis',(0.,0.,1.));
#9752=DIRECTION('center_axis',(1.,-1.26161707343768E-16,0.));
#9753=DIRECTION('ref_axis',(1.26161707343768E-16,1.,0.));
#9754=DIRECTION('',(0.,0.,1.));
#9755=DIRECTION('center_axis',(4.2700885562506E-16,-1.,0.));
#9756=DIRECTION('ref_axis',(1.,4.2700885562506E-16,0.));
#9757=DIRECTION('',(0.,0.,1.));
#9758=DIRECTION('center_axis',(-1.,0.,0.));
#9759=DIRECTION('ref_axis',(0.,-1.,0.));
#9760=DIRECTION('center_axis',(-0.707106781186548,0.,0.707106781186548));
#9761=DIRECTION('ref_axis',(0.707106781186548,0.,0.707106781186548));
#9762=DIRECTION('',(0.,1.,0.));
#9763=DIRECTION('',(-0.577350269189626,-0.577350269189626,-0.577350269189626));
#9764=DIRECTION('',(0.,-1.,0.));
#9765=DIRECTION('',(0.577350269189626,-0.577350269189626,0.577350269189626));
#9766=DIRECTION('center_axis',(-0.707106781186548,-0.707106781186548,0.));
#9767=DIRECTION('ref_axis',(0.,0.,1.));
#9768=DIRECTION('',(0.,0.,1.));
#9769=DIRECTION('',(0.,0.,-1.));
#9770=DIRECTION('',(0.577350269189626,-0.577350269189626,-0.577350269189626));
#9771=DIRECTION('center_axis',(-0.707106781186548,0.,-0.707106781186548));
#9772=DIRECTION('ref_axis',(-0.707106781186548,0.,0.707106781186548));
#9773=DIRECTION('',(0.,1.,0.));
#9774=DIRECTION('',(0.577350269189626,0.577350269189626,-0.577350269189626));
#9775=DIRECTION('',(0.,-1.,0.));
#9776=DIRECTION('center_axis',(0.,0.,1.));
#9777=DIRECTION('ref_axis',(1.,0.,0.));
#9778=DIRECTION('',(-1.,0.,0.));
#9779=DIRECTION('',(0.,-1.,0.));
#9780=DIRECTION('',(1.,4.2700885562506E-16,0.));
#9781=DIRECTION('',(1.26161707343768E-16,1.,0.));
#9782=DIRECTION('',(-1.,0.,0.));
#9783=DIRECTION('center_axis',(0.,-1.,0.));
#9784=DIRECTION('ref_axis',(1.,0.,0.));
#9785=DIRECTION('',(-1.,0.,0.));
#9786=DIRECTION('',(0.,0.,1.));
#9787=DIRECTION('center_axis',(0.,0.,1.));
#9788=DIRECTION('ref_axis',(1.,0.,0.));
#9789=DIRECTION('',(1.,0.,0.));
#9790=DIRECTION('',(1.26161707343768E-16,1.,0.));
#9791=DIRECTION('',(1.,4.2700885562506E-16,0.));
#9792=DIRECTION('',(0.,-1.,0.));
#9793=DIRECTION('center_axis',(-0.707106781186548,0.707106781186548,0.));
#9794=DIRECTION('ref_axis',(0.,0.,1.));
#9795=DIRECTION('',(0.,0.,-1.));
#9796=DIRECTION('',(0.,0.,1.));
#9797=DIRECTION('center_axis',(0.,1.,0.));
#9798=DIRECTION('ref_axis',(-1.,0.,0.));
#9799=DIRECTION('',(0.,0.,1.));
#9800=DIRECTION('center_axis',(-1.,0.,0.));
#9801=DIRECTION('ref_axis',(0.,0.,1.));
#9802=DIRECTION('center_axis',(1.,-1.26161707343768E-16,0.));
#9803=DIRECTION('ref_axis',(1.26161707343768E-16,1.,0.));
#9804=DIRECTION('',(0.,0.,1.));
#9805=DIRECTION('center_axis',(4.2700885562506E-16,-1.,0.));
#9806=DIRECTION('ref_axis',(1.,4.2700885562506E-16,0.));
#9807=DIRECTION('',(0.,0.,1.));
#9808=DIRECTION('center_axis',(-1.,0.,0.));
#9809=DIRECTION('ref_axis',(0.,-1.,0.));
#9810=DIRECTION('center_axis',(-0.707106781186548,0.,0.707106781186548));
#9811=DIRECTION('ref_axis',(0.707106781186548,0.,0.707106781186548));
#9812=DIRECTION('',(0.,1.,0.));
#9813=DIRECTION('',(-0.577350269189626,-0.577350269189626,-0.577350269189626));
#9814=DIRECTION('',(0.,-1.,0.));
#9815=DIRECTION('',(0.577350269189626,-0.577350269189626,0.577350269189626));
#9816=DIRECTION('center_axis',(-0.707106781186548,-0.707106781186548,0.));
#9817=DIRECTION('ref_axis',(0.,0.,1.));
#9818=DIRECTION('',(0.,0.,1.));
#9819=DIRECTION('',(0.,0.,-1.));
#9820=DIRECTION('',(0.577350269189626,-0.577350269189626,-0.577350269189626));
#9821=DIRECTION('center_axis',(-0.707106781186548,0.,-0.707106781186548));
#9822=DIRECTION('ref_axis',(-0.707106781186548,0.,0.707106781186548));
#9823=DIRECTION('',(0.,1.,0.));
#9824=DIRECTION('',(0.577350269189626,0.577350269189626,-0.577350269189626));
#9825=DIRECTION('',(0.,-1.,0.));
#9826=DIRECTION('center_axis',(0.,0.,1.));
#9827=DIRECTION('ref_axis',(1.,0.,0.));
#9828=DIRECTION('',(-1.,0.,0.));
#9829=DIRECTION('',(0.,-1.,0.));
#9830=DIRECTION('',(1.,4.2700885562506E-16,0.));
#9831=DIRECTION('',(1.26161707343768E-16,1.,0.));
#9832=DIRECTION('',(-1.,0.,0.));
#9833=DIRECTION('center_axis',(0.,-1.,0.));
#9834=DIRECTION('ref_axis',(1.,0.,0.));
#9835=DIRECTION('',(-1.,0.,0.));
#9836=DIRECTION('',(0.,0.,1.));
#9837=DIRECTION('center_axis',(0.,0.,1.));
#9838=DIRECTION('ref_axis',(1.,0.,0.));
#9839=DIRECTION('',(1.,0.,0.));
#9840=DIRECTION('',(1.26161707343768E-16,1.,0.));
#9841=DIRECTION('',(1.,4.2700885562506E-16,0.));
#9842=DIRECTION('',(0.,-1.,0.));
#9843=DIRECTION('center_axis',(-0.707106781186548,0.707106781186548,0.));
#9844=DIRECTION('ref_axis',(0.,0.,1.));
#9845=DIRECTION('',(0.,0.,-1.));
#9846=DIRECTION('',(0.,0.,1.));
#9847=DIRECTION('center_axis',(0.,1.,0.));
#9848=DIRECTION('ref_axis',(-1.,0.,0.));
#9849=DIRECTION('',(0.,0.,1.));
#9850=DIRECTION('center_axis',(-1.,0.,0.));
#9851=DIRECTION('ref_axis',(0.,0.,1.));
#9852=DIRECTION('center_axis',(1.,-1.26161707343768E-16,0.));
#9853=DIRECTION('ref_axis',(1.26161707343768E-16,1.,0.));
#9854=DIRECTION('',(0.,0.,1.));
#9855=DIRECTION('center_axis',(4.2700885562506E-16,-1.,0.));
#9856=DIRECTION('ref_axis',(1.,4.2700885562506E-16,0.));
#9857=DIRECTION('',(0.,0.,1.));
#9858=DIRECTION('center_axis',(-1.,0.,0.));
#9859=DIRECTION('ref_axis',(0.,-1.,0.));
#9860=DIRECTION('center_axis',(0.,1.,0.));
#9861=DIRECTION('ref_axis',(-1.,0.,0.));
#9862=DIRECTION('center_axis',(0.,-1.,0.));
#9863=DIRECTION('ref_axis',(-1.,0.,0.));
#9864=DIRECTION('',(0.,1.,0.));
#9865=DIRECTION('center_axis',(0.,-1.,0.));
#9866=DIRECTION('ref_axis',(-1.,0.,0.));
#9867=DIRECTION('center_axis',(0.,1.,0.));
#9868=DIRECTION('ref_axis',(-1.,0.,0.));
#9869=DIRECTION('center_axis',(0.,-1.,0.));
#9870=DIRECTION('ref_axis',(-1.,0.,0.));
#9871=DIRECTION('',(0.,1.,0.));
#9872=DIRECTION('center_axis',(0.,-1.,0.));
#9873=DIRECTION('ref_axis',(-1.,0.,0.));
#9874=DIRECTION('center_axis',(0.,1.,0.));
#9875=DIRECTION('ref_axis',(-1.,0.,0.));
#9876=DIRECTION('center_axis',(0.,-1.,0.));
#9877=DIRECTION('ref_axis',(-1.,0.,0.));
#9878=DIRECTION('',(0.,1.,0.));
#9879=DIRECTION('center_axis',(0.,-1.,0.));
#9880=DIRECTION('ref_axis',(-1.,0.,0.));
#9881=DIRECTION('center_axis',(0.,1.,0.));
#9882=DIRECTION('ref_axis',(-1.,0.,0.));
#9883=DIRECTION('center_axis',(0.,-1.,0.));
#9884=DIRECTION('ref_axis',(-1.,0.,0.));
#9885=DIRECTION('',(0.,1.,0.));
#9886=DIRECTION('center_axis',(0.,-1.,0.));
#9887=DIRECTION('ref_axis',(-1.,0.,0.));
#9888=DIRECTION('center_axis',(0.,1.,0.));
#9889=DIRECTION('ref_axis',(-1.,0.,0.));
#9890=DIRECTION('center_axis',(0.,-1.,0.));
#9891=DIRECTION('ref_axis',(-1.,0.,0.));
#9892=DIRECTION('',(0.,1.,0.));
#9893=DIRECTION('center_axis',(0.,-1.,0.));
#9894=DIRECTION('ref_axis',(-1.,0.,0.));
#9895=DIRECTION('center_axis',(1.,0.,0.));
#9896=DIRECTION('ref_axis',(0.,0.,-1.));
#9897=DIRECTION('',(0.,0.,1.));
#9898=DIRECTION('',(0.,1.,0.));
#9899=DIRECTION('',(0.,0.,-1.));
#9900=DIRECTION('',(0.,1.,0.));
#9901=DIRECTION('center_axis',(0.,0.,1.));
#9902=DIRECTION('ref_axis',(1.,0.,0.));
#9903=DIRECTION('',(-1.,0.,0.));
#9904=DIRECTION('',(1.,0.,0.));
#9905=DIRECTION('',(0.,1.,0.));
#9906=DIRECTION('center_axis',(-1.,0.,0.));
#9907=DIRECTION('ref_axis',(0.,0.,1.));
#9908=DIRECTION('',(0.,0.,-1.));
#9909=DIRECTION('',(0.,0.,1.));
#9910=DIRECTION('',(0.,1.,0.));
#9911=DIRECTION('center_axis',(0.,0.,-1.));
#9912=DIRECTION('ref_axis',(-1.,0.,0.));
#9913=DIRECTION('',(1.,0.,0.));
#9914=DIRECTION('',(-1.,0.,0.));
#9915=DIRECTION('center_axis',(0.,1.,0.));
#9916=DIRECTION('ref_axis',(-1.,0.,0.));
#9917=DIRECTION('center_axis',(0.,1.,0.));
#9918=DIRECTION('ref_axis',(-1.,0.,0.));
#9919=DIRECTION('center_axis',(0.,-1.,0.));
#9920=DIRECTION('ref_axis',(1.,0.,0.));
#9921=DIRECTION('center_axis',(0.,-1.,0.));
#9922=DIRECTION('ref_axis',(1.,0.,0.));
#9923=DIRECTION('',(0.,-1.,0.));
#9924=DIRECTION('center_axis',(0.,1.,0.));
#9925=DIRECTION('ref_axis',(1.,0.,0.));
#9926=DIRECTION('center_axis',(0.,-1.,0.));
#9927=DIRECTION('ref_axis',(1.,0.,0.));
#9928=DIRECTION('center_axis',(0.,-1.,0.));
#9929=DIRECTION('ref_axis',(1.,0.,0.));
#9930=DIRECTION('',(0.,-1.,0.));
#9931=DIRECTION('center_axis',(0.,1.,0.));
#9932=DIRECTION('ref_axis',(1.,0.,0.));
#9933=DIRECTION('center_axis',(-0.788035410403332,0.,0.615629914762476));
#9934=DIRECTION('ref_axis',(0.615629914762476,0.,0.788035410403331));
#9935=DIRECTION('',(0.615629914762476,0.,0.788035410403331));
#9936=DIRECTION('',(0.,1.,0.));
#9937=DIRECTION('',(0.615629914762476,0.,0.788035410403331));
#9938=DIRECTION('',(0.,1.,0.));
#9939=DIRECTION('center_axis',(0.974036792938638,0.,0.226389765673742));
#9940=DIRECTION('ref_axis',(0.226389765673742,0.,-0.974036792938638));
#9941=DIRECTION('',(0.226389765673742,0.,-0.974036792938639));
#9942=DIRECTION('',(0.,1.,0.));
#9943=DIRECTION('',(0.226389765673742,0.,-0.974036792938638));
#9944=DIRECTION('center_axis',(0.788035410403332,0.,-0.615629914762475));
#9945=DIRECTION('ref_axis',(-0.615629914762475,0.,-0.788035410403332));
#9946=DIRECTION('',(-0.615629914762475,0.,-0.788035410403332));
#9947=DIRECTION('',(0.,1.,0.));
#9948=DIRECTION('',(-0.615629914762475,0.,-0.788035410403332));
#9949=DIRECTION('',(0.,1.,0.));
#9950=DIRECTION('',(0.,1.,0.));
#9951=DIRECTION('center_axis',(-0.969332400566705,0.,-0.245753325942068));
#9952=DIRECTION('ref_axis',(-0.245753325942068,0.,0.969332400566705));
#9953=DIRECTION('',(-0.245753325942068,0.,0.969332400566705));
#9954=DIRECTION('',(0.,1.,0.));
#9955=DIRECTION('',(-0.245753325942068,0.,0.969332400566705));
#9956=DIRECTION('center_axis',(0.973874858889832,0.,0.227085356688427));
#9957=DIRECTION('ref_axis',(0.227085356688427,0.,-0.973874858889832));
#9958=DIRECTION('',(0.227085356688427,0.,-0.973874858889832));
#9959=DIRECTION('',(0.,1.,0.));
#9960=DIRECTION('',(0.227085356688427,0.,-0.973874858889832));
#9961=DIRECTION('',(0.,1.,0.));
#9962=DIRECTION('center_axis',(0.788035410403332,0.,-0.615629914762475));
#9963=DIRECTION('ref_axis',(-0.615629914762475,0.,-0.788035410403332));
#9964=DIRECTION('',(-0.615629914762475,0.,-0.788035410403332));
#9965=DIRECTION('',(0.,1.,0.));
#9966=DIRECTION('',(-0.615629914762475,0.,-0.788035410403332));
#9967=DIRECTION('',(0.,1.,0.));
#9968=DIRECTION('',(0.,1.,0.));
#9969=DIRECTION('center_axis',(-0.973486254322903,0.,-0.228745519397353));
#9970=DIRECTION('ref_axis',(-0.228745519397353,0.,0.973486254322903));
#9971=DIRECTION('',(-0.228745519397353,0.,0.973486254322903));
#9972=DIRECTION('',(0.,1.,0.));
#9973=DIRECTION('',(-0.228745519397353,0.,0.973486254322903));
#9974=DIRECTION('center_axis',(0.78803541040333,0.,-0.615629914762478));
#9975=DIRECTION('ref_axis',(-0.615629914762478,0.,-0.78803541040333));
#9976=DIRECTION('',(-0.615629914762478,0.,-0.78803541040333));
#9977=DIRECTION('',(0.,1.,0.));
#9978=DIRECTION('',(-0.615629914762478,0.,-0.78803541040333));
#9979=DIRECTION('center_axis',(0.972879249116791,0.,0.231313567777483));
#9980=DIRECTION('ref_axis',(0.231313567777483,0.,-0.972879249116791));
#9981=DIRECTION('',(0.231313567777483,0.,-0.972879249116791));
#9982=DIRECTION('',(0.,1.,0.));
#9983=DIRECTION('',(0.231313567777483,0.,-0.972879249116791));
#9984=DIRECTION('',(0.,1.,0.));
#9985=DIRECTION('',(0.,1.,0.));
#9986=DIRECTION('center_axis',(0.972818478019269,0.,0.231569015250902));
#9987=DIRECTION('ref_axis',(0.231569015250902,0.,-0.972818478019269));
#9988=DIRECTION('',(0.231569015250902,0.,-0.972818478019269));
#9989=DIRECTION('',(0.,1.,0.));
#9990=DIRECTION('',(0.231569015250902,0.,-0.972818478019269));
#9991=DIRECTION('',(0.,1.,0.));
#9992=DIRECTION('',(0.,1.,0.));
#9993=DIRECTION('center_axis',(-0.788035410403332,0.,0.615629914762476));
#9994=DIRECTION('ref_axis',(0.615629914762476,0.,0.788035410403331));
#9995=DIRECTION('',(0.615629914762476,0.,0.788035410403331));
#9996=DIRECTION('',(0.,1.,0.));
#9997=DIRECTION('',(0.615629914762476,0.,0.788035410403331));
#9998=DIRECTION('center_axis',(-0.97262062312188,0.,-0.232398630542448));
#9999=DIRECTION('ref_axis',(-0.232398630542448,0.,0.97262062312188));
#10000=DIRECTION('',(-0.232398630542448,0.,0.97262062312188));
#10001=DIRECTION('',(0.,1.,0.));
#10002=DIRECTION('',(-0.232398630542448,0.,0.97262062312188));
#10003=DIRECTION('center_axis',(0.78803541040333,0.,-0.615629914762477));
#10004=DIRECTION('ref_axis',(-0.615629914762477,0.,-0.78803541040333));
#10005=DIRECTION('',(-0.615629914762477,0.,-0.78803541040333));
#10006=DIRECTION('',(-0.615629914762477,0.,-0.78803541040333));
#10007=DIRECTION('center_axis',(0.,-1.,0.));
#10008=DIRECTION('ref_axis',(1.,0.,0.));
#10009=DIRECTION('center_axis',(0.971145283230511,0.,0.238488655619364));
#10010=DIRECTION('ref_axis',(0.238488655619364,0.,-0.971145283230511));
#10011=DIRECTION('',(0.238488655619364,0.,-0.971145283230511));
#10012=DIRECTION('',(0.,1.,0.));
#10013=DIRECTION('',(0.238488655619364,0.,-0.971145283230511));
#10014=DIRECTION('',(0.,1.,0.));
#10015=DIRECTION('center_axis',(-0.594173351012825,0.,-0.804337012045442));
#10016=DIRECTION('ref_axis',(-0.804337012045442,0.,0.594173351012825));
#10017=DIRECTION('',(-0.804337012045442,0.,0.594173351012825));
#10018=DIRECTION('',(0.,1.,0.));
#10019=DIRECTION('',(-0.804337012045442,0.,0.594173351012825));
#10020=DIRECTION('center_axis',(0.788035410403332,0.,-0.615629914762474));
#10021=DIRECTION('ref_axis',(-0.615629914762474,0.,-0.788035410403333));
#10022=DIRECTION('',(-0.615629914762474,0.,-0.788035410403332));
#10023=DIRECTION('',(0.,1.,0.));
#10024=DIRECTION('',(-0.615629914762474,0.,-0.788035410403332));
#10025=DIRECTION('center_axis',(0.997818968795605,0.,-0.0660098894990334));
#10026=DIRECTION('ref_axis',(-0.0660098894990334,0.,-0.997818968795605));
#10027=DIRECTION('',(-0.0660098894990334,0.,-0.997818968795605));
#10028=DIRECTION('',(0.,1.,0.));
#10029=DIRECTION('',(-0.0660098894990334,0.,-0.997818968795605));
#10030=DIRECTION('center_axis',(-0.971946267790984,0.,-0.235203002802209));
#10031=DIRECTION('ref_axis',(-0.235203002802209,0.,0.971946267790984));
#10032=DIRECTION('',(-0.235203002802209,0.,0.971946267790984));
#10033=DIRECTION('',(0.,1.,0.));
#10034=DIRECTION('',(-0.235203002802209,0.,0.971946267790984));
#10035=DIRECTION('center_axis',(0.788035410403332,0.,-0.615629914762475));
#10036=DIRECTION('ref_axis',(-0.615629914762475,0.,-0.788035410403332));
#10037=DIRECTION('',(-0.615629914762475,0.,-0.788035410403332));
#10038=DIRECTION('',(0.,1.,0.));
#10039=DIRECTION('',(-0.615629914762474,0.,-0.788035410403332));
#10040=DIRECTION('center_axis',(0.972620589246016,0.,0.232398772317609));
#10041=DIRECTION('ref_axis',(0.232398772317609,0.,-0.972620589246016));
#10042=DIRECTION('',(0.232398772317609,0.,-0.972620589246016));
#10043=DIRECTION('',(0.,1.,0.));
#10044=DIRECTION('',(0.232398772317609,0.,-0.972620589246016));
#10045=DIRECTION('center_axis',(-0.788035410403332,0.,0.615629914762475));
#10046=DIRECTION('ref_axis',(0.615629914762475,0.,0.788035410403332));
#10047=DIRECTION('',(0.615629914762475,0.,0.788035410403332));
#10048=DIRECTION('',(0.,1.,0.));
#10049=DIRECTION('',(0.615629914762475,0.,0.788035410403332));
#10050=DIRECTION('center_axis',(-0.998683295446224,0.,0.0512998576671508));
#10051=DIRECTION('ref_axis',(0.0512998576671508,0.,0.998683295446224));
#10052=DIRECTION('',(0.0512998576671508,0.,0.998683295446224));
#10053=DIRECTION('',(0.,1.,0.));
#10054=DIRECTION('',(0.0512998576671508,0.,0.998683295446224));
#10055=DIRECTION('center_axis',(0.56304011970523,0.,0.826429563606191));
#10056=DIRECTION('ref_axis',(0.826429563606191,0.,-0.56304011970523));
#10057=DIRECTION('',(0.826429563606191,0.,-0.56304011970523));
#10058=DIRECTION('',(0.,1.,0.));
#10059=DIRECTION('',(0.826429563606191,0.,-0.56304011970523));
#10060=DIRECTION('center_axis',(-0.78803541040333,0.,0.615629914762477));
#10061=DIRECTION('ref_axis',(0.615629914762477,0.,0.78803541040333));
#10062=DIRECTION('',(0.615629914762477,0.,0.78803541040333));
#10063=DIRECTION('',(0.,1.,0.));
#10064=DIRECTION('',(0.615629914762477,0.,0.78803541040333));
#10065=DIRECTION('center_axis',(-0.972620627356361,0.,-0.232398612820555));
#10066=DIRECTION('ref_axis',(-0.232398612820555,0.,0.972620627356361));
#10067=DIRECTION('',(-0.232398612820555,0.,0.972620627356361));
#10068=DIRECTION('',(0.,1.,0.));
#10069=DIRECTION('',(-0.232398612820555,0.,0.972620627356361));
#10070=DIRECTION('center_axis',(0.78803541040333,0.,-0.615629914762477));
#10071=DIRECTION('ref_axis',(-0.615629914762477,0.,-0.78803541040333));
#10072=DIRECTION('',(-0.615629914762477,0.,-0.78803541040333));
#10073=DIRECTION('',(-0.615629914762477,0.,-0.78803541040333));
#10074=DIRECTION('center_axis',(0.,1.,0.));
#10075=DIRECTION('ref_axis',(0.,0.,1.));
#10076=DIRECTION('center_axis',(0.,-1.,0.));
#10077=DIRECTION('ref_axis',(0.,0.,-1.));
#10078=DIRECTION('',(0.615629914762476,0.,0.788035410403331));
#10079=DIRECTION('',(-1.,0.,0.));
#10080=DIRECTION('',(-0.615629914762477,0.,-0.78803541040333));
#10081=DIRECTION('',(1.,0.,0.));
#10082=DIRECTION('',(-0.233238887743781,0.,0.97241946774221));
#10083=DIRECTION('',(-0.854705345584667,0.,0.519113448322229));
#10084=DIRECTION('',(0.615629914762475,0.,0.788035410403332));
#10085=DIRECTION('',(0.849135903041472,0.,-0.52817442021168));
#10086=DIRECTION('',(0.120365209456865,0.,0.992729679395355));
#10087=DIRECTION('',(0.615629914762475,0.,0.788035410403332));
#10088=DIRECTION('',(-0.126597308461808,0.,-0.991954193241919));
#10089=DIRECTION('',(0.245705127890764,0.,-0.969344618867915));
#10090=DIRECTION('',(-0.615629914762478,0.,-0.78803541040333));
#10091=DIRECTION('',(0.0395892965264776,0.,-0.999216036500885));
#10092=DIRECTION('',(-0.615629914762478,0.,-0.78803541040333));
#10093=DIRECTION('',(-0.0304271908882641,0.,0.999536985836267));
#10094=DIRECTION('',(0.615629914762475,0.,0.788035410403332));
#10095=DIRECTION('',(0.515298339664783,0.,-0.857010864072748));
#10096=DIRECTION('',(-0.615629914762476,0.,-0.788035410403331));
#10097=DIRECTION('',(-0.511320825225235,0.,0.859389907836359));
#10098=DIRECTION('',(-0.615629914762472,0.,-0.788035410403334));
#10099=DIRECTION('center_axis',(0.61566147532566,0.,0.788010753606721));
#10100=DIRECTION('ref_axis',(0.788010753606721,0.,-0.61566147532566));
#10101=DIRECTION('',(-0.788010753606721,0.,0.61566147532566));
#10102=DIRECTION('',(0.,1.,0.));
#10103=DIRECTION('',(0.788010753606721,0.,-0.61566147532566));
#10104=DIRECTION('',(0.,1.,0.));
#10105=DIRECTION('center_axis',(-0.788010753606721,0.,0.61566147532566));
#10106=DIRECTION('ref_axis',(0.61566147532566,0.,0.788010753606721));
#10107=DIRECTION('',(-0.61566147532566,0.,-0.788010753606721));
#10108=DIRECTION('',(0.61566147532566,0.,0.788010753606721));
#10109=DIRECTION('',(0.,1.,0.));
#10110=DIRECTION('center_axis',(-0.61566147532566,0.,-0.788010753606721));
#10111=DIRECTION('ref_axis',(-0.788010753606721,0.,0.61566147532566));
#10112=DIRECTION('',(0.788010753606721,0.,-0.61566147532566));
#10113=DIRECTION('',(-0.788010753606721,0.,0.61566147532566));
#10114=DIRECTION('',(0.,1.,0.));
#10115=DIRECTION('center_axis',(0.788010753606721,0.,-0.61566147532566));
#10116=DIRECTION('ref_axis',(-0.61566147532566,0.,-0.788010753606721));
#10117=DIRECTION('',(0.61566147532566,0.,0.788010753606721));
#10118=DIRECTION('',(-0.61566147532566,0.,-0.788010753606721));
#10119=DIRECTION('center_axis',(0.,-1.,0.));
#10120=DIRECTION('ref_axis',(0.788010753606723,0.,-0.615661475325657));
#10121=DIRECTION('center_axis',(0.,-1.,0.));
#10122=DIRECTION('ref_axis',(0.788010753606723,0.,-0.615661475325657));
#10123=DIRECTION('',(0.,-1.,0.));
#10124=DIRECTION('center_axis',(0.,-1.,0.));
#10125=DIRECTION('ref_axis',(0.788010753606723,0.,-0.615661475325657));
#10126=DIRECTION('center_axis',(0.,1.,0.));
#10127=DIRECTION('ref_axis',(0.,0.,1.));
#10128=DIRECTION('center_axis',(0.,-1.,0.));
#10129=DIRECTION('ref_axis',(0.788010753606722,0.,-0.615661475325658));
#10130=DIRECTION('center_axis',(0.,-1.,0.));
#10131=DIRECTION('ref_axis',(0.788010753606722,0.,-0.615661475325658));
#10132=DIRECTION('',(0.,-1.,0.));
#10133=DIRECTION('center_axis',(0.,-1.,0.));
#10134=DIRECTION('ref_axis',(0.788010753606722,0.,-0.615661475325658));
#10135=DIRECTION('center_axis',(0.,1.,0.));
#10136=DIRECTION('ref_axis',(0.,0.,1.));
#10137=DIRECTION('center_axis',(0.,0.,-1.));
#10138=DIRECTION('ref_axis',(-1.,0.,0.));
#10139=DIRECTION('',(1.,0.,0.));
#10140=DIRECTION('',(0.,1.,0.));
#10141=DIRECTION('',(-1.,0.,0.));
#10142=DIRECTION('',(0.,1.,0.));
#10143=DIRECTION('center_axis',(0.,1.,0.));
#10144=DIRECTION('ref_axis',(0.,0.,-1.));
#10145=DIRECTION('center_axis',(0.,-1.,0.));
#10146=DIRECTION('ref_axis',(0.,0.,-1.));
#10147=DIRECTION('center_axis',(0.,1.,0.));
#10148=DIRECTION('ref_axis',(0.,0.,-1.));
#10149=DIRECTION('',(0.,1.,0.));
#10150=DIRECTION('center_axis',(0.,0.,1.));
#10151=DIRECTION('ref_axis',(1.,0.,0.));
#10152=DIRECTION('',(-1.,0.,0.));
#10153=DIRECTION('',(1.,0.,0.));
#10154=DIRECTION('',(0.,1.,0.));
#10155=DIRECTION('center_axis',(0.,1.,0.));
#10156=DIRECTION('ref_axis',(0.,0.,1.));
#10157=DIRECTION('center_axis',(0.,-1.,0.));
#10158=DIRECTION('ref_axis',(0.,0.,1.));
#10159=DIRECTION('center_axis',(0.,1.,0.));
#10160=DIRECTION('ref_axis',(0.,0.,1.));
#10161=DIRECTION('center_axis',(-0.615661475325656,0.,-0.788010753606724));
#10162=DIRECTION('ref_axis',(-0.788010753606724,0.,0.615661475325656));
#10163=DIRECTION('',(0.788010753606724,0.,-0.615661475325656));
#10164=DIRECTION('',(0.,1.,0.));
#10165=DIRECTION('',(-0.788010753606724,0.,0.615661475325656));
#10166=DIRECTION('',(0.,1.,0.));
#10167=DIRECTION('center_axis',(0.788010753606724,0.,-0.615661475325656));
#10168=DIRECTION('ref_axis',(-0.615661475325656,0.,-0.788010753606724));
#10169=DIRECTION('',(0.615661475325656,0.,0.788010753606724));
#10170=DIRECTION('',(-0.615661475325656,0.,-0.788010753606724));
#10171=DIRECTION('',(0.,1.,0.));
#10172=DIRECTION('center_axis',(0.615661475325655,0.,0.788010753606724));
#10173=DIRECTION('ref_axis',(0.788010753606724,0.,-0.615661475325655));
#10174=DIRECTION('',(-0.788010753606724,0.,0.615661475325655));
#10175=DIRECTION('',(0.788010753606724,0.,-0.615661475325655));
#10176=DIRECTION('',(0.,1.,0.));
#10177=DIRECTION('center_axis',(-0.788010753606724,0.,0.615661475325655));
#10178=DIRECTION('ref_axis',(0.615661475325655,0.,0.788010753606724));
#10179=DIRECTION('',(-0.615661475325655,0.,-0.788010753606724));
#10180=DIRECTION('',(0.615661475325655,0.,0.788010753606724));
#10181=DIRECTION('center_axis',(-0.61566147532566,0.,-0.788010753606721));
#10182=DIRECTION('ref_axis',(-0.788010753606721,0.,0.61566147532566));
#10183=DIRECTION('',(0.788010753606721,0.,-0.61566147532566));
#10184=DIRECTION('',(0.,1.,0.));
#10185=DIRECTION('',(-0.788010753606721,0.,0.61566147532566));
#10186=DIRECTION('',(0.,1.,0.));
#10187=DIRECTION('center_axis',(0.788010753606721,0.,-0.61566147532566));
#10188=DIRECTION('ref_axis',(-0.61566147532566,0.,-0.788010753606721));
#10189=DIRECTION('',(0.61566147532566,0.,0.788010753606721));
#10190=DIRECTION('',(-0.61566147532566,0.,-0.788010753606721));
#10191=DIRECTION('',(0.,1.,0.));
#10192=DIRECTION('center_axis',(0.61566147532566,0.,0.788010753606721));
#10193=DIRECTION('ref_axis',(0.788010753606721,0.,-0.61566147532566));
#10194=DIRECTION('',(-0.788010753606721,0.,0.61566147532566));
#10195=DIRECTION('',(0.788010753606721,0.,-0.61566147532566));
#10196=DIRECTION('',(0.,1.,0.));
#10197=DIRECTION('center_axis',(-0.788010753606721,0.,0.61566147532566));
#10198=DIRECTION('ref_axis',(0.61566147532566,0.,0.788010753606721));
#10199=DIRECTION('',(-0.61566147532566,0.,-0.788010753606721));
#10200=DIRECTION('',(0.61566147532566,0.,0.788010753606721));
#10201=DIRECTION('center_axis',(0.897260291552451,0.,0.441501946998211));
#10202=DIRECTION('ref_axis',(0.441501946998211,0.,-0.897260291552451));
#10203=DIRECTION('',(0.,-1.,0.));
#10204=DIRECTION('',(0.441501946998211,0.,-0.897260291552451));
#10205=DIRECTION('',(0.,1.,0.));
#10206=DIRECTION('',(0.441501946998211,0.,-0.897260291552451));
#10207=DIRECTION('center_axis',(0.,1.,0.));
#10208=DIRECTION('ref_axis',(0.,0.,1.));
#10209=DIRECTION('',(1.,0.,0.));
#10210=DIRECTION('',(0.615629914762476,0.,0.788035410403331));
#10211=DIRECTION('',(-1.,0.,0.));
#10212=DIRECTION('',(-0.615629914762476,0.,-0.788035410403331));
#10213=DIRECTION('center_axis',(-0.788035410403331,0.,0.615629914762476));
#10214=DIRECTION('ref_axis',(0.615629914762476,0.,0.788035410403331));
#10215=DIRECTION('',(0.,1.,0.));
#10216=DIRECTION('',(0.,-1.,0.));
#10217=DIRECTION('center_axis',(0.788035410403331,0.,-0.615629914762476));
#10218=DIRECTION('ref_axis',(-0.615629914762476,0.,-0.788035410403331));
#10219=DIRECTION('',(0.,1.,0.));
#10220=DIRECTION('',(-0.615629914762476,0.,-0.788035410403331));
#10221=DIRECTION('center_axis',(-0.788035410403331,0.,0.615629914762476));
#10222=DIRECTION('ref_axis',(0.615629914762476,0.,0.788035410403331));
#10223=DIRECTION('',(0.,-1.,0.));
#10224=DIRECTION('',(0.615629914762476,0.,0.788035410403331));
#10225=DIRECTION('',(0.,1.,0.));
#10226=DIRECTION('',(0.615629914762476,0.,0.788035410403331));
#10227=DIRECTION('center_axis',(0.78803541040333,0.,-0.615629914762477));
#10228=DIRECTION('ref_axis',(-0.615629914762477,0.,-0.78803541040333));
#10229=DIRECTION('',(0.,1.,0.));
#10230=DIRECTION('',(0.,-1.,0.));
#10231=DIRECTION('',(-0.615629914762477,0.,-0.78803541040333));
#10232=DIRECTION('center_axis',(0.,1.,0.));
#10233=DIRECTION('ref_axis',(0.,0.,1.));
#10234=DIRECTION('',(-1.,0.,0.));
#10235=DIRECTION('',(1.,0.,0.));
#10236=DIRECTION('center_axis',(0.,-1.,0.));
#10237=DIRECTION('ref_axis',(0.,0.,-1.));
#10238=DIRECTION('',(-1.,0.,0.));
#10239=DIRECTION('center_axis',(0.,-1.,0.));
#10240=DIRECTION('ref_axis',(-1.,0.,-1.42108547152022E-14));
#10241=DIRECTION('',(-5.07530525542929E-16,0.,-1.));
#10242=DIRECTION('center_axis',(0.,-1.,0.));
#10243=DIRECTION('ref_axis',(-3.5527136788005E-15,0.,-1.));
#10244=DIRECTION('',(1.,0.,0.));
#10245=DIRECTION('center_axis',(0.,1.,0.));
#10246=DIRECTION('ref_axis',(1.,0.,0.));
#10247=DIRECTION('center_axis',(0.,1.,0.));
#10248=DIRECTION('ref_axis',(1.,0.,0.));
#10249=DIRECTION('center_axis',(0.,1.,0.));
#10250=DIRECTION('ref_axis',(1.,0.,0.));
#10251=DIRECTION('center_axis',(0.,1.,0.));
#10252=DIRECTION('ref_axis',(1.,0.,0.));
#10253=DIRECTION('center_axis',(0.,1.,0.));
#10254=DIRECTION('ref_axis',(1.,0.,0.));
#10255=DIRECTION('center_axis',(0.,1.,0.));
#10256=DIRECTION('ref_axis',(1.,0.,0.));
#10257=DIRECTION('center_axis',(0.,-1.,0.));
#10258=DIRECTION('ref_axis',(0.,0.,-1.));
#10259=DIRECTION('',(1.,0.,0.));
#10260=DIRECTION('center_axis',(0.,-1.,0.));
#10261=DIRECTION('ref_axis',(1.,0.,0.));
#10262=DIRECTION('',(-5.07530525542929E-16,0.,1.));
#10263=DIRECTION('center_axis',(0.,-1.,0.));
#10264=DIRECTION('ref_axis',(-7.1054273576011E-15,0.,1.));
#10265=DIRECTION('',(-1.,0.,0.));
#10266=DIRECTION('center_axis',(0.,-1.,0.));
#10267=DIRECTION('ref_axis',(-1.,0.,0.));
#10268=DIRECTION('center_axis',(0.,-1.,0.));
#10269=DIRECTION('ref_axis',(-1.,0.,0.));
#10270=DIRECTION('center_axis',(0.,-1.,0.));
#10271=DIRECTION('ref_axis',(-1.,0.,0.));
#10272=DIRECTION('center_axis',(0.,1.,0.));
#10273=DIRECTION('ref_axis',(1.,0.,0.));
#10274=DIRECTION('center_axis',(0.,1.,0.));
#10275=DIRECTION('ref_axis',(1.,0.,0.));
#10276=DIRECTION('center_axis',(0.,1.,0.));
#10277=DIRECTION('ref_axis',(1.,0.,0.));
#10278=DIRECTION('center_axis',(0.,0.,1.));
#10279=DIRECTION('ref_axis',(-1.,0.,0.));
#10280=DIRECTION('',(0.,-1.,0.));
#10281=DIRECTION('',(1.,0.,0.));
#10282=DIRECTION('',(0.,-1.,0.));
#10283=DIRECTION('center_axis',(-0.97241946774221,0.,-0.233238887743781));
#10284=DIRECTION('ref_axis',(-0.233238887743781,0.,0.97241946774221));
#10285=DIRECTION('',(0.,1.,0.));
#10286=DIRECTION('',(-0.233238887743781,0.,0.97241946774221));
#10287=DIRECTION('',(0.,1.,0.));
#10288=DIRECTION('center_axis',(0.78803541040333,0.,-0.615629914762478));
#10289=DIRECTION('ref_axis',(-0.615629914762478,0.,-0.78803541040333));
#10290=DIRECTION('',(0.,1.,0.));
#10291=DIRECTION('',(-0.615629914762478,0.,-0.78803541040333));
#10292=DIRECTION('center_axis',(0.969344618867915,0.,0.245705127890764));
#10293=DIRECTION('ref_axis',(0.245705127890764,0.,-0.969344618867915));
#10294=DIRECTION('',(0.,1.,0.));
#10295=DIRECTION('',(0.245705127890764,0.,-0.969344618867915));
#10296=DIRECTION('center_axis',(0.991954193241919,0.,-0.126597308461808));
#10297=DIRECTION('ref_axis',(-0.126597308461808,0.,-0.991954193241919));
#10298=DIRECTION('',(0.,1.,0.));
#10299=DIRECTION('',(-0.126597308461808,0.,-0.991954193241919));
#10300=DIRECTION('center_axis',(-0.788035410403332,0.,0.615629914762475));
#10301=DIRECTION('ref_axis',(0.615629914762475,0.,0.788035410403332));
#10302=DIRECTION('',(0.,1.,0.));
#10303=DIRECTION('',(0.615629914762475,0.,0.788035410403332));
#10304=DIRECTION('center_axis',(-0.992729679395355,0.,0.120365209456865));
#10305=DIRECTION('ref_axis',(0.120365209456865,0.,0.992729679395355));
#10306=DIRECTION('',(0.,1.,0.));
#10307=DIRECTION('',(0.120365209456865,0.,0.992729679395355));
#10308=DIRECTION('center_axis',(0.52817442021168,0.,0.849135903041472));
#10309=DIRECTION('ref_axis',(0.849135903041472,0.,-0.52817442021168));
#10310=DIRECTION('',(0.,1.,0.));
#10311=DIRECTION('',(0.849135903041472,0.,-0.52817442021168));
#10312=DIRECTION('center_axis',(-0.788035410403332,0.,0.615629914762475));
#10313=DIRECTION('ref_axis',(0.615629914762475,0.,0.788035410403332));
#10314=DIRECTION('',(0.,1.,0.));
#10315=DIRECTION('',(0.615629914762475,0.,0.788035410403332));
#10316=DIRECTION('center_axis',(-0.519113448322229,0.,-0.854705345584667));
#10317=DIRECTION('ref_axis',(-0.854705345584667,0.,0.519113448322229));
#10318=DIRECTION('',(-0.854705345584667,0.,0.519113448322229));
#10319=DIRECTION('center_axis',(0.,1.,0.));
#10320=DIRECTION('ref_axis',(0.,0.,1.));
#10321=DIRECTION('center_axis',(-0.788035410403338,0.,0.615629914762467));
#10322=DIRECTION('ref_axis',(0.615629914762467,0.,0.788035410403338));
#10323=DIRECTION('',(0.615629914762467,0.,0.788035410403338));
#10324=DIRECTION('',(0.,1.,0.));
#10325=DIRECTION('',(0.615629914762467,0.,0.788035410403338));
#10326=DIRECTION('',(0.,1.,0.));
#10327=DIRECTION('center_axis',(0.998747783925167,0.,0.0500286328472817));
#10328=DIRECTION('ref_axis',(0.0500286328472817,0.,-0.998747783925167));
#10329=DIRECTION('',(0.0500286328472817,0.,-0.998747783925167));
#10330=DIRECTION('',(0.,1.,0.));
#10331=DIRECTION('',(0.0500286328472817,0.,-0.998747783925167));
#10332=DIRECTION('center_axis',(-0.853870922051494,0.,-0.52048482059992));
#10333=DIRECTION('ref_axis',(-0.52048482059992,0.,0.853870922051494));
#10334=DIRECTION('',(-0.52048482059992,0.,0.853870922051494));
#10335=DIRECTION('',(-0.52048482059992,0.,0.853870922051494));
#10336=DIRECTION('center_axis',(0.999216036500885,0.,0.0395892965264776));
#10337=DIRECTION('ref_axis',(0.0395892965264776,0.,-0.999216036500885));
#10338=DIRECTION('',(0.,1.,0.));
#10339=DIRECTION('',(0.0395892965264776,0.,-0.999216036500885));
#10340=DIRECTION('',(0.,1.,0.));
#10341=DIRECTION('center_axis',(0.788035410403334,0.,-0.615629914762472));
#10342=DIRECTION('ref_axis',(-0.615629914762472,0.,-0.788035410403334));
#10343=DIRECTION('',(0.,1.,0.));
#10344=DIRECTION('',(-0.615629914762472,0.,-0.788035410403334));
#10345=DIRECTION('center_axis',(-0.859389907836359,0.,-0.511320825225235));
#10346=DIRECTION('ref_axis',(-0.511320825225235,0.,0.859389907836359));
#10347=DIRECTION('',(0.,1.,0.));
#10348=DIRECTION('',(-0.511320825225235,0.,0.859389907836359));
#10349=DIRECTION('center_axis',(0.788035410403331,0.,-0.615629914762476));
#10350=DIRECTION('ref_axis',(-0.615629914762476,0.,-0.788035410403331));
#10351=DIRECTION('',(0.,1.,0.));
#10352=DIRECTION('',(-0.615629914762476,0.,-0.788035410403331));
#10353=DIRECTION('center_axis',(0.857010864072748,0.,0.515298339664783));
#10354=DIRECTION('ref_axis',(0.515298339664783,0.,-0.857010864072748));
#10355=DIRECTION('',(0.,1.,0.));
#10356=DIRECTION('',(0.515298339664783,0.,-0.857010864072748));
#10357=DIRECTION('center_axis',(-0.788035410403332,0.,0.615629914762475));
#10358=DIRECTION('ref_axis',(0.615629914762475,0.,0.788035410403332));
#10359=DIRECTION('',(0.,1.,0.));
#10360=DIRECTION('',(0.615629914762475,0.,0.788035410403332));
#10361=DIRECTION('center_axis',(-0.999536985836267,0.,-0.0304271908882641));
#10362=DIRECTION('ref_axis',(-0.0304271908882641,0.,0.999536985836267));
#10363=DIRECTION('',(0.,1.,0.));
#10364=DIRECTION('',(-0.0304271908882641,0.,0.999536985836267));
#10365=DIRECTION('center_axis',(0.78803541040333,0.,-0.615629914762478));
#10366=DIRECTION('ref_axis',(-0.615629914762478,0.,-0.78803541040333));
#10367=DIRECTION('',(-0.615629914762478,0.,-0.78803541040333));
#10368=DIRECTION('center_axis',(0.,1.,0.));
#10369=DIRECTION('ref_axis',(0.,0.,1.));
#10370=DIRECTION('center_axis',(0.,-1.,0.));
#10371=DIRECTION('ref_axis',(0.,0.,-1.));
#10372=DIRECTION('center_axis',(0.,-1.,0.));
#10373=DIRECTION('ref_axis',(0.,0.,-1.));
#10374=DIRECTION('center_axis',(0.,-1.,0.));
#10375=DIRECTION('ref_axis',(1.,0.,0.));
#10376=DIRECTION('center_axis',(0.,-1.,0.));
#10377=DIRECTION('ref_axis',(1.,0.,0.));
#10378=DIRECTION('',(0.,-1.,0.));
#10379=DIRECTION('center_axis',(0.,-1.,0.));
#10380=DIRECTION('ref_axis',(1.,0.,0.));
#10381=DIRECTION('center_axis',(0.,-1.,0.));
#10382=DIRECTION('ref_axis',(1.,0.,0.));
#10383=DIRECTION('',(0.,-1.,0.));
#10384=DIRECTION('center_axis',(0.,-1.,0.));
#10385=DIRECTION('ref_axis',(1.,0.,0.));
#10386=DIRECTION('center_axis',(0.,-1.,0.));
#10387=DIRECTION('ref_axis',(1.,0.,0.));
#10388=DIRECTION('',(0.,-1.,0.));
#10389=DIRECTION('center_axis',(0.,-1.,0.));
#10390=DIRECTION('ref_axis',(1.,0.,0.));
#10391=DIRECTION('center_axis',(0.,-1.,0.));
#10392=DIRECTION('ref_axis',(1.,0.,0.));
#10393=DIRECTION('',(0.,-1.,0.));
#10394=DIRECTION('center_axis',(0.,-1.,0.));
#10395=DIRECTION('ref_axis',(1.,0.,0.));
#10396=DIRECTION('center_axis',(0.,-1.,0.));
#10397=DIRECTION('ref_axis',(1.,0.,0.));
#10398=DIRECTION('',(0.,-1.,0.));
#10399=DIRECTION('center_axis',(0.,-1.,0.));
#10400=DIRECTION('ref_axis',(1.,0.,0.));
#10401=DIRECTION('center_axis',(0.,-1.,0.));
#10402=DIRECTION('ref_axis',(1.,0.,0.));
#10403=DIRECTION('',(0.,-1.,0.));
#10404=DIRECTION('center_axis',(0.,-1.,0.));
#10405=DIRECTION('ref_axis',(1.,0.,0.));
#10406=DIRECTION('center_axis',(0.,-1.,0.));
#10407=DIRECTION('ref_axis',(1.,0.,0.));
#10408=DIRECTION('',(0.,-1.,0.));
#10409=DIRECTION('center_axis',(0.,-1.,0.));
#10410=DIRECTION('ref_axis',(1.,0.,0.));
#10411=DIRECTION('center_axis',(0.,-1.,0.));
#10412=DIRECTION('ref_axis',(1.,0.,0.));
#10413=DIRECTION('',(0.,-1.,0.));
#10414=DIRECTION('center_axis',(0.,-1.,0.));
#10415=DIRECTION('ref_axis',(1.,0.,0.));
#10416=DIRECTION('center_axis',(0.,-1.,0.));
#10417=DIRECTION('ref_axis',(1.,0.,0.));
#10418=DIRECTION('',(0.,-1.,0.));
#10419=DIRECTION('center_axis',(0.,-1.,0.));
#10420=DIRECTION('ref_axis',(-7.1054273576011E-15,0.,1.));
#10421=DIRECTION('center_axis',(0.,1.,0.));
#10422=DIRECTION('ref_axis',(-7.1054273576011E-15,0.,1.));
#10423=DIRECTION('',(0.,-1.,0.));
#10424=DIRECTION('center_axis',(1.,0.,5.07530525542929E-16));
#10425=DIRECTION('ref_axis',(-5.07530525542929E-16,0.,1.));
#10426=DIRECTION('',(5.07530525542929E-16,0.,-1.));
#10427=DIRECTION('',(0.,-1.,0.));
#10428=DIRECTION('center_axis',(0.,-1.,0.));
#10429=DIRECTION('ref_axis',(1.,0.,0.));
#10430=DIRECTION('center_axis',(0.,1.,0.));
#10431=DIRECTION('ref_axis',(1.,0.,0.));
#10432=DIRECTION('',(0.,-1.,0.));
#10433=DIRECTION('center_axis',(0.,0.,-1.));
#10434=DIRECTION('ref_axis',(1.,0.,0.));
#10435=DIRECTION('',(0.,-1.,0.));
#10436=DIRECTION('',(-1.,0.,0.));
#10437=DIRECTION('center_axis',(0.,-1.,0.));
#10438=DIRECTION('ref_axis',(-3.5527136788005E-15,0.,-1.));
#10439=DIRECTION('center_axis',(0.,1.,0.));
#10440=DIRECTION('ref_axis',(-3.5527136788005E-15,0.,-1.));
#10441=DIRECTION('',(0.,-1.,0.));
#10442=DIRECTION('center_axis',(-1.,0.,5.07530525542929E-16));
#10443=DIRECTION('ref_axis',(-5.07530525542929E-16,0.,-1.));
#10444=DIRECTION('',(5.07530525542929E-16,0.,1.));
#10445=DIRECTION('',(0.,-1.,0.));
#10446=DIRECTION('center_axis',(0.,-1.,0.));
#10447=DIRECTION('ref_axis',(-1.,0.,-1.42108547152022E-14));
#10448=DIRECTION('center_axis',(0.,1.,0.));
#10449=DIRECTION('ref_axis',(-1.,0.,-1.42108547152022E-14));
#10450=DIRECTION('center_axis',(0.,-1.,0.));
#10451=DIRECTION('ref_axis',(0.,0.,-1.));
#10452=DIRECTION('center_axis',(0.,1.,0.));
#10453=DIRECTION('ref_axis',(-1.,0.,0.));
#10454=DIRECTION('center_axis',(0.,1.,0.));
#10455=DIRECTION('ref_axis',(-1.,0.,0.));
#10456=DIRECTION('center_axis',(0.,1.,0.));
#10457=DIRECTION('ref_axis',(-1.,0.,0.));
#10458=DIRECTION('center_axis',(0.,1.,0.));
#10459=DIRECTION('ref_axis',(-1.,0.,0.));
#10460=DIRECTION('',(0.,-1.,0.));
#10461=DIRECTION('center_axis',(0.,1.,0.));
#10462=DIRECTION('ref_axis',(-1.,0.,0.));
#10463=DIRECTION('',(0.,-1.,0.));
#10464=DIRECTION('center_axis',(0.,1.,0.));
#10465=DIRECTION('ref_axis',(-1.,0.,0.));
#10466=DIRECTION('',(0.,-1.,0.));
#10467=DIRECTION('center_axis',(0.,1.,0.));
#10468=DIRECTION('ref_axis',(1.,0.,0.));
#10469=DIRECTION('center_axis',(0.,-1.,0.));
#10470=DIRECTION('ref_axis',(1.,0.,0.));
#10471=DIRECTION('',(0.,-1.,0.));
#10472=DIRECTION('center_axis',(0.,-1.,0.));
#10473=DIRECTION('ref_axis',(1.,0.,0.));
#10474=DIRECTION('center_axis',(1.,0.,0.));
#10475=DIRECTION('ref_axis',(0.,0.,1.));
#10476=DIRECTION('',(0.,0.,1.));
#10477=DIRECTION('',(0.,-1.,0.));
#10478=DIRECTION('',(0.,0.,-1.));
#10479=DIRECTION('',(0.,-1.,0.));
#10480=DIRECTION('center_axis',(0.,1.,0.));
#10481=DIRECTION('ref_axis',(0.00154408079599976,0.,0.999998807906537));
#10482=DIRECTION('center_axis',(0.,1.,0.));
#10483=DIRECTION('ref_axis',(0.00154408079599976,0.,0.999998807906537));
#10484=DIRECTION('',(0.,-1.,0.));
#10485=DIRECTION('center_axis',(0.,-1.,0.));
#10486=DIRECTION('ref_axis',(0.00154408079599976,0.,0.999998807906537));
#10487=DIRECTION('center_axis',(0.,0.,-1.));
#10488=DIRECTION('ref_axis',(1.,0.,0.));
#10489=DIRECTION('',(1.,0.,0.));
#10490=DIRECTION('',(0.,-1.,0.));
#10491=DIRECTION('',(-1.,0.,0.));
#10492=DIRECTION('center_axis',(0.,1.,0.));
#10493=DIRECTION('ref_axis',(1.,0.,-2.36847578586705E-14));
#10494=DIRECTION('center_axis',(0.,1.,0.));
#10495=DIRECTION('ref_axis',(1.,0.,-2.36847578586705E-14));
#10496=DIRECTION('',(0.,-1.,0.));
#10497=DIRECTION('center_axis',(0.,-1.,0.));
#10498=DIRECTION('ref_axis',(1.,0.,-2.36847578586705E-14));
#10499=DIRECTION('center_axis',(0.,1.,0.));
#10500=DIRECTION('ref_axis',(-1.,0.,0.));
#10501=DIRECTION('center_axis',(0.,-1.,0.));
#10502=DIRECTION('ref_axis',(-1.,0.,0.));
#10503=DIRECTION('',(0.,1.,0.));
#10504=DIRECTION('center_axis',(0.,1.,0.));
#10505=DIRECTION('ref_axis',(-1.,0.,0.));
#10506=DIRECTION('center_axis',(0.,1.,0.));
#10507=DIRECTION('ref_axis',(-1.,0.,0.));
#10508=DIRECTION('center_axis',(0.,-1.,0.));
#10509=DIRECTION('ref_axis',(-1.,0.,0.));
#10510=DIRECTION('',(0.,1.,0.));
#10511=DIRECTION('center_axis',(0.,1.,0.));
#10512=DIRECTION('ref_axis',(-1.,0.,0.));
#10513=DIRECTION('center_axis',(0.,1.,0.));
#10514=DIRECTION('ref_axis',(-1.,0.,0.));
#10515=DIRECTION('center_axis',(0.,-1.,0.));
#10516=DIRECTION('ref_axis',(-1.,0.,0.));
#10517=DIRECTION('',(0.,1.,0.));
#10518=DIRECTION('center_axis',(0.,1.,0.));
#10519=DIRECTION('ref_axis',(-1.,0.,0.));
#10520=DIRECTION('center_axis',(0.,1.,0.));
#10521=DIRECTION('ref_axis',(-1.,0.,0.));
#10522=DIRECTION('center_axis',(0.,-1.,0.));
#10523=DIRECTION('ref_axis',(-1.,0.,0.));
#10524=DIRECTION('',(0.,1.,0.));
#10525=DIRECTION('center_axis',(0.,1.,0.));
#10526=DIRECTION('ref_axis',(-1.,0.,0.));
#10527=DIRECTION('center_axis',(0.,1.,0.));
#10528=DIRECTION('ref_axis',(-1.,0.,0.));
#10529=DIRECTION('center_axis',(0.,1.,0.));
#10530=DIRECTION('ref_axis',(-1.,0.,0.));
#10531=DIRECTION('center_axis',(0.,-1.,0.));
#10532=DIRECTION('ref_axis',(-1.,0.,0.));
#10533=DIRECTION('',(0.,-1.,0.));
#10534=DIRECTION('center_axis',(0.,0.,1.));
#10535=DIRECTION('ref_axis',(-1.,0.,0.));
#10536=DIRECTION('',(-1.,0.,0.));
#10537=DIRECTION('',(1.,0.,0.));
#10538=DIRECTION('',(0.,-1.,0.));
#10539=DIRECTION('center_axis',(0.,1.,0.));
#10540=DIRECTION('ref_axis',(0.00692847146513269,0.,-0.999975997853527));
#10541=DIRECTION('center_axis',(0.,1.,0.));
#10542=DIRECTION('ref_axis',(0.00692847146513269,0.,-0.999975997853527));
#10543=DIRECTION('center_axis',(0.,-1.,0.));
#10544=DIRECTION('ref_axis',(0.00692847146513269,0.,-0.999975997853527));
#10545=DIRECTION('',(0.,-1.,0.));
#10546=DIRECTION('center_axis',(-1.,0.,-2.53765262771464E-16));
#10547=DIRECTION('ref_axis',(2.53765262771464E-16,0.,-1.));
#10548=DIRECTION('',(2.53765262771464E-16,0.,-1.));
#10549=DIRECTION('',(-2.53765262771464E-16,0.,1.));
#10550=DIRECTION('center_axis',(0.,1.,0.));
#10551=DIRECTION('ref_axis',(0.,0.,-1.));
#10552=DIRECTION('center_axis',(0.,1.,0.));
#10553=DIRECTION('ref_axis',(0.,0.,-1.));
#10554=DIRECTION('center_axis',(0.,-1.,0.));
#10555=DIRECTION('ref_axis',(1.,0.,0.));
#10556=DIRECTION('center_axis',(0.,1.,0.));
#10557=DIRECTION('ref_axis',(1.,0.,0.));
#10558=DIRECTION('',(0.,-1.,0.));
#10559=DIRECTION('center_axis',(0.,-1.,0.));
#10560=DIRECTION('ref_axis',(1.,0.,0.));
#10561=DIRECTION('',(0.,1.,0.));
#10562=DIRECTION('center_axis',(0.,-1.,0.));
#10563=DIRECTION('ref_axis',(1.,0.,0.));
#10564=DIRECTION('center_axis',(0.,1.,0.));
#10565=DIRECTION('ref_axis',(1.,0.,0.));
#10566=DIRECTION('',(0.,-1.,0.));
#10567=DIRECTION('center_axis',(0.,-1.,0.));
#10568=DIRECTION('ref_axis',(1.,0.,0.));
#10569=DIRECTION('',(0.,1.,0.));
#10570=DIRECTION('center_axis',(0.,-1.,0.));
#10571=DIRECTION('ref_axis',(-1.,0.,-1.22464679914735E-16));
#10572=DIRECTION('',(1.,0.,0.));
#10573=DIRECTION('',(-1.22464679914735E-16,0.,1.));
#10574=DIRECTION('',(1.,0.,1.22464679914735E-16));
#10575=DIRECTION('center_axis',(0.,-1.,0.));
#10576=DIRECTION('ref_axis',(-3.98455642065932E-14,0.,-1.));
#10577=DIRECTION('center_axis',(0.,1.,0.));
#10578=DIRECTION('ref_axis',(1.,0.,1.22464679914735E-16));
#10579=DIRECTION('center_axis',(0.,-1.,0.));
#10580=DIRECTION('ref_axis',(-1.,0.,7.09318088960993E-14));
#10581=DIRECTION('',(1.,0.,1.22464679914735E-16));
#10582=DIRECTION('',(1.22464679914735E-16,0.,-1.));
#10583=DIRECTION('center_axis',(0.,-1.,0.));
#10584=DIRECTION('ref_axis',(-1.,0.,-1.22464679914735E-16));
#10585=DIRECTION('center_axis',(0.,-1.,0.));
#10586=DIRECTION('ref_axis',(-1.,0.,-1.22464679914735E-16));
#10587=DIRECTION('',(1.,0.,0.));
#10588=DIRECTION('',(-1.22464679914735E-16,0.,1.));
#10589=DIRECTION('',(1.,0.,1.22464679914735E-16));
#10590=DIRECTION('center_axis',(0.,-1.,0.));
#10591=DIRECTION('ref_axis',(-3.98455642065932E-14,0.,-1.));
#10592=DIRECTION('center_axis',(0.,1.,0.));
#10593=DIRECTION('ref_axis',(1.,0.,1.22464679914735E-16));
#10594=DIRECTION('center_axis',(0.,-1.,0.));
#10595=DIRECTION('ref_axis',(-1.,0.,7.09318088960993E-14));
#10596=DIRECTION('',(1.,0.,1.22464679914735E-16));
#10597=DIRECTION('',(1.22464679914735E-16,0.,-1.));
#10598=DIRECTION('center_axis',(0.,-1.,0.));
#10599=DIRECTION('ref_axis',(-1.,0.,-1.22464679914735E-16));
#10600=DIRECTION('center_axis',(0.,0.,1.));
#10601=DIRECTION('ref_axis',(-1.,0.,0.));
#10602=DIRECTION('',(-1.,0.,0.));
#10603=DIRECTION('',(1.,0.,0.));
#10604=DIRECTION('',(0.,-1.,0.));
#10605=DIRECTION('',(-1.,0.,0.));
#10606=DIRECTION('',(0.,-1.,0.));
#10607=DIRECTION('center_axis',(0.,-1.,0.));
#10608=DIRECTION('ref_axis',(1.,0.,0.));
#10609=DIRECTION('',(-1.,0.,0.));
#10610=DIRECTION('',(0.,0.,-1.));
#10611=DIRECTION('',(-1.,0.,0.));
#10612=DIRECTION('center_axis',(0.,-1.,0.));
#10613=DIRECTION('ref_axis',(3.99680288865079E-14,0.,1.));
#10614=DIRECTION('center_axis',(0.,1.,0.));
#10615=DIRECTION('ref_axis',(-1.,0.,0.));
#10616=DIRECTION('center_axis',(0.,-1.,0.));
#10617=DIRECTION('ref_axis',(1.,0.,-7.10542735760141E-14));
#10618=DIRECTION('',(-1.,0.,0.));
#10619=DIRECTION('',(0.,0.,1.));
#10620=DIRECTION('center_axis',(0.,-1.,0.));
#10621=DIRECTION('ref_axis',(1.,0.,0.));
#10622=DIRECTION('center_axis',(0.,-1.,0.));
#10623=DIRECTION('ref_axis',(1.,0.,0.));
#10624=DIRECTION('',(0.,0.,-1.));
#10625=DIRECTION('',(1.,0.,0.));
#10626=DIRECTION('center_axis',(0.,1.,0.));
#10627=DIRECTION('ref_axis',(1.,0.,-7.10542735760141E-14));
#10628=DIRECTION('center_axis',(0.,-1.,0.));
#10629=DIRECTION('ref_axis',(-1.,0.,0.));
#10630=DIRECTION('center_axis',(0.,1.,0.));
#10631=DIRECTION('ref_axis',(3.99680288865079E-14,0.,1.));
#10632=DIRECTION('',(1.,0.,0.));
#10633=DIRECTION('',(0.,0.,1.));
#10634=DIRECTION('center_axis',(0.,1.,0.));
#10635=DIRECTION('ref_axis',(1.,0.,0.));
#10636=DIRECTION('center_axis',(1.,0.,0.));
#10637=DIRECTION('ref_axis',(0.,0.,-1.));
#10638=DIRECTION('',(0.,1.,0.));
#10639=DIRECTION('',(0.,-1.,0.));
#10640=DIRECTION('center_axis',(0.,1.,0.));
#10641=DIRECTION('ref_axis',(3.99680288865079E-14,0.,1.));
#10642=DIRECTION('',(0.,-1.,0.));
#10643=DIRECTION('',(0.,1.,0.));
#10644=DIRECTION('center_axis',(0.,0.,-1.));
#10645=DIRECTION('ref_axis',(-1.,0.,0.));
#10646=DIRECTION('center_axis',(0.,1.,0.));
#10647=DIRECTION('ref_axis',(1.,0.,-7.10542735760141E-14));
#10648=DIRECTION('',(0.,-1.,0.));
#10649=DIRECTION('',(0.,-1.,0.));
#10650=DIRECTION('center_axis',(-1.,0.,0.));
#10651=DIRECTION('ref_axis',(0.,0.,1.));
#10652=DIRECTION('',(0.,-1.,0.));
#10653=DIRECTION('',(0.,1.,0.));
#10654=DIRECTION('center_axis',(0.,0.,-1.));
#10655=DIRECTION('ref_axis',(-1.,0.,0.));
#10656=DIRECTION('center_axis',(0.,-1.,0.));
#10657=DIRECTION('ref_axis',(1.,0.,0.));
#10658=DIRECTION('',(0.,1.,0.));
#10659=DIRECTION('center_axis',(0.,-1.,0.));
#10660=DIRECTION('ref_axis',(-1.,0.,0.));
#10661=DIRECTION('center_axis',(0.,0.,-1.));
#10662=DIRECTION('ref_axis',(1.,0.,0.));
#10663=DIRECTION('',(1.,0.,0.));
#10664=DIRECTION('',(1.,0.,0.));
#10665=DIRECTION('',(0.,1.,0.));
#10666=DIRECTION('',(-1.,0.,0.));
#10667=DIRECTION('',(0.,-1.,0.));
#10668=DIRECTION('',(-1.,0.,0.));
#10669=DIRECTION('',(0.,1.,0.));
#10670=DIRECTION('',(-1.,0.,0.));
#10671=DIRECTION('',(-1.,0.,0.));
#10672=DIRECTION('',(-1.,0.,0.));
#10673=DIRECTION('',(0.,-1.,0.));
#10674=DIRECTION('',(-1.,0.,0.));
#10675=DIRECTION('center_axis',(0.,0.,1.));
#10676=DIRECTION('ref_axis',(-1.,0.,0.));
#10677=DIRECTION('',(1.,0.,0.));
#10678=DIRECTION('',(-1.,0.,0.));
#10679=DIRECTION('',(0.,-1.,0.));
#10680=DIRECTION('',(-1.,0.,0.));
#10681=DIRECTION('',(0.,-1.,0.));
#10682=DIRECTION('center_axis',(0.,-1.,0.));
#10683=DIRECTION('ref_axis',(1.,0.,0.));
#10684=DIRECTION('',(0.,0.,-1.));
#10685=DIRECTION('',(-1.,0.,0.));
#10686=DIRECTION('center_axis',(0.,-1.,0.));
#10687=DIRECTION('ref_axis',(3.99680288865079E-14,0.,1.));
#10688=DIRECTION('center_axis',(0.,1.,0.));
#10689=DIRECTION('ref_axis',(-1.,0.,0.));
#10690=DIRECTION('center_axis',(0.,-1.,0.));
#10691=DIRECTION('ref_axis',(1.,0.,-7.10542735760141E-14));
#10692=DIRECTION('',(-1.,0.,0.));
#10693=DIRECTION('',(0.,0.,1.));
#10694=DIRECTION('center_axis',(0.,-1.,0.));
#10695=DIRECTION('ref_axis',(1.,0.,0.));
#10696=DIRECTION('center_axis',(0.,-1.,0.));
#10697=DIRECTION('ref_axis',(1.,0.,0.));
#10698=DIRECTION('',(0.,0.,-1.));
#10699=DIRECTION('',(1.,0.,0.));
#10700=DIRECTION('center_axis',(0.,1.,0.));
#10701=DIRECTION('ref_axis',(1.,0.,-7.10542735760141E-14));
#10702=DIRECTION('center_axis',(0.,-1.,0.));
#10703=DIRECTION('ref_axis',(-1.,0.,0.));
#10704=DIRECTION('center_axis',(0.,1.,0.));
#10705=DIRECTION('ref_axis',(3.99680288865079E-14,0.,1.));
#10706=DIRECTION('',(1.,0.,0.));
#10707=DIRECTION('',(0.,0.,1.));
#10708=DIRECTION('center_axis',(0.,1.,0.));
#10709=DIRECTION('ref_axis',(1.,0.,0.));
#10710=DIRECTION('center_axis',(1.,0.,0.));
#10711=DIRECTION('ref_axis',(0.,0.,-1.));
#10712=DIRECTION('',(0.,-1.,0.));
#10713=DIRECTION('center_axis',(0.,1.,0.));
#10714=DIRECTION('ref_axis',(3.99680288865079E-14,0.,1.));
#10715=DIRECTION('',(0.,-1.,0.));
#10716=DIRECTION('',(0.,1.,0.));
#10717=DIRECTION('center_axis',(0.,0.,-1.));
#10718=DIRECTION('ref_axis',(-1.,0.,0.));
#10719=DIRECTION('center_axis',(0.,1.,0.));
#10720=DIRECTION('ref_axis',(1.,0.,-7.10542735760141E-14));
#10721=DIRECTION('',(0.,-1.,0.));
#10722=DIRECTION('',(0.,-1.,0.));
#10723=DIRECTION('center_axis',(-1.,0.,0.));
#10724=DIRECTION('ref_axis',(0.,0.,1.));
#10725=DIRECTION('',(0.,1.,0.));
#10726=DIRECTION('center_axis',(0.,0.,-1.));
#10727=DIRECTION('ref_axis',(-1.,0.,0.));
#10728=DIRECTION('center_axis',(0.,-1.,0.));
#10729=DIRECTION('ref_axis',(1.,0.,0.));
#10730=DIRECTION('',(0.,1.,0.));
#10731=DIRECTION('center_axis',(0.,-1.,0.));
#10732=DIRECTION('ref_axis',(-1.,0.,0.));
#10733=DIRECTION('center_axis',(-1.,0.,-1.22464679914735E-16));
#10734=DIRECTION('ref_axis',(-1.22464679914735E-16,0.,1.));
#10735=DIRECTION('',(0.,1.,0.));
#10736=DIRECTION('',(-1.22464679914735E-16,0.,1.));
#10737=DIRECTION('',(0.,-1.,0.));
#10738=DIRECTION('',(1.22464679914735E-16,0.,-1.));
#10739=DIRECTION('',(0.,-1.,0.));
#10740=DIRECTION('center_axis',(1.22464679914735E-16,0.,-1.));
#10741=DIRECTION('ref_axis',(1.,0.,1.22464679914735E-16));
#10742=DIRECTION('',(-1.,0.,-1.22464679914735E-16));
#10743=DIRECTION('',(0.,-1.,0.));
#10744=DIRECTION('',(1.,0.,1.22464679914735E-16));
#10745=DIRECTION('center_axis',(0.,-1.,0.));
#10746=DIRECTION('ref_axis',(-1.,0.,-1.22464679914735E-16));
#10747=DIRECTION('',(-1.22464679914735E-16,0.,1.));
#10748=DIRECTION('',(-1.,0.,-1.22464679914735E-16));
#10749=DIRECTION('center_axis',(0.,1.,0.));
#10750=DIRECTION('ref_axis',(-1.,0.,7.09318088960993E-14));
#10751=DIRECTION('center_axis',(0.,-1.,0.));
#10752=DIRECTION('ref_axis',(1.,0.,1.22464679914735E-16));
#10753=DIRECTION('center_axis',(0.,1.,0.));
#10754=DIRECTION('ref_axis',(-3.98455642065932E-14,0.,-1.));
#10755=DIRECTION('',(-1.,0.,-1.22464679914735E-16));
#10756=DIRECTION('center_axis',(0.,1.,0.));
#10757=DIRECTION('ref_axis',(-1.,0.,-1.22464679914735E-16));
#10758=DIRECTION('center_axis',(0.,1.,0.));
#10759=DIRECTION('ref_axis',(-3.98455642065932E-14,0.,-1.));
#10760=DIRECTION('',(0.,-1.,0.));
#10761=DIRECTION('',(0.,1.,0.));
#10762=DIRECTION('center_axis',(-1.22464679914735E-16,0.,1.));
#10763=DIRECTION('ref_axis',(1.,0.,1.22464679914735E-16));
#10764=DIRECTION('center_axis',(0.,1.,0.));
#10765=DIRECTION('ref_axis',(-1.,0.,7.09318088960993E-14));
#10766=DIRECTION('',(0.,-1.,0.));
#10767=DIRECTION('',(0.,-1.,0.));
#10768=DIRECTION('center_axis',(1.,0.,1.22464679914735E-16));
#10769=DIRECTION('ref_axis',(1.22464679914735E-16,0.,-1.));
#10770=DIRECTION('',(0.,-1.,0.));
#10771=DIRECTION('',(0.,1.,0.));
#10772=DIRECTION('',(1.22464679914735E-16,0.,-1.));
#10773=DIRECTION('center_axis',(-1.22464679914735E-16,0.,1.));
#10774=DIRECTION('ref_axis',(1.,0.,1.22464679914735E-16));
#10775=DIRECTION('center_axis',(0.,-1.,0.));
#10776=DIRECTION('ref_axis',(-1.,0.,-1.22464679914735E-16));
#10777=DIRECTION('center_axis',(0.,-1.,0.));
#10778=DIRECTION('ref_axis',(1.,0.,1.22464679914735E-16));
#10779=DIRECTION('center_axis',(0.,0.,1.));
#10780=DIRECTION('ref_axis',(-1.,0.,0.));
#10781=DIRECTION('',(-1.,0.,0.));
#10782=DIRECTION('',(0.,1.,0.));
#10783=DIRECTION('',(1.,0.,0.));
#10784=DIRECTION('',(0.,-1.,0.));
#10785=DIRECTION('',(-1.,0.,0.));
#10786=DIRECTION('',(0.,1.,0.));
#10787=DIRECTION('',(0.,-1.,0.));
#10788=DIRECTION('',(-1.,0.,0.));
#10789=DIRECTION('center_axis',(-1.,0.,-1.22464679914735E-16));
#10790=DIRECTION('ref_axis',(-1.22464679914735E-16,0.,1.));
#10791=DIRECTION('',(-1.22464679914735E-16,0.,1.));
#10792=DIRECTION('',(0.,-1.,0.));
#10793=DIRECTION('',(1.22464679914735E-16,0.,-1.));
#10794=DIRECTION('',(0.,-1.,0.));
#10795=DIRECTION('center_axis',(1.22464679914735E-16,0.,-1.));
#10796=DIRECTION('ref_axis',(1.,0.,1.22464679914735E-16));
#10797=DIRECTION('',(-1.,0.,-1.22464679914735E-16));
#10798=DIRECTION('',(0.,-1.,0.));
#10799=DIRECTION('',(1.,0.,1.22464679914735E-16));
#10800=DIRECTION('center_axis',(0.,-1.,0.));
#10801=DIRECTION('ref_axis',(-1.,0.,-1.22464679914735E-16));
#10802=DIRECTION('',(-1.22464679914735E-16,0.,1.));
#10803=DIRECTION('',(-1.,0.,-1.22464679914735E-16));
#10804=DIRECTION('center_axis',(0.,1.,0.));
#10805=DIRECTION('ref_axis',(-1.,0.,7.09318088960993E-14));
#10806=DIRECTION('center_axis',(0.,-1.,0.));
#10807=DIRECTION('ref_axis',(1.,0.,1.22464679914735E-16));
#10808=DIRECTION('center_axis',(0.,1.,0.));
#10809=DIRECTION('ref_axis',(-3.98455642065932E-14,0.,-1.));
#10810=DIRECTION('',(-1.,0.,-1.22464679914735E-16));
#10811=DIRECTION('center_axis',(0.,1.,0.));
#10812=DIRECTION('ref_axis',(-1.,0.,-1.22464679914735E-16));
#10813=DIRECTION('center_axis',(0.,1.,0.));
#10814=DIRECTION('ref_axis',(-3.98455642065932E-14,0.,-1.));
#10815=DIRECTION('',(0.,-1.,0.));
#10816=DIRECTION('',(0.,1.,0.));
#10817=DIRECTION('center_axis',(-1.22464679914735E-16,0.,1.));
#10818=DIRECTION('ref_axis',(1.,0.,1.22464679914735E-16));
#10819=DIRECTION('center_axis',(0.,1.,0.));
#10820=DIRECTION('ref_axis',(-1.,0.,7.09318088960993E-14));
#10821=DIRECTION('',(0.,-1.,0.));
#10822=DIRECTION('',(0.,-1.,0.));
#10823=DIRECTION('center_axis',(1.,0.,1.22464679914735E-16));
#10824=DIRECTION('ref_axis',(1.22464679914735E-16,0.,-1.));
#10825=DIRECTION('',(0.,1.,0.));
#10826=DIRECTION('',(1.22464679914735E-16,0.,-1.));
#10827=DIRECTION('center_axis',(-1.22464679914735E-16,0.,1.));
#10828=DIRECTION('ref_axis',(1.,0.,1.22464679914735E-16));
#10829=DIRECTION('center_axis',(0.,-1.,0.));
#10830=DIRECTION('ref_axis',(-1.,0.,-1.22464679914735E-16));
#10831=DIRECTION('center_axis',(0.,-1.,0.));
#10832=DIRECTION('ref_axis',(1.,0.,1.22464679914735E-16));
#10833=DIRECTION('center_axis',(0.,0.,1.));
#10834=DIRECTION('ref_axis',(1.,0.,0.));
#10835=DIRECTION('',(0.,1.,0.));
#10836=DIRECTION('',(1.,0.,0.));
#10837=DIRECTION('',(0.,1.,0.));
#10838=DIRECTION('',(-1.,0.,0.));
#10839=DIRECTION('center_axis',(0.,1.,0.));
#10840=DIRECTION('ref_axis',(1.,0.,0.));
#10841=DIRECTION('center_axis',(0.,-1.,0.));
#10842=DIRECTION('ref_axis',(-7.1054273576011E-15,0.,1.));
#10843=DIRECTION('center_axis',(0.,-1.,0.));
#10844=DIRECTION('ref_axis',(-1.,0.,-1.42108547152022E-14));
#10845=DIRECTION('',(-5.07530525542929E-16,0.,-1.));
#10846=DIRECTION('center_axis',(0.,-1.,0.));
#10847=DIRECTION('ref_axis',(-3.5527136788005E-15,0.,-1.));
#10848=DIRECTION('',(1.,0.,0.));
#10849=DIRECTION('center_axis',(0.,-1.,0.));
#10850=DIRECTION('ref_axis',(1.,0.,0.));
#10851=DIRECTION('',(-5.07530525542929E-16,0.,1.));
#10852=DIRECTION('',(-1.93715092781109E-6,0.,0.999999999998124));
#10853=DIRECTION('center_axis',(0.,-1.,0.));
#10854=DIRECTION('ref_axis',(1.,0.,0.));
#10855=DIRECTION('',(-1.,0.,0.));
#10856=DIRECTION('',(2.53765262771464E-16,0.,1.));
#10857=DIRECTION('',(1.,0.,0.));
#10858=DIRECTION('center_axis',(0.,-1.,0.));
#10859=DIRECTION('ref_axis',(1.,0.,0.));
#10860=DIRECTION('',(0.,0.,1.));
#10861=DIRECTION('',(0.,0.,-1.));
#10862=DIRECTION('center_axis',(0.,-1.,0.));
#10863=DIRECTION('ref_axis',(1.,0.,0.));
#10864=DIRECTION('',(1.,0.,0.));
#10865=DIRECTION('',(5.07530525542928E-16,0.,-1.));
#10866=DIRECTION('',(-1.,0.,0.));
#10867=DIRECTION('center_axis',(0.,-1.,0.));
#10868=DIRECTION('ref_axis',(1.,0.,0.));
#10869=DIRECTION('',(0.,0.,-1.));
#10870=DIRECTION('center_axis',(0.,1.,0.));
#10871=DIRECTION('ref_axis',(1.,0.,0.));
#10872=DIRECTION('center_axis',(0.,1.,0.));
#10873=DIRECTION('ref_axis',(1.,0.,0.));
#10874=DIRECTION('center_axis',(0.,1.,0.));
#10875=DIRECTION('ref_axis',(1.,0.,0.));
#10876=DIRECTION('center_axis',(0.,1.,0.));
#10877=DIRECTION('ref_axis',(1.,0.,0.));
#10878=DIRECTION('center_axis',(0.,1.,0.));
#10879=DIRECTION('ref_axis',(-1.,0.,0.));
#10880=DIRECTION('center_axis',(-1.48492329543616E-15,1.,7.36343500234955E-16));
#10881=DIRECTION('ref_axis',(-1.,0.,0.));
#10882=DIRECTION('',(0.,1.,0.));
#10883=DIRECTION('center_axis',(0.,-1.,0.));
#10884=DIRECTION('ref_axis',(-1.,0.,0.));
#10885=DIRECTION('center_axis',(1.48492329543616E-15,-1.,-7.36343500234955E-16));
#10886=DIRECTION('ref_axis',(0.,-7.36343500234955E-16,1.));
#10887=DIRECTION('center_axis',(1.48492329543616E-15,-1.,-7.36343500234955E-16));
#10888=DIRECTION('ref_axis',(-1.,0.,0.));
#10889=DIRECTION('center_axis',(0.,1.,0.));
#10890=DIRECTION('ref_axis',(-1.,0.,0.));
#10891=DIRECTION('center_axis',(-1.48492329543616E-15,1.,7.36343500234955E-16));
#10892=DIRECTION('ref_axis',(-1.,0.,0.));
#10893=DIRECTION('',(0.,1.,0.));
#10894=DIRECTION('center_axis',(0.,-1.,0.));
#10895=DIRECTION('ref_axis',(-1.,0.,0.));
#10896=DIRECTION('center_axis',(1.48492329543616E-15,-1.,-7.36343500234955E-16));
#10897=DIRECTION('ref_axis',(0.,-7.36343500234955E-16,1.));
#10898=DIRECTION('center_axis',(1.48492329543616E-15,-1.,-7.36343500234955E-16));
#10899=DIRECTION('ref_axis',(-1.,0.,0.));
#10900=DIRECTION('center_axis',(0.,1.,0.));
#10901=DIRECTION('ref_axis',(-1.,0.,0.));
#10902=DIRECTION('center_axis',(-1.48492329543616E-15,1.,7.36343500234955E-16));
#10903=DIRECTION('ref_axis',(-1.,0.,0.));
#10904=DIRECTION('',(0.,1.,0.));
#10905=DIRECTION('center_axis',(0.,-1.,0.));
#10906=DIRECTION('ref_axis',(-1.,0.,0.));
#10907=DIRECTION('center_axis',(1.48492329543616E-15,-1.,-7.36343500234955E-16));
#10908=DIRECTION('ref_axis',(0.,-7.36343500234955E-16,1.));
#10909=DIRECTION('center_axis',(1.48492329543616E-15,-1.,-7.36343500234955E-16));
#10910=DIRECTION('ref_axis',(-1.,0.,0.));
#10911=DIRECTION('center_axis',(0.,1.,0.));
#10912=DIRECTION('ref_axis',(-1.,0.,0.));
#10913=DIRECTION('center_axis',(-1.48492329543616E-15,1.,7.36343500234955E-16));
#10914=DIRECTION('ref_axis',(-1.,0.,0.));
#10915=DIRECTION('',(0.,1.,0.));
#10916=DIRECTION('center_axis',(0.,-1.,0.));
#10917=DIRECTION('ref_axis',(-1.,0.,0.));
#10918=DIRECTION('center_axis',(1.48492329543616E-15,-1.,-7.36343500234955E-16));
#10919=DIRECTION('ref_axis',(0.,-7.36343500234955E-16,1.));
#10920=DIRECTION('center_axis',(1.48492329543616E-15,-1.,-7.36343500234955E-16));
#10921=DIRECTION('ref_axis',(-1.,0.,0.));
#10922=DIRECTION('center_axis',(0.,1.,0.));
#10923=DIRECTION('ref_axis',(-1.,0.,0.));
#10924=DIRECTION('',(0.,1.,0.));
#10925=DIRECTION('center_axis',(0.,-1.,0.));
#10926=DIRECTION('ref_axis',(-1.,0.,0.));
#10927=DIRECTION('center_axis',(0.,1.,0.));
#10928=DIRECTION('ref_axis',(-1.,0.,0.));
#10929=DIRECTION('',(0.,1.,0.));
#10930=DIRECTION('center_axis',(0.,-1.,0.));
#10931=DIRECTION('ref_axis',(-1.,0.,0.));
#10932=DIRECTION('center_axis',(0.,1.,0.));
#10933=DIRECTION('ref_axis',(-1.,0.,0.));
#10934=DIRECTION('',(0.,1.,0.));
#10935=DIRECTION('center_axis',(0.,-1.,0.));
#10936=DIRECTION('ref_axis',(-1.,0.,0.));
#10937=DIRECTION('center_axis',(0.,1.,0.));
#10938=DIRECTION('ref_axis',(-1.,0.,0.));
#10939=DIRECTION('',(0.,1.,0.));
#10940=DIRECTION('center_axis',(0.,-1.,0.));
#10941=DIRECTION('ref_axis',(-1.,0.,0.));
#10942=DIRECTION('center_axis',(0.,0.,1.));
#10943=DIRECTION('ref_axis',(-1.,0.,0.));
#10944=DIRECTION('',(-1.,0.,0.));
#10945=DIRECTION('',(0.,-1.,0.));
#10946=DIRECTION('',(-1.,0.,0.));
#10947=DIRECTION('',(0.,-1.,0.));
#10948=DIRECTION('center_axis',(-1.,0.,0.));
#10949=DIRECTION('ref_axis',(0.,0.,-1.));
#10950=DIRECTION('',(0.,0.,-1.));
#10951=DIRECTION('',(0.,-1.,0.));
#10952=DIRECTION('',(0.,0.,-1.));
#10953=DIRECTION('center_axis',(0.,0.,-1.));
#10954=DIRECTION('ref_axis',(1.,0.,0.));
#10955=DIRECTION('',(1.,0.,0.));
#10956=DIRECTION('',(0.,-1.,0.));
#10957=DIRECTION('',(1.,0.,0.));
#10958=DIRECTION('center_axis',(1.,0.,0.));
#10959=DIRECTION('ref_axis',(0.,0.,1.));
#10960=DIRECTION('',(0.,0.,1.));
#10961=DIRECTION('',(0.,0.,1.));
#10962=DIRECTION('center_axis',(0.,-1.,0.));
#10963=DIRECTION('ref_axis',(-1.,0.,0.));
#10964=DIRECTION('center_axis',(0.,1.,0.));
#10965=DIRECTION('ref_axis',(1.,0.,0.));
#10966=DIRECTION('center_axis',(0.,1.,0.));
#10967=DIRECTION('ref_axis',(1.,0.,0.));
#10968=DIRECTION('center_axis',(0.,1.,0.));
#10969=DIRECTION('ref_axis',(1.,0.,0.));
#10970=DIRECTION('center_axis',(0.,1.,0.));
#10971=DIRECTION('ref_axis',(1.,0.,0.));
#10972=DIRECTION('center_axis',(0.,-1.,0.));
#10973=DIRECTION('ref_axis',(1.,0.,0.));
#10974=DIRECTION('center_axis',(-1.48492329543616E-15,-1.,-7.36343500234955E-16));
#10975=DIRECTION('ref_axis',(1.,0.,0.));
#10976=DIRECTION('',(0.,1.,0.));
#10977=DIRECTION('center_axis',(0.,1.,0.));
#10978=DIRECTION('ref_axis',(1.,0.,0.));
#10979=DIRECTION('center_axis',(1.48492329543616E-15,1.,7.36343500234955E-16));
#10980=DIRECTION('ref_axis',(0.,-7.36343500234955E-16,1.));
#10981=DIRECTION('center_axis',(1.48492329543616E-15,1.,7.36343500234955E-16));
#10982=DIRECTION('ref_axis',(1.,0.,0.));
#10983=DIRECTION('center_axis',(0.,-1.,0.));
#10984=DIRECTION('ref_axis',(1.,0.,0.));
#10985=DIRECTION('center_axis',(-1.48492329543616E-15,-1.,-7.36343500234955E-16));
#10986=DIRECTION('ref_axis',(1.,0.,0.));
#10987=DIRECTION('',(0.,1.,0.));
#10988=DIRECTION('center_axis',(0.,1.,0.));
#10989=DIRECTION('ref_axis',(1.,0.,0.));
#10990=DIRECTION('center_axis',(1.48492329543616E-15,1.,7.36343500234955E-16));
#10991=DIRECTION('ref_axis',(0.,-7.36343500234955E-16,1.));
#10992=DIRECTION('center_axis',(1.48492329543616E-15,1.,7.36343500234955E-16));
#10993=DIRECTION('ref_axis',(1.,0.,0.));
#10994=DIRECTION('center_axis',(0.,-1.,0.));
#10995=DIRECTION('ref_axis',(1.,0.,0.));
#10996=DIRECTION('center_axis',(-1.48492329543616E-15,-1.,-7.36343500234955E-16));
#10997=DIRECTION('ref_axis',(1.,0.,0.));
#10998=DIRECTION('',(0.,1.,0.));
#10999=DIRECTION('center_axis',(0.,1.,0.));
#11000=DIRECTION('ref_axis',(1.,0.,0.));
#11001=DIRECTION('center_axis',(1.48492329543616E-15,1.,7.36343500234955E-16));
#11002=DIRECTION('ref_axis',(0.,-7.36343500234955E-16,1.));
#11003=DIRECTION('center_axis',(1.48492329543616E-15,1.,7.36343500234955E-16));
#11004=DIRECTION('ref_axis',(1.,0.,0.));
#11005=DIRECTION('center_axis',(0.,-1.,0.));
#11006=DIRECTION('ref_axis',(1.,0.,0.));
#11007=DIRECTION('center_axis',(-1.48492329543616E-15,-1.,-7.36343500234955E-16));
#11008=DIRECTION('ref_axis',(1.,0.,0.));
#11009=DIRECTION('',(0.,1.,0.));
#11010=DIRECTION('center_axis',(0.,1.,0.));
#11011=DIRECTION('ref_axis',(1.,0.,0.));
#11012=DIRECTION('center_axis',(1.48492329543616E-15,1.,7.36343500234955E-16));
#11013=DIRECTION('ref_axis',(0.,-7.36343500234955E-16,1.));
#11014=DIRECTION('center_axis',(1.48492329543616E-15,1.,7.36343500234955E-16));
#11015=DIRECTION('ref_axis',(1.,0.,0.));
#11016=DIRECTION('center_axis',(0.,-1.,0.));
#11017=DIRECTION('ref_axis',(1.,0.,0.));
#11018=DIRECTION('',(0.,1.,0.));
#11019=DIRECTION('center_axis',(0.,-1.,0.));
#11020=DIRECTION('ref_axis',(1.,0.,0.));
#11021=DIRECTION('center_axis',(0.,-1.,0.));
#11022=DIRECTION('ref_axis',(1.,0.,0.));
#11023=DIRECTION('',(0.,1.,0.));
#11024=DIRECTION('center_axis',(0.,-1.,0.));
#11025=DIRECTION('ref_axis',(1.,0.,0.));
#11026=DIRECTION('center_axis',(0.,-1.,0.));
#11027=DIRECTION('ref_axis',(1.,0.,0.));
#11028=DIRECTION('',(0.,1.,0.));
#11029=DIRECTION('center_axis',(0.,-1.,0.));
#11030=DIRECTION('ref_axis',(1.,0.,0.));
#11031=DIRECTION('center_axis',(0.,-1.,0.));
#11032=DIRECTION('ref_axis',(1.,0.,0.));
#11033=DIRECTION('',(0.,1.,0.));
#11034=DIRECTION('center_axis',(0.,-1.,0.));
#11035=DIRECTION('ref_axis',(1.,0.,0.));
#11036=DIRECTION('center_axis',(0.,0.,-1.));
#11037=DIRECTION('ref_axis',(1.,0.,0.));
#11038=DIRECTION('',(-1.,0.,0.));
#11039=DIRECTION('',(0.,-1.,0.));
#11040=DIRECTION('',(1.,0.,0.));
#11041=DIRECTION('',(0.,-1.,0.));
#11042=DIRECTION('center_axis',(-1.,0.,0.));
#11043=DIRECTION('ref_axis',(0.,0.,-1.));
#11044=DIRECTION('',(0.,0.,1.));
#11045=DIRECTION('',(0.,0.,-1.));
#11046=DIRECTION('',(0.,-1.,0.));
#11047=DIRECTION('center_axis',(0.,0.,1.));
#11048=DIRECTION('ref_axis',(-1.,0.,0.));
#11049=DIRECTION('',(1.,0.,0.));
#11050=DIRECTION('',(-1.,0.,0.));
#11051=DIRECTION('',(0.,-1.,0.));
#11052=DIRECTION('center_axis',(1.,0.,0.));
#11053=DIRECTION('ref_axis',(0.,0.,1.));
#11054=DIRECTION('',(0.,0.,-1.));
#11055=DIRECTION('',(0.,0.,1.));
#11056=DIRECTION('center_axis',(0.,1.,0.));
#11057=DIRECTION('ref_axis',(1.,0.,0.));
#11058=DIRECTION('center_axis',(0.,1.,0.));
#11059=DIRECTION('ref_axis',(1.,0.,0.));
#11060=DIRECTION('center_axis',(0.,1.,0.));
#11061=DIRECTION('ref_axis',(1.,0.,0.));
#11062=DIRECTION('center_axis',(0.,1.,0.));
#11063=DIRECTION('ref_axis',(1.,0.,0.));
#11064=DIRECTION('center_axis',(0.,1.,0.));
#11065=DIRECTION('ref_axis',(1.,0.,0.));
#11066=DIRECTION('center_axis',(0.,-1.,0.));
#11067=DIRECTION('ref_axis',(1.,0.,0.));
#11068=DIRECTION('',(0.,1.,0.));
#11069=DIRECTION('center_axis',(0.,-1.,0.));
#11070=DIRECTION('ref_axis',(1.,0.,0.));
#11071=DIRECTION('center_axis',(-1.,0.,0.));
#11072=DIRECTION('ref_axis',(0.,0.,-1.));
#11073=DIRECTION('',(0.,0.,1.));
#11074=DIRECTION('',(0.,-1.,0.));
#11075=DIRECTION('center_axis',(0.,0.,-1.));
#11076=DIRECTION('ref_axis',(1.,0.,0.));
#11077=DIRECTION('',(-1.,0.,0.));
#11078=DIRECTION('',(0.,1.,0.));
#11079=DIRECTION('',(0.,-1.,0.));
#11080=DIRECTION('center_axis',(0.,-1.,0.));
#11081=DIRECTION('ref_axis',(1.,0.,0.));
#11082=DIRECTION('center_axis',(0.,1.,0.));
#11083=DIRECTION('ref_axis',(1.,0.,0.));
#11084=DIRECTION('center_axis',(0.,1.,0.));
#11085=DIRECTION('ref_axis',(1.,0.,0.));
#11086=DIRECTION('center_axis',(0.,-1.,0.));
#11087=DIRECTION('ref_axis',(1.,0.,0.));
#11088=DIRECTION('',(0.,1.,0.));
#11089=DIRECTION('center_axis',(0.,-1.,0.));
#11090=DIRECTION('ref_axis',(1.,0.,0.));
#11091=DIRECTION('center_axis',(-1.,0.,0.));
#11092=DIRECTION('ref_axis',(0.,0.,-1.));
#11093=DIRECTION('',(0.,0.,1.));
#11094=DIRECTION('',(0.,-1.,0.));
#11095=DIRECTION('center_axis',(0.,-1.,0.));
#11096=DIRECTION('ref_axis',(1.,0.,0.));
#11097=DIRECTION('center_axis',(0.,1.,0.));
#11098=DIRECTION('ref_axis',(1.,0.,0.));
#11099=DIRECTION('',(0.,-1.,0.));
#11100=DIRECTION('center_axis',(0.,0.,1.));
#11101=DIRECTION('ref_axis',(-1.,0.,0.));
#11102=DIRECTION('',(1.,0.,0.));
#11103=DIRECTION('',(0.,-1.,0.));
#11104=DIRECTION('center_axis',(-1.,0.,-5.07530525542928E-16));
#11105=DIRECTION('ref_axis',(5.07530525542928E-16,0.,-1.));
#11106=DIRECTION('',(-5.07530525542928E-16,0.,1.));
#11107=DIRECTION('center_axis',(0.,1.,0.));
#11108=DIRECTION('ref_axis',(1.,0.,0.));
#11109=DIRECTION('center_axis',(0.,-1.,0.));
#11110=DIRECTION('ref_axis',(1.,0.,0.));
#11111=DIRECTION('',(0.,1.,0.));
#11112=DIRECTION('center_axis',(0.,-1.,0.));
#11113=DIRECTION('ref_axis',(1.,0.,0.));
#11114=DIRECTION('center_axis',(0.999999999998124,0.,1.93715092781109E-6));
#11115=DIRECTION('ref_axis',(-1.93715092781109E-6,0.,0.999999999998124));
#11116=DIRECTION('',(1.93715092781109E-6,0.,-0.999999999998124));
#11117=DIRECTION('',(0.,-1.,0.));
#11118=DIRECTION('center_axis',(0.,0.,1.));
#11119=DIRECTION('ref_axis',(-1.,0.,0.));
#11120=DIRECTION('',(1.,0.,0.));
#11121=DIRECTION('',(0.,1.,0.));
#11122=DIRECTION('',(0.,-1.,0.));
#11123=DIRECTION('center_axis',(0.,-1.,0.));
#11124=DIRECTION('ref_axis',(1.,0.,0.));
#11125=DIRECTION('center_axis',(0.,1.,0.));
#11126=DIRECTION('ref_axis',(1.,0.,0.));
#11127=DIRECTION('center_axis',(0.,1.,0.));
#11128=DIRECTION('ref_axis',(1.,0.,0.));
#11129=DIRECTION('center_axis',(0.,-1.,0.));
#11130=DIRECTION('ref_axis',(1.,0.,0.));
#11131=DIRECTION('',(0.,1.,0.));
#11132=DIRECTION('center_axis',(0.,-1.,0.));
#11133=DIRECTION('ref_axis',(1.,0.,0.));
#11134=DIRECTION('center_axis',(1.,0.,0.));
#11135=DIRECTION('ref_axis',(0.,0.,1.));
#11136=DIRECTION('',(0.,0.,-1.));
#11137=DIRECTION('',(0.,-1.,0.));
#11138=DIRECTION('center_axis',(0.,-1.,0.));
#11139=DIRECTION('ref_axis',(1.,0.,0.));
#11140=DIRECTION('center_axis',(0.,1.,0.));
#11141=DIRECTION('ref_axis',(1.,0.,0.));
#11142=DIRECTION('',(0.,-1.,0.));
#11143=DIRECTION('center_axis',(0.,0.,-1.));
#11144=DIRECTION('ref_axis',(1.,0.,0.));
#11145=DIRECTION('',(-1.,0.,0.));
#11146=DIRECTION('',(0.,-1.,0.));
#11147=DIRECTION('center_axis',(0.,1.,0.));
#11148=DIRECTION('ref_axis',(1.,0.,0.));
#11149=DIRECTION('center_axis',(1.,0.,-2.53765262771464E-16));
#11150=DIRECTION('ref_axis',(2.53765262771464E-16,0.,1.));
#11151=DIRECTION('',(-2.53765262771464E-16,0.,-1.));
#11152=DIRECTION('center_axis',(-1.,0.,5.07530525542929E-16));
#11153=DIRECTION('ref_axis',(5.07530525542929E-16,0.,1.));
#11154=DIRECTION('',(0.,-1.,0.));
#11155=DIRECTION('',(5.07530525542929E-16,0.,1.));
#11156=DIRECTION('',(0.,1.,0.));
#11157=DIRECTION('center_axis',(0.,1.,0.));
#11158=DIRECTION('ref_axis',(-3.5527136788005E-15,0.,-1.));
#11159=DIRECTION('center_axis',(0.,1.,0.));
#11160=DIRECTION('ref_axis',(-3.5527136788005E-15,0.,-1.));
#11161=DIRECTION('',(0.,1.,0.));
#11162=DIRECTION('center_axis',(0.,0.,-1.));
#11163=DIRECTION('ref_axis',(-1.,0.,0.));
#11164=DIRECTION('',(-1.,0.,0.));
#11165=DIRECTION('',(0.,1.,0.));
#11166=DIRECTION('center_axis',(0.,1.,0.));
#11167=DIRECTION('ref_axis',(1.,0.,0.));
#11168=DIRECTION('center_axis',(0.,1.,0.));
#11169=DIRECTION('ref_axis',(1.,0.,0.));
#11170=DIRECTION('',(0.,1.,0.));
#11171=DIRECTION('center_axis',(1.,0.,5.07530525542929E-16));
#11172=DIRECTION('ref_axis',(5.07530525542929E-16,0.,-1.));
#11173=DIRECTION('',(5.07530525542929E-16,0.,-1.));
#11174=DIRECTION('',(0.,1.,0.));
#11175=DIRECTION('center_axis',(0.,1.,0.));
#11176=DIRECTION('ref_axis',(-7.1054273576011E-15,0.,1.));
#11177=DIRECTION('center_axis',(0.,1.,0.));
#11178=DIRECTION('ref_axis',(-7.1054273576011E-15,0.,1.));
#11179=DIRECTION('center_axis',(0.,1.,0.));
#11180=DIRECTION('ref_axis',(-1.,0.,-1.42108547152022E-14));
#11181=DIRECTION('center_axis',(0.,1.,0.));
#11182=DIRECTION('ref_axis',(-1.,0.,-1.42108547152022E-14));
#11183=DIRECTION('center_axis',(0.,1.,0.));
#11184=DIRECTION('ref_axis',(1.,0.,0.));
#11185=DIRECTION('center_axis',(0.,1.,0.));
#11186=DIRECTION('ref_axis',(1.,0.,0.));
#11187=DIRECTION('center_axis',(0.,1.,0.));
#11188=DIRECTION('ref_axis',(1.,0.,0.));
#11189=DIRECTION('center_axis',(0.,-1.,0.));
#11190=DIRECTION('ref_axis',(1.,0.,0.));
#11191=DIRECTION('',(0.,-1.,0.));
#11192=DIRECTION('center_axis',(0.,-1.,0.));
#11193=DIRECTION('ref_axis',(1.,0.,0.));
#11194=DIRECTION('center_axis',(1.,0.,0.));
#11195=DIRECTION('ref_axis',(0.,0.,1.));
#11196=DIRECTION('',(0.,0.,1.));
#11197=DIRECTION('',(0.,-1.,0.));
#11198=DIRECTION('',(0.,0.,-1.));
#11199=DIRECTION('',(0.,-1.,0.));
#11200=DIRECTION('center_axis',(0.,1.,0.));
#11201=DIRECTION('ref_axis',(0.00154408079599976,0.,0.999998807906537));
#11202=DIRECTION('center_axis',(0.,1.,0.));
#11203=DIRECTION('ref_axis',(0.00154408079599976,0.,0.999998807906537));
#11204=DIRECTION('',(0.,-1.,0.));
#11205=DIRECTION('center_axis',(0.,-1.,0.));
#11206=DIRECTION('ref_axis',(0.00154408079599976,0.,0.999998807906537));
#11207=DIRECTION('center_axis',(0.,0.,-1.));
#11208=DIRECTION('ref_axis',(1.,0.,0.));
#11209=DIRECTION('',(1.,0.,0.));
#11210=DIRECTION('',(0.,-1.,0.));
#11211=DIRECTION('',(-1.,0.,0.));
#11212=DIRECTION('center_axis',(0.,1.,0.));
#11213=DIRECTION('ref_axis',(1.,0.,-2.36847578586705E-14));
#11214=DIRECTION('center_axis',(0.,1.,0.));
#11215=DIRECTION('ref_axis',(1.,0.,-2.36847578586705E-14));
#11216=DIRECTION('',(0.,-1.,0.));
#11217=DIRECTION('center_axis',(0.,-1.,0.));
#11218=DIRECTION('ref_axis',(1.,0.,-2.36847578586705E-14));
#11219=DIRECTION('center_axis',(0.,1.,0.));
#11220=DIRECTION('ref_axis',(-1.,0.,0.));
#11221=DIRECTION('center_axis',(0.,-1.,0.));
#11222=DIRECTION('ref_axis',(-1.,0.,0.));
#11223=DIRECTION('',(0.,1.,0.));
#11224=DIRECTION('center_axis',(0.,1.,0.));
#11225=DIRECTION('ref_axis',(-1.,0.,0.));
#11226=DIRECTION('center_axis',(0.,1.,0.));
#11227=DIRECTION('ref_axis',(-1.,0.,0.));
#11228=DIRECTION('center_axis',(0.,-1.,0.));
#11229=DIRECTION('ref_axis',(-1.,0.,0.));
#11230=DIRECTION('',(0.,1.,0.));
#11231=DIRECTION('center_axis',(0.,1.,0.));
#11232=DIRECTION('ref_axis',(-1.,0.,0.));
#11233=DIRECTION('center_axis',(0.,1.,0.));
#11234=DIRECTION('ref_axis',(-1.,0.,0.));
#11235=DIRECTION('center_axis',(0.,-1.,0.));
#11236=DIRECTION('ref_axis',(-1.,0.,0.));
#11237=DIRECTION('',(0.,1.,0.));
#11238=DIRECTION('center_axis',(0.,1.,0.));
#11239=DIRECTION('ref_axis',(-1.,0.,0.));
#11240=DIRECTION('center_axis',(0.,1.,0.));
#11241=DIRECTION('ref_axis',(-1.,0.,0.));
#11242=DIRECTION('center_axis',(0.,-1.,0.));
#11243=DIRECTION('ref_axis',(-1.,0.,0.));
#11244=DIRECTION('',(0.,1.,0.));
#11245=DIRECTION('center_axis',(0.,1.,0.));
#11246=DIRECTION('ref_axis',(-1.,0.,0.));
#11247=DIRECTION('center_axis',(0.,1.,0.));
#11248=DIRECTION('ref_axis',(-1.,0.,0.));
#11249=DIRECTION('center_axis',(0.,1.,0.));
#11250=DIRECTION('ref_axis',(-1.,0.,0.));
#11251=DIRECTION('center_axis',(0.,-1.,0.));
#11252=DIRECTION('ref_axis',(-1.,0.,0.));
#11253=DIRECTION('',(0.,-1.,0.));
#11254=DIRECTION('center_axis',(0.,0.,1.));
#11255=DIRECTION('ref_axis',(-1.,0.,0.));
#11256=DIRECTION('',(-1.,0.,0.));
#11257=DIRECTION('',(1.,0.,0.));
#11258=DIRECTION('',(0.,-1.,0.));
#11259=DIRECTION('center_axis',(0.,1.,0.));
#11260=DIRECTION('ref_axis',(0.00692847146513269,0.,-0.999975997853527));
#11261=DIRECTION('center_axis',(0.,1.,0.));
#11262=DIRECTION('ref_axis',(0.00692847146513269,0.,-0.999975997853527));
#11263=DIRECTION('center_axis',(0.,-1.,0.));
#11264=DIRECTION('ref_axis',(0.00692847146513269,0.,-0.999975997853527));
#11265=DIRECTION('',(0.,-1.,0.));
#11266=DIRECTION('center_axis',(-1.,0.,-2.53765262771464E-16));
#11267=DIRECTION('ref_axis',(2.53765262771464E-16,0.,-1.));
#11268=DIRECTION('',(2.53765262771464E-16,0.,-1.));
#11269=DIRECTION('',(-2.53765262771464E-16,0.,1.));
#11270=DIRECTION('center_axis',(0.,1.,0.));
#11271=DIRECTION('ref_axis',(0.,0.,-1.));
#11272=DIRECTION('center_axis',(0.,1.,0.));
#11273=DIRECTION('ref_axis',(0.,0.,-1.));
#11274=DIRECTION('',(0.999999999999976,3.64196061313245E-16,-1.31145094783846E-14));
#11275=DIRECTION('',(5.46389194610681E-16,-7.36343500234969E-16,1.00000000000002));
#11276=DIRECTION('',(0.999999999999976,3.64196061313248E-16,-1.31145094783847E-14));
#11277=DIRECTION('',(5.46389194610741E-16,-2.22865351346072E-16,1.00000000000002));
#11278=CARTESIAN_POINT('',(0.,0.,0.));
#11279=CARTESIAN_POINT('',(0.,0.,0.));
#11280=CARTESIAN_POINT('Origin',(2.,0.,-13.1));
#11281=CARTESIAN_POINT('',(1.25,0.,-13.1));
#11282=CARTESIAN_POINT('Origin',(2.,0.,-13.1));
#11283=CARTESIAN_POINT('',(1.25,1.6,-13.1));
#11284=CARTESIAN_POINT('',(1.25,0.,-13.1));
#11285=CARTESIAN_POINT('Origin',(2.,1.6,-13.1));
#11286=CARTESIAN_POINT('Origin',(2.,0.,-10.56));
#11287=CARTESIAN_POINT('',(1.25,0.,-10.56));
#11288=CARTESIAN_POINT('Origin',(2.,0.,-10.56));
#11289=CARTESIAN_POINT('',(1.25,1.6,-10.56));
#11290=CARTESIAN_POINT('',(1.25,0.,-10.56));
#11291=CARTESIAN_POINT('Origin',(2.,1.6,-10.56));
#11292=CARTESIAN_POINT('Origin',(2.,0.,-8.02));
#11293=CARTESIAN_POINT('',(1.25,0.,-8.02));
#11294=CARTESIAN_POINT('Origin',(2.,0.,-8.02));
#11295=CARTESIAN_POINT('',(1.25,1.6,-8.02));
#11296=CARTESIAN_POINT('',(1.25,0.,-8.02));
#11297=CARTESIAN_POINT('Origin',(2.,1.6,-8.02));
#11298=CARTESIAN_POINT('Origin',(2.,0.,-15.64));
#11299=CARTESIAN_POINT('',(1.25,0.,-15.64));
#11300=CARTESIAN_POINT('Origin',(2.,0.,-15.64));
#11301=CARTESIAN_POINT('',(1.25,1.6,-15.64));
#11302=CARTESIAN_POINT('',(1.25,0.,-15.64));
#11303=CARTESIAN_POINT('Origin',(2.,1.6,-15.64));
#11304=CARTESIAN_POINT('Origin',(2.,0.,-18.18));
#11305=CARTESIAN_POINT('',(1.25,0.,-18.18));
#11306=CARTESIAN_POINT('Origin',(2.,0.,-18.18));
#11307=CARTESIAN_POINT('',(1.25,1.6,-18.18));
#11308=CARTESIAN_POINT('',(1.25,0.,-18.18));
#11309=CARTESIAN_POINT('Origin',(2.,1.6,-18.18));
#11310=CARTESIAN_POINT('Origin',(4.95,0.,-2.85));
#11311=CARTESIAN_POINT('',(3.45,0.,-2.85));
#11312=CARTESIAN_POINT('Origin',(4.95,0.,-2.85));
#11313=CARTESIAN_POINT('',(3.45,1.6,-2.85));
#11314=CARTESIAN_POINT('',(3.45,0.,-2.85));
#11315=CARTESIAN_POINT('Origin',(4.95,1.6,-2.85));
#11316=CARTESIAN_POINT('Origin',(4.95,0.,-23.35));
#11317=CARTESIAN_POINT('',(3.45,0.,-23.35));
#11318=CARTESIAN_POINT('Origin',(4.95,0.,-23.35));
#11319=CARTESIAN_POINT('',(3.45,1.6,-23.35));
#11320=CARTESIAN_POINT('',(3.45,0.,-23.35));
#11321=CARTESIAN_POINT('Origin',(4.95,1.6,-23.35));
#11322=CARTESIAN_POINT('Origin',(31.15,0.,-2.85));
#11323=CARTESIAN_POINT('',(29.65,0.,-2.85));
#11324=CARTESIAN_POINT('Origin',(31.15,0.,-2.85));
#11325=CARTESIAN_POINT('',(29.65,1.6,-2.85));
#11326=CARTESIAN_POINT('',(29.65,0.,-2.85));
#11327=CARTESIAN_POINT('Origin',(31.15,1.6,-2.85));
#11328=CARTESIAN_POINT('Origin',(31.15,0.,-23.35));
#11329=CARTESIAN_POINT('',(29.65,0.,-23.35));
#11330=CARTESIAN_POINT('Origin',(31.15,0.,-23.35));
#11331=CARTESIAN_POINT('',(29.65,1.6,-23.35));
#11332=CARTESIAN_POINT('',(29.65,0.,-23.35));
#11333=CARTESIAN_POINT('Origin',(31.15,1.6,-23.35));
#11334=CARTESIAN_POINT('Origin',(34.3,0.,-26.2));
#11335=CARTESIAN_POINT('',(34.3,0.,-26.2));
#11336=CARTESIAN_POINT('',(0.,0.,-26.2));
#11337=CARTESIAN_POINT('',(34.3,0.,-26.2));
#11338=CARTESIAN_POINT('',(0.,1.6,-26.2));
#11339=CARTESIAN_POINT('',(0.,0.,-26.2));
#11340=CARTESIAN_POINT('',(34.3,1.6,-26.2));
#11341=CARTESIAN_POINT('',(34.3,1.6,-26.2));
#11342=CARTESIAN_POINT('',(34.3,0.,-26.2));
#11343=CARTESIAN_POINT('Origin',(34.3,0.,0.));
#11344=CARTESIAN_POINT('',(34.3,0.,0.));
#11345=CARTESIAN_POINT('',(34.3,0.,0.));
#11346=CARTESIAN_POINT('',(34.3,1.6,0.));
#11347=CARTESIAN_POINT('',(34.3,1.6,0.));
#11348=CARTESIAN_POINT('',(34.3,0.,0.));
#11349=CARTESIAN_POINT('Origin',(0.,0.,0.));
#11350=CARTESIAN_POINT('',(0.,0.,0.));
#11351=CARTESIAN_POINT('',(0.,0.,0.));
#11352=CARTESIAN_POINT('',(0.,1.6,0.));
#11353=CARTESIAN_POINT('',(0.,1.6,0.));
#11354=CARTESIAN_POINT('',(0.,0.,0.));
#11355=CARTESIAN_POINT('Origin',(0.,0.,-26.2));
#11356=CARTESIAN_POINT('',(0.,0.,-26.2));
#11357=CARTESIAN_POINT('',(0.,1.6,-26.2));
#11358=CARTESIAN_POINT('Origin',(17.15,1.6,-13.1));
#11359=CARTESIAN_POINT('Origin',(17.15,0.,-13.1));
#11360=CARTESIAN_POINT('Ctrl Pts',(17.15,21.6,-8.99047078536122));
#11361=CARTESIAN_POINT('Ctrl Pts',(12.0404707853612,21.6,-8.99047078536122));
#11362=CARTESIAN_POINT('Ctrl Pts',(12.0404707853612,21.6,-14.1));
#11363=CARTESIAN_POINT('Ctrl Pts',(12.0404707853612,21.6,-19.2095292146387));
#11364=CARTESIAN_POINT('Ctrl Pts',(17.15,21.6,-19.2095292146387));
#11365=CARTESIAN_POINT('Ctrl Pts',(22.2595292146387,21.6,-19.2095292146387));
#11366=CARTESIAN_POINT('Ctrl Pts',(22.2595292146387,21.6,-14.1));
#11367=CARTESIAN_POINT('Ctrl Pts',(22.2595292146387,21.6,-8.99047078536122));
#11368=CARTESIAN_POINT('Ctrl Pts',(17.15,21.6,-8.99047078536122));
#11369=CARTESIAN_POINT('Ctrl Pts',(17.15,21.6,-0.981385035698161));
#11370=CARTESIAN_POINT('Ctrl Pts',(4.03138503569816,21.6,-0.981385035698163));
#11371=CARTESIAN_POINT('Ctrl Pts',(4.03138503569816,21.6,-14.1));
#11372=CARTESIAN_POINT('Ctrl Pts',(4.03138503569816,21.6,-27.2186149643018));
#11373=CARTESIAN_POINT('Ctrl Pts',(17.15,21.6000000000001,-27.2186149643018));
#11374=CARTESIAN_POINT('Ctrl Pts',(30.2686149643018,21.6000000000001,-27.2186149643018));
#11375=CARTESIAN_POINT('Ctrl Pts',(30.2686149643018,21.6000000000001,-14.1));
#11376=CARTESIAN_POINT('Ctrl Pts',(30.2686149643018,21.6000000000001,-0.981385035698163));
#11377=CARTESIAN_POINT('Ctrl Pts',(17.15,21.6,-0.981385035698161));
#11378=CARTESIAN_POINT('Ctrl Pts',(17.15,13.5999999999999,-0.599999999999996));
#11379=CARTESIAN_POINT('Ctrl Pts',(3.65,13.5999999999999,-0.599999999999998));
#11380=CARTESIAN_POINT('Ctrl Pts',(3.65,13.5999999999999,-14.1));
#11381=CARTESIAN_POINT('Ctrl Pts',(3.65,13.5999999999999,-27.6));
#11382=CARTESIAN_POINT('Ctrl Pts',(17.15,13.6,-27.6));
#11383=CARTESIAN_POINT('Ctrl Pts',(30.65,13.6,-27.6));
#11384=CARTESIAN_POINT('Ctrl Pts',(30.65,13.6,-14.1));
#11385=CARTESIAN_POINT('Ctrl Pts',(30.65,13.6,-0.599999999999998));
#11386=CARTESIAN_POINT('Ctrl Pts',(17.15,13.5999999999999,-0.599999999999996));
#11387=CARTESIAN_POINT('',(17.15,13.6,-0.600000000000001));
#11388=CARTESIAN_POINT('Origin',(17.15,13.6,-14.1));
#11389=CARTESIAN_POINT('',(17.15,21.6,-8.99047078536121));
#11390=CARTESIAN_POINT('Origin',(17.15,13.2,-8.99047078536119));
#11391=CARTESIAN_POINT('',(12.0404707853612,21.6,-14.1));
#11392=CARTESIAN_POINT('Origin',(17.15,21.6,-14.1));
#11393=CARTESIAN_POINT('Origin',(17.15,21.6,-14.1));
#11394=CARTESIAN_POINT('Origin',(17.15,21.6,-14.1));
#11395=CARTESIAN_POINT('',(12.0404707853612,27.2,-14.1));
#11396=CARTESIAN_POINT('Origin',(17.15,27.2,-14.1));
#11397=CARTESIAN_POINT('',(12.0404707853612,21.6,-14.1));
#11398=CARTESIAN_POINT('Origin',(17.15,32.2,-14.1));
#11399=CARTESIAN_POINT('',(17.15,32.2,-19.6));
#11400=CARTESIAN_POINT('Origin',(17.15,32.2,-14.1));
#11401=CARTESIAN_POINT('Origin',(17.15,27.7,-14.1));
#11402=CARTESIAN_POINT('',(17.15,27.7,-24.1));
#11403=CARTESIAN_POINT('Origin',(17.15,27.7,-19.6));
#11404=CARTESIAN_POINT('Origin',(17.15,27.7,-14.1));
#11405=CARTESIAN_POINT('Origin',(17.15,27.2,-14.1));
#11406=CARTESIAN_POINT('',(17.15,27.2,-23.6));
#11407=CARTESIAN_POINT('Origin',(17.15,27.2,-14.1));
#11408=CARTESIAN_POINT('Origin',(17.15,27.7,-14.1));
#11409=CARTESIAN_POINT('Origin',(17.15,27.7,-23.6));
#11410=CARTESIAN_POINT('Origin',(17.15,13.6,-14.1));
#11411=CARTESIAN_POINT('Origin',(17.15,13.6,-14.1));
#11412=CARTESIAN_POINT('',(25.15,13.6,-22.1));
#11413=CARTESIAN_POINT('',(9.15,13.6,-22.1));
#11414=CARTESIAN_POINT('',(25.15,13.6,-22.1));
#11415=CARTESIAN_POINT('',(9.15,13.6,-6.09999999999999));
#11416=CARTESIAN_POINT('',(9.15,13.6,-22.1));
#11417=CARTESIAN_POINT('',(25.15,13.6,-6.09999999999999));
#11418=CARTESIAN_POINT('',(9.15,13.6,-6.09999999999999));
#11419=CARTESIAN_POINT('',(25.15,13.6,-6.09999999999999));
#11420=CARTESIAN_POINT('Origin',(25.15,1.6,-22.1));
#11421=CARTESIAN_POINT('',(25.15,1.6,-22.1));
#11422=CARTESIAN_POINT('',(9.15,1.6,-22.1));
#11423=CARTESIAN_POINT('',(25.15,1.6,-22.1));
#11424=CARTESIAN_POINT('',(9.15,1.6,-22.1));
#11425=CARTESIAN_POINT('',(25.15,1.6,-22.1));
#11426=CARTESIAN_POINT('Origin',(25.15,1.6,-6.09999999999999));
#11427=CARTESIAN_POINT('',(25.15,1.6,-6.09999999999999));
#11428=CARTESIAN_POINT('',(25.15,1.6,-6.09999999999999));
#11429=CARTESIAN_POINT('',(25.15,1.6,-6.09999999999999));
#11430=CARTESIAN_POINT('Origin',(9.15,1.6,-6.09999999999999));
#11431=CARTESIAN_POINT('',(9.15,1.6,-6.09999999999999));
#11432=CARTESIAN_POINT('',(9.15,1.6,-6.09999999999999));
#11433=CARTESIAN_POINT('',(9.15,1.6,-6.09999999999999));
#11434=CARTESIAN_POINT('Origin',(9.15,1.6,-22.1));
#11435=CARTESIAN_POINT('',(9.15,1.6,-22.1));
#11436=CARTESIAN_POINT('Origin',(17.15,1.6,-14.1));
#11437=CARTESIAN_POINT('Origin',(21.85,1.6,-6.09999999999999));
#11438=CARTESIAN_POINT('',(12.45,1.6,-6.09999999999999));
#11439=CARTESIAN_POINT('',(21.85,1.6,-6.09999999999999));
#11440=CARTESIAN_POINT('',(9.15,1.6,-6.09999999999999));
#11441=CARTESIAN_POINT('',(12.45,4.35,-6.09999999999999));
#11442=CARTESIAN_POINT('',(12.45,1.6,-6.09999999999999));
#11443=CARTESIAN_POINT('',(21.85,4.35,-6.09999999999999));
#11444=CARTESIAN_POINT('',(9.15,4.35,-6.09999999999999));
#11445=CARTESIAN_POINT('',(21.85,1.6,-6.09999999999999));
#11446=CARTESIAN_POINT('Origin',(21.85,1.6,0.));
#11447=CARTESIAN_POINT('',(21.85,1.6,0.));
#11448=CARTESIAN_POINT('',(21.85,1.6,0.));
#11449=CARTESIAN_POINT('',(21.85,4.35,0.));
#11450=CARTESIAN_POINT('',(21.85,4.35,0.));
#11451=CARTESIAN_POINT('',(21.85,1.6,0.));
#11452=CARTESIAN_POINT('Origin',(12.45,1.6,0.));
#11453=CARTESIAN_POINT('',(12.45,1.6,0.));
#11454=CARTESIAN_POINT('',(12.45,1.6,0.));
#11455=CARTESIAN_POINT('',(12.45,4.35,0.));
#11456=CARTESIAN_POINT('',(12.45,4.35,0.));
#11457=CARTESIAN_POINT('',(12.45,1.6,0.));
#11458=CARTESIAN_POINT('Origin',(12.45,1.6,-6.09999999999999));
#11459=CARTESIAN_POINT('',(12.45,1.6,-6.09999999999999));
#11460=CARTESIAN_POINT('',(12.45,4.35,-6.09999999999999));
#11461=CARTESIAN_POINT('Origin',(17.15,4.35,-3.05));
#11462=CARTESIAN_POINT('Origin',(17.15,1.6,-3.05));
#11463=CARTESIAN_POINT('Origin',(14.15,4.35,-6.09999999999999));
#11464=CARTESIAN_POINT('',(14.15,4.35,-0.0999999999999934));
#11465=CARTESIAN_POINT('',(14.15,4.35,-6.09999999999999));
#11466=CARTESIAN_POINT('',(14.15,4.35,-0.0999999999999934));
#11467=CARTESIAN_POINT('',(14.15,5.95,-0.0999999999999934));
#11468=CARTESIAN_POINT('',(14.15,4.35,-0.0999999999999934));
#11469=CARTESIAN_POINT('',(14.15,5.95,-6.09999999999999));
#11470=CARTESIAN_POINT('',(14.15,5.95,-0.0999999999999934));
#11471=CARTESIAN_POINT('',(14.15,4.35,-6.09999999999999));
#11472=CARTESIAN_POINT('Origin',(20.15,4.35,-6.09999999999999));
#11473=CARTESIAN_POINT('',(20.15,4.35,-6.09999999999999));
#11474=CARTESIAN_POINT('',(14.15,4.35,-6.09999999999999));
#11475=CARTESIAN_POINT('',(20.15,5.95,-6.09999999999999));
#11476=CARTESIAN_POINT('',(14.15,5.95,-6.09999999999999));
#11477=CARTESIAN_POINT('',(20.15,4.35,-6.09999999999999));
#11478=CARTESIAN_POINT('Origin',(20.15,4.35,-0.0999999999999934));
#11479=CARTESIAN_POINT('',(20.15,4.35,-0.0999999999999934));
#11480=CARTESIAN_POINT('',(20.15,4.35,-6.09999999999999));
#11481=CARTESIAN_POINT('',(20.15,5.95,-0.0999999999999934));
#11482=CARTESIAN_POINT('',(20.15,5.95,-6.09999999999999));
#11483=CARTESIAN_POINT('',(20.15,4.35,-0.0999999999999934));
#11484=CARTESIAN_POINT('Origin',(14.15,4.35,-0.0999999999999934));
#11485=CARTESIAN_POINT('',(20.15,4.35,-0.0999999999999934));
#11486=CARTESIAN_POINT('',(20.15,5.95,-0.0999999999999934));
#11487=CARTESIAN_POINT('Origin',(17.15,5.95,-3.09999999999999));
#11488=CARTESIAN_POINT('Origin',(17.15,4.35,-3.09999999999999));
#11489=CARTESIAN_POINT('Origin',(17.15,5.95,-3.09999999999999));
#11490=CARTESIAN_POINT('',(18.9,6.95,-3.09999999999999));
#11491=CARTESIAN_POINT('Origin',(17.15,6.95,-3.09999999999999));
#11492=CARTESIAN_POINT('',(18.9,5.95,-3.09999999999999));
#11493=CARTESIAN_POINT('',(18.9,5.95,-3.09999999999999));
#11494=CARTESIAN_POINT('Origin',(17.15,5.95,-3.09999999999999));
#11495=CARTESIAN_POINT('Origin',(17.15,6.95,-3.09999999999999));
#11496=CARTESIAN_POINT('Origin',(17.15,5.95,-3.09999999999999));
#11497=CARTESIAN_POINT('Origin',(17.0000002533197,8.7,-6.09999999999999));
#11498=CARTESIAN_POINT('',(15.2500002533197,8.7,-2.09999999999999));
#11499=CARTESIAN_POINT('Origin',(17.0000002533197,8.7,-2.09999999999999));
#11500=CARTESIAN_POINT('',(15.2500002533197,8.7,-6.09999999999999));
#11501=CARTESIAN_POINT('',(15.2500002533197,8.7,-6.09999999999999));
#11502=CARTESIAN_POINT('Origin',(17.0000002533197,8.7,-6.09999999999999));
#11503=CARTESIAN_POINT('Origin',(17.0000002533197,8.7,-2.09999999999999));
#11504=CARTESIAN_POINT('Origin',(17.0000002533197,8.7,-6.09999999999999));
#11505=CARTESIAN_POINT('Origin',(25.15,1.6,-9.34999999999999));
#11506=CARTESIAN_POINT('',(28.15,1.6,-9.34999999999999));
#11507=CARTESIAN_POINT('',(25.15,1.6,-9.34999999999999));
#11508=CARTESIAN_POINT('',(28.15,1.6,-9.34999999999999));
#11509=CARTESIAN_POINT('',(28.15,12.6,-9.34999999999999));
#11510=CARTESIAN_POINT('',(28.15,1.6,-9.34999999999999));
#11511=CARTESIAN_POINT('',(25.15,12.6,-9.34999999999999));
#11512=CARTESIAN_POINT('',(28.15,12.6,-9.34999999999999));
#11513=CARTESIAN_POINT('',(25.15,1.6,-9.34999999999999));
#11514=CARTESIAN_POINT('Origin',(25.15,1.6,-18.85));
#11515=CARTESIAN_POINT('',(25.15,1.6,-18.85));
#11516=CARTESIAN_POINT('',(25.15,1.6,-6.09999999999999));
#11517=CARTESIAN_POINT('',(25.15,12.6,-18.85));
#11518=CARTESIAN_POINT('',(25.15,12.6,-6.09999999999999));
#11519=CARTESIAN_POINT('',(25.15,1.6,-18.85));
#11520=CARTESIAN_POINT('Origin',(28.15,1.6,-18.85));
#11521=CARTESIAN_POINT('',(28.15,1.6,-18.85));
#11522=CARTESIAN_POINT('',(25.15,1.6,-18.85));
#11523=CARTESIAN_POINT('',(28.15,12.6,-18.85));
#11524=CARTESIAN_POINT('',(25.15,12.6,-18.85));
#11525=CARTESIAN_POINT('',(28.15,1.6,-18.85));
#11526=CARTESIAN_POINT('Origin',(28.15,1.6,-9.34999999999999));
#11527=CARTESIAN_POINT('',(28.15,1.6,-18.85));
#11528=CARTESIAN_POINT('',(28.15,12.6,-18.85));
#11529=CARTESIAN_POINT('Origin',(26.65,12.6,-14.1));
#11530=CARTESIAN_POINT('Origin',(26.65,1.6,-14.1));
#11531=CARTESIAN_POINT('Origin',(12.4,1.6,-22.1));
#11532=CARTESIAN_POINT('',(21.9,1.6,-22.1));
#11533=CARTESIAN_POINT('',(12.4,1.6,-22.1));
#11534=CARTESIAN_POINT('',(25.15,1.6,-22.1));
#11535=CARTESIAN_POINT('',(21.9,12.6,-22.1));
#11536=CARTESIAN_POINT('',(21.9,1.6,-22.1));
#11537=CARTESIAN_POINT('',(12.4,12.6,-22.1));
#11538=CARTESIAN_POINT('',(25.15,12.6,-22.1));
#11539=CARTESIAN_POINT('',(12.4,1.6,-22.1));
#11540=CARTESIAN_POINT('Origin',(12.4,1.6,-25.1));
#11541=CARTESIAN_POINT('',(12.4,1.6,-25.1));
#11542=CARTESIAN_POINT('',(12.4,1.6,-25.1));
#11543=CARTESIAN_POINT('',(12.4,12.6,-25.1));
#11544=CARTESIAN_POINT('',(12.4,12.6,-25.1));
#11545=CARTESIAN_POINT('',(12.4,1.6,-25.1));
#11546=CARTESIAN_POINT('Origin',(21.9,1.6,-25.1));
#11547=CARTESIAN_POINT('',(21.9,1.6,-25.1));
#11548=CARTESIAN_POINT('',(21.9,1.6,-25.1));
#11549=CARTESIAN_POINT('',(21.9,12.6,-25.1));
#11550=CARTESIAN_POINT('',(21.9,12.6,-25.1));
#11551=CARTESIAN_POINT('',(21.9,1.6,-25.1));
#11552=CARTESIAN_POINT('Origin',(21.9,1.6,-22.1));
#11553=CARTESIAN_POINT('',(21.9,1.6,-22.1));
#11554=CARTESIAN_POINT('',(21.9,12.6,-22.1));
#11555=CARTESIAN_POINT('Origin',(17.15,12.6,-23.6));
#11556=CARTESIAN_POINT('Origin',(17.15,1.6,-23.6));
#11557=CARTESIAN_POINT('Origin',(2.,1.6,-13.1));
#11558=CARTESIAN_POINT('',(2.75,1.6,-13.1));
#11559=CARTESIAN_POINT('Origin',(2.,1.6,-13.1));
#11560=CARTESIAN_POINT('',(2.75,1.7,-13.1));
#11561=CARTESIAN_POINT('',(2.75,1.6,-13.1));
#11562=CARTESIAN_POINT('Origin',(2.,1.7,-13.1));
#11563=CARTESIAN_POINT('Origin',(2.99999997764826,1.6,-13.9));
#11564=CARTESIAN_POINT('',(2.99999997764826,1.6,-13.9));
#11565=CARTESIAN_POINT('',(0.999999977648258,1.6,-13.9));
#11566=CARTESIAN_POINT('',(2.99999997764826,1.6,-13.9));
#11567=CARTESIAN_POINT('',(0.999999977648258,1.7,-13.9));
#11568=CARTESIAN_POINT('',(0.999999977648258,1.6,-13.9));
#11569=CARTESIAN_POINT('',(2.99999997764826,1.7,-13.9));
#11570=CARTESIAN_POINT('',(2.99999997764826,1.7,-13.9));
#11571=CARTESIAN_POINT('',(2.99999997764826,1.6,-13.9));
#11572=CARTESIAN_POINT('Origin',(2.99999997764826,1.6,-13.1));
#11573=CARTESIAN_POINT('',(2.99999997764826,1.6,-12.3));
#11574=CARTESIAN_POINT('Origin',(2.99999997764826,1.6,-13.1));
#11575=CARTESIAN_POINT('',(2.99999997764826,1.7,-12.3));
#11576=CARTESIAN_POINT('Origin',(2.99999997764826,1.7,-13.1));
#11577=CARTESIAN_POINT('',(2.99999997764826,1.6,-12.3));
#11578=CARTESIAN_POINT('Origin',(0.999999977648258,1.6,-12.3));
#11579=CARTESIAN_POINT('',(0.999999977648258,1.6,-12.3));
#11580=CARTESIAN_POINT('',(0.999999977648258,1.6,-12.3));
#11581=CARTESIAN_POINT('',(0.999999977648258,1.7,-12.3));
#11582=CARTESIAN_POINT('',(0.999999977648258,1.7,-12.3));
#11583=CARTESIAN_POINT('',(0.999999977648258,1.6,-12.3));
#11584=CARTESIAN_POINT('Origin',(0.999999977648258,1.6,-13.1));
#11585=CARTESIAN_POINT('Origin',(0.999999977648258,1.6,-13.1));
#11586=CARTESIAN_POINT('Origin',(0.999999977648258,1.7,-13.1));
#11587=CARTESIAN_POINT('Origin',(1.99999997764826,1.7,-13.1));
#11588=CARTESIAN_POINT('Origin',(1.99999997764826,1.6,-13.1));
#11589=CARTESIAN_POINT('Origin',(2.,1.6,-15.64));
#11590=CARTESIAN_POINT('',(2.75,1.6,-15.64));
#11591=CARTESIAN_POINT('Origin',(2.,1.6,-15.64));
#11592=CARTESIAN_POINT('',(2.75,1.7,-15.64));
#11593=CARTESIAN_POINT('',(2.75,1.6,-15.64));
#11594=CARTESIAN_POINT('Origin',(2.,1.7,-15.64));
#11595=CARTESIAN_POINT('Origin',(2.99999997764826,1.6,-16.44));
#11596=CARTESIAN_POINT('',(2.99999997764826,1.6,-16.44));
#11597=CARTESIAN_POINT('',(0.999999977648258,1.6,-16.44));
#11598=CARTESIAN_POINT('',(2.99999997764826,1.6,-16.44));
#11599=CARTESIAN_POINT('',(0.999999977648258,1.7,-16.44));
#11600=CARTESIAN_POINT('',(0.999999977648258,1.6,-16.44));
#11601=CARTESIAN_POINT('',(2.99999997764826,1.7,-16.44));
#11602=CARTESIAN_POINT('',(2.99999997764826,1.7,-16.44));
#11603=CARTESIAN_POINT('',(2.99999997764826,1.6,-16.44));
#11604=CARTESIAN_POINT('Origin',(2.99999997764826,1.6,-15.64));
#11605=CARTESIAN_POINT('',(2.99999997764826,1.6,-14.84));
#11606=CARTESIAN_POINT('Origin',(2.99999997764826,1.6,-15.64));
#11607=CARTESIAN_POINT('',(2.99999997764826,1.7,-14.84));
#11608=CARTESIAN_POINT('Origin',(2.99999997764826,1.7,-15.64));
#11609=CARTESIAN_POINT('',(2.99999997764826,1.6,-14.84));
#11610=CARTESIAN_POINT('Origin',(0.999999977648258,1.6,-14.84));
#11611=CARTESIAN_POINT('',(0.999999977648258,1.6,-14.84));
#11612=CARTESIAN_POINT('',(0.999999977648258,1.6,-14.84));
#11613=CARTESIAN_POINT('',(0.999999977648258,1.7,-14.84));
#11614=CARTESIAN_POINT('',(0.999999977648258,1.7,-14.84));
#11615=CARTESIAN_POINT('',(0.999999977648258,1.6,-14.84));
#11616=CARTESIAN_POINT('Origin',(0.999999977648258,1.6,-15.64));
#11617=CARTESIAN_POINT('Origin',(0.999999977648258,1.6,-15.64));
#11618=CARTESIAN_POINT('Origin',(0.999999977648258,1.7,-15.64));
#11619=CARTESIAN_POINT('Origin',(1.99999997764826,1.7,-15.64));
#11620=CARTESIAN_POINT('Origin',(1.99999997764826,1.6,-15.64));
#11621=CARTESIAN_POINT('Origin',(2.,1.6,-10.56));
#11622=CARTESIAN_POINT('',(2.75,1.6,-10.56));
#11623=CARTESIAN_POINT('Origin',(2.,1.6,-10.56));
#11624=CARTESIAN_POINT('',(2.75,1.7,-10.56));
#11625=CARTESIAN_POINT('',(2.75,1.6,-10.56));
#11626=CARTESIAN_POINT('Origin',(2.,1.7,-10.56));
#11627=CARTESIAN_POINT('Origin',(2.99999997764826,1.6,-11.36));
#11628=CARTESIAN_POINT('',(2.99999997764826,1.6,-11.36));
#11629=CARTESIAN_POINT('',(0.999999977648258,1.6,-11.36));
#11630=CARTESIAN_POINT('',(2.99999997764826,1.6,-11.36));
#11631=CARTESIAN_POINT('',(0.999999977648258,1.7,-11.36));
#11632=CARTESIAN_POINT('',(0.999999977648258,1.6,-11.36));
#11633=CARTESIAN_POINT('',(2.99999997764826,1.7,-11.36));
#11634=CARTESIAN_POINT('',(2.99999997764826,1.7,-11.36));
#11635=CARTESIAN_POINT('',(2.99999997764826,1.6,-11.36));
#11636=CARTESIAN_POINT('Origin',(2.99999997764826,1.6,-10.56));
#11637=CARTESIAN_POINT('',(2.99999997764826,1.6,-9.76));
#11638=CARTESIAN_POINT('Origin',(2.99999997764826,1.6,-10.56));
#11639=CARTESIAN_POINT('',(2.99999997764826,1.7,-9.76));
#11640=CARTESIAN_POINT('Origin',(2.99999997764826,1.7,-10.56));
#11641=CARTESIAN_POINT('',(2.99999997764826,1.6,-9.76));
#11642=CARTESIAN_POINT('Origin',(0.999999977648258,1.6,-9.76));
#11643=CARTESIAN_POINT('',(0.999999977648258,1.6,-9.76));
#11644=CARTESIAN_POINT('',(0.999999977648258,1.6,-9.76));
#11645=CARTESIAN_POINT('',(0.999999977648258,1.7,-9.76));
#11646=CARTESIAN_POINT('',(0.999999977648258,1.7,-9.76));
#11647=CARTESIAN_POINT('',(0.999999977648258,1.6,-9.76));
#11648=CARTESIAN_POINT('Origin',(0.999999977648258,1.6,-10.56));
#11649=CARTESIAN_POINT('Origin',(0.999999977648258,1.6,-10.56));
#11650=CARTESIAN_POINT('Origin',(0.999999977648258,1.7,-10.56));
#11651=CARTESIAN_POINT('Origin',(1.99999997764826,1.7,-10.56));
#11652=CARTESIAN_POINT('Origin',(1.99999997764826,1.6,-10.56));
#11653=CARTESIAN_POINT('Origin',(2.,1.6,-18.18));
#11654=CARTESIAN_POINT('',(2.75,1.6,-18.18));
#11655=CARTESIAN_POINT('Origin',(2.,1.6,-18.18));
#11656=CARTESIAN_POINT('',(2.75,1.7,-18.18));
#11657=CARTESIAN_POINT('',(2.75,1.6,-18.18));
#11658=CARTESIAN_POINT('Origin',(2.,1.7,-18.18));
#11659=CARTESIAN_POINT('Origin',(2.99999997764826,1.6,-18.98));
#11660=CARTESIAN_POINT('',(2.99999997764826,1.6,-18.98));
#11661=CARTESIAN_POINT('',(0.999999977648258,1.6,-18.98));
#11662=CARTESIAN_POINT('',(2.99999997764826,1.6,-18.98));
#11663=CARTESIAN_POINT('',(0.999999977648258,1.7,-18.98));
#11664=CARTESIAN_POINT('',(0.999999977648258,1.6,-18.98));
#11665=CARTESIAN_POINT('',(2.99999997764826,1.7,-18.98));
#11666=CARTESIAN_POINT('',(2.99999997764826,1.7,-18.98));
#11667=CARTESIAN_POINT('',(2.99999997764826,1.6,-18.98));
#11668=CARTESIAN_POINT('Origin',(2.99999997764826,1.6,-18.18));
#11669=CARTESIAN_POINT('',(2.99999997764826,1.6,-17.38));
#11670=CARTESIAN_POINT('Origin',(2.99999997764826,1.6,-18.18));
#11671=CARTESIAN_POINT('',(2.99999997764826,1.7,-17.38));
#11672=CARTESIAN_POINT('Origin',(2.99999997764826,1.7,-18.18));
#11673=CARTESIAN_POINT('',(2.99999997764826,1.6,-17.38));
#11674=CARTESIAN_POINT('Origin',(0.999999977648258,1.6,-17.38));
#11675=CARTESIAN_POINT('',(0.999999977648258,1.6,-17.38));
#11676=CARTESIAN_POINT('',(0.999999977648258,1.6,-17.38));
#11677=CARTESIAN_POINT('',(0.999999977648258,1.7,-17.38));
#11678=CARTESIAN_POINT('',(0.999999977648258,1.7,-17.38));
#11679=CARTESIAN_POINT('',(0.999999977648258,1.6,-17.38));
#11680=CARTESIAN_POINT('Origin',(0.999999977648258,1.6,-18.18));
#11681=CARTESIAN_POINT('Origin',(0.999999977648258,1.6,-18.18));
#11682=CARTESIAN_POINT('Origin',(0.999999977648258,1.7,-18.18));
#11683=CARTESIAN_POINT('Origin',(1.99999997764826,1.7,-18.18));
#11684=CARTESIAN_POINT('Origin',(1.99999997764826,1.6,-18.18));
#11685=CARTESIAN_POINT('Origin',(2.,1.6,-8.02));
#11686=CARTESIAN_POINT('',(2.75,1.6,-8.02));
#11687=CARTESIAN_POINT('Origin',(2.,1.6,-8.02));
#11688=CARTESIAN_POINT('',(2.75,1.7,-8.02));
#11689=CARTESIAN_POINT('',(2.75,1.6,-8.02));
#11690=CARTESIAN_POINT('Origin',(2.,1.7,-8.02));
#11691=CARTESIAN_POINT('Origin',(2.99999997764826,1.6,-8.82));
#11692=CARTESIAN_POINT('',(2.99999997764826,1.6,-8.82));
#11693=CARTESIAN_POINT('',(0.999999977648258,1.6,-8.82));
#11694=CARTESIAN_POINT('',(2.99999997764826,1.6,-8.82));
#11695=CARTESIAN_POINT('',(0.999999977648258,1.7,-8.82));
#11696=CARTESIAN_POINT('',(0.999999977648258,1.6,-8.82));
#11697=CARTESIAN_POINT('',(2.99999997764826,1.7,-8.82));
#11698=CARTESIAN_POINT('',(2.99999997764826,1.7,-8.82));
#11699=CARTESIAN_POINT('',(2.99999997764826,1.6,-8.82));
#11700=CARTESIAN_POINT('Origin',(2.99999997764826,1.6,-8.02));
#11701=CARTESIAN_POINT('',(2.99999997764826,1.6,-7.22));
#11702=CARTESIAN_POINT('Origin',(2.99999997764826,1.6,-8.02));
#11703=CARTESIAN_POINT('',(2.99999997764826,1.7,-7.22));
#11704=CARTESIAN_POINT('Origin',(2.99999997764826,1.7,-8.02));
#11705=CARTESIAN_POINT('',(2.99999997764826,1.6,-7.22));
#11706=CARTESIAN_POINT('Origin',(0.999999977648258,1.6,-7.22));
#11707=CARTESIAN_POINT('',(0.999999977648258,1.6,-7.22));
#11708=CARTESIAN_POINT('',(0.999999977648258,1.6,-7.22));
#11709=CARTESIAN_POINT('',(0.999999977648258,1.7,-7.22));
#11710=CARTESIAN_POINT('',(0.999999977648258,1.7,-7.22));
#11711=CARTESIAN_POINT('',(0.999999977648258,1.6,-7.22));
#11712=CARTESIAN_POINT('Origin',(0.999999977648258,1.6,-8.02));
#11713=CARTESIAN_POINT('Origin',(0.999999977648258,1.6,-8.02));
#11714=CARTESIAN_POINT('Origin',(0.999999977648258,1.7,-8.02));
#11715=CARTESIAN_POINT('Origin',(1.99999997764826,1.7,-8.02));
#11716=CARTESIAN_POINT('Origin',(1.99999997764826,1.6,-8.02));
#11717=CARTESIAN_POINT('Origin',(1.99999997764826,0.,-10.56));
#11718=CARTESIAN_POINT('',(0.999999977648258,0.,-9.76));
#11719=CARTESIAN_POINT('',(0.999999977648258,0.,-11.36));
#11720=CARTESIAN_POINT('Origin',(0.999999977648258,0.,-10.56));
#11721=CARTESIAN_POINT('',(2.99999997764826,0.,-9.76));
#11722=CARTESIAN_POINT('',(2.49999997764826,0.,-9.76));
#11723=CARTESIAN_POINT('',(2.99999997764826,0.,-11.36));
#11724=CARTESIAN_POINT('Origin',(2.99999997764826,0.,-10.56));
#11725=CARTESIAN_POINT('',(1.49999997764826,0.,-11.36));
#11726=CARTESIAN_POINT('',(2.75,0.,-10.56));
#11727=CARTESIAN_POINT('Origin',(2.,0.,-10.56));
#11728=CARTESIAN_POINT('Origin',(2.99999997764826,1.6,-9.76));
#11729=CARTESIAN_POINT('',(0.999999977648258,-0.0999999999999998,-9.76));
#11730=CARTESIAN_POINT('',(0.999999977648258,1.6,-9.76));
#11731=CARTESIAN_POINT('',(2.99999997764826,-0.0999999999999998,-9.76));
#11732=CARTESIAN_POINT('',(0.999999977648258,-0.0999999999999998,-9.76));
#11733=CARTESIAN_POINT('',(2.99999997764826,1.6,-9.76));
#11734=CARTESIAN_POINT('Origin',(0.999999977648258,1.6,-10.56));
#11735=CARTESIAN_POINT('',(0.999999977648258,-0.0999999999999998,-11.36));
#11736=CARTESIAN_POINT('',(0.999999977648258,1.6,-11.36));
#11737=CARTESIAN_POINT('Origin',(0.999999977648258,-0.0999999999999998,
-10.56));
#11738=CARTESIAN_POINT('Origin',(2.,1.6,-10.56));
#11739=CARTESIAN_POINT('',(2.75,-0.0999999999999998,-10.56));
#11740=CARTESIAN_POINT('',(2.75,1.6,-10.56));
#11741=CARTESIAN_POINT('Origin',(2.,-0.0999999999999998,-10.56));
#11742=CARTESIAN_POINT('Origin',(2.99999997764826,1.6,-10.56));
#11743=CARTESIAN_POINT('',(2.99999997764826,-0.0999999999999998,-11.36));
#11744=CARTESIAN_POINT('Origin',(2.99999997764826,-0.0999999999999998,-10.56));
#11745=CARTESIAN_POINT('',(2.99999997764826,1.6,-11.36));
#11746=CARTESIAN_POINT('Origin',(0.999999977648258,1.6,-11.36));
#11747=CARTESIAN_POINT('',(2.99999997764826,-0.0999999999999998,-11.36));
#11748=CARTESIAN_POINT('Origin',(1.99999997764826,-0.0999999999999998,-10.56));
#11749=CARTESIAN_POINT('Origin',(1.99999997764826,0.,-13.1));
#11750=CARTESIAN_POINT('',(0.999999977648258,0.,-12.3));
#11751=CARTESIAN_POINT('',(0.999999977648258,0.,-13.9));
#11752=CARTESIAN_POINT('Origin',(0.999999977648258,0.,-13.1));
#11753=CARTESIAN_POINT('',(2.99999997764826,0.,-12.3));
#11754=CARTESIAN_POINT('',(2.49999997764826,0.,-12.3));
#11755=CARTESIAN_POINT('',(2.99999997764826,0.,-13.9));
#11756=CARTESIAN_POINT('Origin',(2.99999997764826,0.,-13.1));
#11757=CARTESIAN_POINT('',(1.49999997764826,0.,-13.9));
#11758=CARTESIAN_POINT('',(2.75,0.,-13.1));
#11759=CARTESIAN_POINT('Origin',(2.,0.,-13.1));
#11760=CARTESIAN_POINT('Origin',(2.99999997764826,1.6,-12.3));
#11761=CARTESIAN_POINT('',(0.999999977648258,-0.0999999999999998,-12.3));
#11762=CARTESIAN_POINT('',(0.999999977648258,1.6,-12.3));
#11763=CARTESIAN_POINT('',(2.99999997764826,-0.0999999999999998,-12.3));
#11764=CARTESIAN_POINT('',(0.999999977648258,-0.0999999999999998,-12.3));
#11765=CARTESIAN_POINT('',(2.99999997764826,1.6,-12.3));
#11766=CARTESIAN_POINT('Origin',(0.999999977648258,1.6,-13.1));
#11767=CARTESIAN_POINT('',(0.999999977648258,-0.0999999999999998,-13.9));
#11768=CARTESIAN_POINT('',(0.999999977648258,1.6,-13.9));
#11769=CARTESIAN_POINT('Origin',(0.999999977648258,-0.0999999999999998,
-13.1));
#11770=CARTESIAN_POINT('Origin',(2.,1.6,-13.1));
#11771=CARTESIAN_POINT('',(2.75,-0.0999999999999998,-13.1));
#11772=CARTESIAN_POINT('',(2.75,1.6,-13.1));
#11773=CARTESIAN_POINT('Origin',(2.,-0.0999999999999998,-13.1));
#11774=CARTESIAN_POINT('Origin',(2.99999997764826,1.6,-13.1));
#11775=CARTESIAN_POINT('',(2.99999997764826,-0.0999999999999998,-13.9));
#11776=CARTESIAN_POINT('Origin',(2.99999997764826,-0.0999999999999998,-13.1));
#11777=CARTESIAN_POINT('',(2.99999997764826,1.6,-13.9));
#11778=CARTESIAN_POINT('Origin',(0.999999977648258,1.6,-13.9));
#11779=CARTESIAN_POINT('',(2.99999997764826,-0.0999999999999998,-13.9));
#11780=CARTESIAN_POINT('Origin',(1.99999997764826,-0.0999999999999998,-13.1));
#11781=CARTESIAN_POINT('Origin',(1.99999997764826,0.,-8.02));
#11782=CARTESIAN_POINT('',(0.999999977648258,0.,-7.22));
#11783=CARTESIAN_POINT('',(0.999999977648258,0.,-8.82));
#11784=CARTESIAN_POINT('Origin',(0.999999977648258,0.,-8.02));
#11785=CARTESIAN_POINT('',(2.99999997764826,0.,-7.22));
#11786=CARTESIAN_POINT('',(2.49999997764826,0.,-7.22));
#11787=CARTESIAN_POINT('',(2.99999997764826,0.,-8.82));
#11788=CARTESIAN_POINT('Origin',(2.99999997764826,0.,-8.02));
#11789=CARTESIAN_POINT('',(1.49999997764826,0.,-8.82));
#11790=CARTESIAN_POINT('',(2.75,0.,-8.02));
#11791=CARTESIAN_POINT('Origin',(2.,0.,-8.02));
#11792=CARTESIAN_POINT('Origin',(2.99999997764826,1.6,-7.22));
#11793=CARTESIAN_POINT('',(0.999999977648258,-0.0999999999999998,-7.22));
#11794=CARTESIAN_POINT('',(0.999999977648258,1.6,-7.22));
#11795=CARTESIAN_POINT('',(2.99999997764826,-0.0999999999999998,-7.22));
#11796=CARTESIAN_POINT('',(0.999999977648258,-0.0999999999999998,-7.22));
#11797=CARTESIAN_POINT('',(2.99999997764826,1.6,-7.22));
#11798=CARTESIAN_POINT('Origin',(0.999999977648258,1.6,-8.02));
#11799=CARTESIAN_POINT('',(0.999999977648258,-0.0999999999999998,-8.82));
#11800=CARTESIAN_POINT('',(0.999999977648258,1.6,-8.82));
#11801=CARTESIAN_POINT('Origin',(0.999999977648258,-0.0999999999999998,
-8.02));
#11802=CARTESIAN_POINT('Origin',(2.,1.6,-8.02));
#11803=CARTESIAN_POINT('',(2.75,-0.0999999999999998,-8.02));
#11804=CARTESIAN_POINT('',(2.75,1.6,-8.02));
#11805=CARTESIAN_POINT('Origin',(2.,-0.0999999999999998,-8.02));
#11806=CARTESIAN_POINT('Origin',(2.99999997764826,1.6,-8.02));
#11807=CARTESIAN_POINT('',(2.99999997764826,-0.0999999999999998,-8.82));
#11808=CARTESIAN_POINT('Origin',(2.99999997764826,-0.0999999999999998,-8.02));
#11809=CARTESIAN_POINT('',(2.99999997764826,1.6,-8.82));
#11810=CARTESIAN_POINT('Origin',(0.999999977648258,1.6,-8.82));
#11811=CARTESIAN_POINT('',(2.99999997764826,-0.0999999999999998,-8.82));
#11812=CARTESIAN_POINT('Origin',(1.99999997764826,-0.0999999999999998,-8.02));
#11813=CARTESIAN_POINT('Origin',(1.99999997764826,0.,-15.64));
#11814=CARTESIAN_POINT('',(0.999999977648258,0.,-14.84));
#11815=CARTESIAN_POINT('',(0.999999977648258,0.,-16.44));
#11816=CARTESIAN_POINT('Origin',(0.999999977648258,0.,-15.64));
#11817=CARTESIAN_POINT('',(2.99999997764826,0.,-14.84));
#11818=CARTESIAN_POINT('',(2.49999997764826,0.,-14.84));
#11819=CARTESIAN_POINT('',(2.99999997764826,0.,-16.44));
#11820=CARTESIAN_POINT('Origin',(2.99999997764826,0.,-15.64));
#11821=CARTESIAN_POINT('',(1.49999997764826,0.,-16.44));
#11822=CARTESIAN_POINT('',(2.75,0.,-15.64));
#11823=CARTESIAN_POINT('Origin',(2.,0.,-15.64));
#11824=CARTESIAN_POINT('Origin',(2.99999997764826,1.6,-14.84));
#11825=CARTESIAN_POINT('',(0.999999977648258,-0.0999999999999998,-14.84));
#11826=CARTESIAN_POINT('',(0.999999977648258,1.6,-14.84));
#11827=CARTESIAN_POINT('',(2.99999997764826,-0.0999999999999998,-14.84));
#11828=CARTESIAN_POINT('',(0.999999977648258,-0.0999999999999998,-14.84));
#11829=CARTESIAN_POINT('',(2.99999997764826,1.6,-14.84));
#11830=CARTESIAN_POINT('Origin',(0.999999977648258,1.6,-15.64));
#11831=CARTESIAN_POINT('',(0.999999977648258,-0.0999999999999998,-16.44));
#11832=CARTESIAN_POINT('',(0.999999977648258,1.6,-16.44));
#11833=CARTESIAN_POINT('Origin',(0.999999977648258,-0.0999999999999998,
-15.64));
#11834=CARTESIAN_POINT('Origin',(2.,1.6,-15.64));
#11835=CARTESIAN_POINT('',(2.75,-0.0999999999999998,-15.64));
#11836=CARTESIAN_POINT('',(2.75,1.6,-15.64));
#11837=CARTESIAN_POINT('Origin',(2.,-0.0999999999999998,-15.64));
#11838=CARTESIAN_POINT('Origin',(2.99999997764826,1.6,-15.64));
#11839=CARTESIAN_POINT('',(2.99999997764826,-0.0999999999999998,-16.44));
#11840=CARTESIAN_POINT('Origin',(2.99999997764826,-0.0999999999999998,-15.64));
#11841=CARTESIAN_POINT('',(2.99999997764826,1.6,-16.44));
#11842=CARTESIAN_POINT('Origin',(0.999999977648258,1.6,-16.44));
#11843=CARTESIAN_POINT('',(2.99999997764826,-0.0999999999999998,-16.44));
#11844=CARTESIAN_POINT('Origin',(1.99999997764826,-0.0999999999999998,-15.64));
#11845=CARTESIAN_POINT('Origin',(1.99999997764826,0.,-18.18));
#11846=CARTESIAN_POINT('',(0.999999977648258,0.,-17.38));
#11847=CARTESIAN_POINT('',(0.999999977648258,0.,-18.98));
#11848=CARTESIAN_POINT('Origin',(0.999999977648258,0.,-18.18));
#11849=CARTESIAN_POINT('',(2.99999997764826,0.,-17.38));
#11850=CARTESIAN_POINT('',(2.49999997764826,0.,-17.38));
#11851=CARTESIAN_POINT('',(2.99999997764826,0.,-18.98));
#11852=CARTESIAN_POINT('Origin',(2.99999997764826,0.,-18.18));
#11853=CARTESIAN_POINT('',(1.49999997764826,0.,-18.98));
#11854=CARTESIAN_POINT('',(2.75,0.,-18.18));
#11855=CARTESIAN_POINT('Origin',(2.,0.,-18.18));
#11856=CARTESIAN_POINT('Origin',(2.99999997764826,1.6,-17.38));
#11857=CARTESIAN_POINT('',(0.999999977648258,-0.0999999999999998,-17.38));
#11858=CARTESIAN_POINT('',(0.999999977648258,1.6,-17.38));
#11859=CARTESIAN_POINT('',(2.99999997764826,-0.0999999999999998,-17.38));
#11860=CARTESIAN_POINT('',(0.999999977648258,-0.0999999999999998,-17.38));
#11861=CARTESIAN_POINT('',(2.99999997764826,1.6,-17.38));
#11862=CARTESIAN_POINT('Origin',(0.999999977648258,1.6,-18.18));
#11863=CARTESIAN_POINT('',(0.999999977648258,-0.0999999999999998,-18.98));
#11864=CARTESIAN_POINT('',(0.999999977648258,1.6,-18.98));
#11865=CARTESIAN_POINT('Origin',(0.999999977648258,-0.0999999999999998,
-18.18));
#11866=CARTESIAN_POINT('Origin',(2.,1.6,-18.18));
#11867=CARTESIAN_POINT('',(2.75,-0.0999999999999998,-18.18));
#11868=CARTESIAN_POINT('',(2.75,1.6,-18.18));
#11869=CARTESIAN_POINT('Origin',(2.,-0.0999999999999998,-18.18));
#11870=CARTESIAN_POINT('Origin',(2.99999997764826,1.6,-18.18));
#11871=CARTESIAN_POINT('',(2.99999997764826,-0.0999999999999998,-18.98));
#11872=CARTESIAN_POINT('Origin',(2.99999997764826,-0.0999999999999998,-18.18));
#11873=CARTESIAN_POINT('',(2.99999997764826,1.6,-18.98));
#11874=CARTESIAN_POINT('Origin',(0.999999977648258,1.6,-18.98));
#11875=CARTESIAN_POINT('',(2.99999997764826,-0.0999999999999998,-18.98));
#11876=CARTESIAN_POINT('Origin',(1.99999997764826,-0.0999999999999998,-18.18));
#11877=CARTESIAN_POINT('Origin',(-5.375,4.0375,-7.8));
#11878=CARTESIAN_POINT('',(-5.275,5.2,-7.7));
#11879=CARTESIAN_POINT('',(-5.275,5.85,-7.7));
#11880=CARTESIAN_POINT('',(-5.275,4.0375,-7.7));
#11881=CARTESIAN_POINT('',(-5.475,5.65,-7.9));
#11882=CARTESIAN_POINT('',(-5.75208333333333,5.37291666666667,-8.17708333333333));
#11883=CARTESIAN_POINT('',(-5.475,5.4,-7.9));
#11884=CARTESIAN_POINT('',(-5.475,4.0375,-7.9));
#11885=CARTESIAN_POINT('',(-5.475,5.4,-7.9));
#11886=CARTESIAN_POINT('Origin',(-5.375,5.3,-8.35));
#11887=CARTESIAN_POINT('',(-5.275,5.2,-8.35));
#11888=CARTESIAN_POINT('',(-5.275,5.2,-8.35));
#11889=CARTESIAN_POINT('',(-5.475,5.4,-8.15));
#11890=CARTESIAN_POINT('',(-5.475,5.4,-8.35));
#11891=CARTESIAN_POINT('',(-5.475,5.4,-8.15));
#11892=CARTESIAN_POINT('Origin',(-5.375,4.0375,-8.25));
#11893=CARTESIAN_POINT('',(-5.475,5.65,-8.15));
#11894=CARTESIAN_POINT('',(-5.475,4.0375,-8.15));
#11895=CARTESIAN_POINT('',(-5.275,5.85,-8.35));
#11896=CARTESIAN_POINT('',(-5.64375,5.48125,-7.98125));
#11897=CARTESIAN_POINT('',(-5.275,4.0375,-8.35));
#11898=CARTESIAN_POINT('Origin',(-1.325,2.225,-7.7));
#11899=CARTESIAN_POINT('',(1.675,5.2,-7.7));
#11900=CARTESIAN_POINT('',(-4.975,5.2,-7.7));
#11901=CARTESIAN_POINT('',(1.675,-1.4,-7.7));
#11902=CARTESIAN_POINT('',(1.675,5.2,-7.7));
#11903=CARTESIAN_POINT('',(2.325,-1.4,-7.7));
#11904=CARTESIAN_POINT('',(1.675,-1.4,-7.7));
#11905=CARTESIAN_POINT('',(2.325,5.85,-7.7));
#11906=CARTESIAN_POINT('',(2.325,-1.4,-7.7));
#11907=CARTESIAN_POINT('',(-4.975,5.85,-7.7));
#11908=CARTESIAN_POINT('Origin',(-4.975,5.2,-8.35));
#11909=CARTESIAN_POINT('',(1.675,5.2,-8.35));
#11910=CARTESIAN_POINT('',(-4.975,5.2,-8.35));
#11911=CARTESIAN_POINT('',(1.675,5.2,-8.35));
#11912=CARTESIAN_POINT('Origin',(-1.325,2.225,-8.35));
#11913=CARTESIAN_POINT('',(2.325,5.85,-8.35));
#11914=CARTESIAN_POINT('',(-4.975,5.85,-8.35));
#11915=CARTESIAN_POINT('',(2.325,-1.4,-8.35));
#11916=CARTESIAN_POINT('',(2.325,-1.4,-8.35));
#11917=CARTESIAN_POINT('',(1.675,-1.4,-8.35));
#11918=CARTESIAN_POINT('',(1.675,-1.4,-8.35));
#11919=CARTESIAN_POINT('',(1.675,5.2,-8.35));
#11920=CARTESIAN_POINT('Origin',(-5.375,5.75,-8.35));
#11921=CARTESIAN_POINT('',(-5.275,5.85,-8.35));
#11922=CARTESIAN_POINT('',(-5.475,5.65,-8.35));
#11923=CARTESIAN_POINT('Origin',(2.325,5.85,-8.35));
#11924=CARTESIAN_POINT('',(2.325,5.85,-8.35));
#11925=CARTESIAN_POINT('Origin',(-5.475,5.85,-8.35));
#11926=CARTESIAN_POINT('Origin',(2.325,-1.4,-8.35));
#11927=CARTESIAN_POINT('',(2.325,-1.4,-8.35));
#11928=CARTESIAN_POINT('Origin',(1.675,-1.4,-8.35));
#11929=CARTESIAN_POINT('',(1.675,-1.4,-8.35));
#11930=CARTESIAN_POINT('Origin',(1.675,5.2,-8.35));
#11931=CARTESIAN_POINT('Origin',(-5.375,4.0375,-10.3));
#11932=CARTESIAN_POINT('',(-5.275,5.2,-10.2));
#11933=CARTESIAN_POINT('',(-5.275,5.85,-10.2));
#11934=CARTESIAN_POINT('',(-5.275,4.0375,-10.2));
#11935=CARTESIAN_POINT('',(-5.475,5.65,-10.4));
#11936=CARTESIAN_POINT('',(-5.75208333333333,5.37291666666667,-10.6770833333333));
#11937=CARTESIAN_POINT('',(-5.475,5.4,-10.4));
#11938=CARTESIAN_POINT('',(-5.475,4.0375,-10.4));
#11939=CARTESIAN_POINT('',(-5.475,5.4,-10.4));
#11940=CARTESIAN_POINT('Origin',(-5.375,5.3,-10.85));
#11941=CARTESIAN_POINT('',(-5.275,5.2,-10.85));
#11942=CARTESIAN_POINT('',(-5.275,5.2,-10.85));
#11943=CARTESIAN_POINT('',(-5.475,5.4,-10.65));
#11944=CARTESIAN_POINT('',(-5.475,5.4,-10.85));
#11945=CARTESIAN_POINT('',(-5.475,5.4,-10.65));
#11946=CARTESIAN_POINT('Origin',(-5.375,4.0375,-10.75));
#11947=CARTESIAN_POINT('',(-5.475,5.65,-10.65));
#11948=CARTESIAN_POINT('',(-5.475,4.0375,-10.65));
#11949=CARTESIAN_POINT('',(-5.275,5.85,-10.85));
#11950=CARTESIAN_POINT('',(-5.64375,5.48125,-10.48125));
#11951=CARTESIAN_POINT('',(-5.275,4.0375,-10.85));
#11952=CARTESIAN_POINT('Origin',(-1.325,2.225,-10.2));
#11953=CARTESIAN_POINT('',(1.675,5.2,-10.2));
#11954=CARTESIAN_POINT('',(-4.975,5.2,-10.2));
#11955=CARTESIAN_POINT('',(1.675,-1.4,-10.2));
#11956=CARTESIAN_POINT('',(1.675,5.2,-10.2));
#11957=CARTESIAN_POINT('',(2.325,-1.4,-10.2));
#11958=CARTESIAN_POINT('',(1.675,-1.4,-10.2));
#11959=CARTESIAN_POINT('',(2.325,5.85,-10.2));
#11960=CARTESIAN_POINT('',(2.325,-1.4,-10.2));
#11961=CARTESIAN_POINT('',(-4.975,5.85,-10.2));
#11962=CARTESIAN_POINT('Origin',(-4.975,5.2,-10.85));
#11963=CARTESIAN_POINT('',(1.675,5.2,-10.85));
#11964=CARTESIAN_POINT('',(-4.975,5.2,-10.85));
#11965=CARTESIAN_POINT('',(1.675,5.2,-10.85));
#11966=CARTESIAN_POINT('Origin',(-1.325,2.225,-10.85));
#11967=CARTESIAN_POINT('',(2.325,5.85,-10.85));
#11968=CARTESIAN_POINT('',(-4.975,5.85,-10.85));
#11969=CARTESIAN_POINT('',(2.325,-1.4,-10.85));
#11970=CARTESIAN_POINT('',(2.325,-1.4,-10.85));
#11971=CARTESIAN_POINT('',(1.675,-1.4,-10.85));
#11972=CARTESIAN_POINT('',(1.675,-1.4,-10.85));
#11973=CARTESIAN_POINT('',(1.675,5.2,-10.85));
#11974=CARTESIAN_POINT('Origin',(-5.375,5.75,-10.85));
#11975=CARTESIAN_POINT('',(-5.275,5.85,-10.85));
#11976=CARTESIAN_POINT('',(-5.475,5.65,-10.85));
#11977=CARTESIAN_POINT('Origin',(2.325,5.85,-10.85));
#11978=CARTESIAN_POINT('',(2.325,5.85,-10.85));
#11979=CARTESIAN_POINT('Origin',(-5.475,5.85,-10.85));
#11980=CARTESIAN_POINT('Origin',(2.325,-1.4,-10.85));
#11981=CARTESIAN_POINT('',(2.325,-1.4,-10.85));
#11982=CARTESIAN_POINT('Origin',(1.675,-1.4,-10.85));
#11983=CARTESIAN_POINT('',(1.675,-1.4,-10.85));
#11984=CARTESIAN_POINT('Origin',(1.675,5.2,-10.85));
#11985=CARTESIAN_POINT('Origin',(-5.375,4.0375,-12.84));
#11986=CARTESIAN_POINT('',(-5.275,5.2,-12.74));
#11987=CARTESIAN_POINT('',(-5.275,5.85,-12.74));
#11988=CARTESIAN_POINT('',(-5.275,4.0375,-12.74));
#11989=CARTESIAN_POINT('',(-5.475,5.65,-12.94));
#11990=CARTESIAN_POINT('',(-5.75208333333333,5.37291666666667,-13.2170833333333));
#11991=CARTESIAN_POINT('',(-5.475,5.4,-12.94));
#11992=CARTESIAN_POINT('',(-5.475,4.0375,-12.94));
#11993=CARTESIAN_POINT('',(-5.475,5.4,-12.94));
#11994=CARTESIAN_POINT('Origin',(-5.375,5.3,-13.39));
#11995=CARTESIAN_POINT('',(-5.275,5.2,-13.39));
#11996=CARTESIAN_POINT('',(-5.275,5.2,-13.39));
#11997=CARTESIAN_POINT('',(-5.475,5.4,-13.19));
#11998=CARTESIAN_POINT('',(-5.475,5.4,-13.39));
#11999=CARTESIAN_POINT('',(-5.475,5.4,-13.19));
#12000=CARTESIAN_POINT('Origin',(-5.375,4.0375,-13.29));
#12001=CARTESIAN_POINT('',(-5.475,5.65,-13.19));
#12002=CARTESIAN_POINT('',(-5.475,4.0375,-13.19));
#12003=CARTESIAN_POINT('',(-5.275,5.85,-13.39));
#12004=CARTESIAN_POINT('',(-5.64375,5.48125,-13.02125));
#12005=CARTESIAN_POINT('',(-5.275,4.0375,-13.39));
#12006=CARTESIAN_POINT('Origin',(-1.325,2.225,-12.74));
#12007=CARTESIAN_POINT('',(1.675,5.2,-12.74));
#12008=CARTESIAN_POINT('',(-4.975,5.2,-12.74));
#12009=CARTESIAN_POINT('',(1.675,-1.4,-12.74));
#12010=CARTESIAN_POINT('',(1.675,5.2,-12.74));
#12011=CARTESIAN_POINT('',(2.325,-1.4,-12.74));
#12012=CARTESIAN_POINT('',(1.675,-1.4,-12.74));
#12013=CARTESIAN_POINT('',(2.325,5.85,-12.74));
#12014=CARTESIAN_POINT('',(2.325,-1.4,-12.74));
#12015=CARTESIAN_POINT('',(-4.975,5.85,-12.74));
#12016=CARTESIAN_POINT('Origin',(-4.975,5.2,-13.39));
#12017=CARTESIAN_POINT('',(1.675,5.2,-13.39));
#12018=CARTESIAN_POINT('',(-4.975,5.2,-13.39));
#12019=CARTESIAN_POINT('',(1.675,5.2,-13.39));
#12020=CARTESIAN_POINT('Origin',(-1.325,2.225,-13.39));
#12021=CARTESIAN_POINT('',(2.325,5.85,-13.39));
#12022=CARTESIAN_POINT('',(-4.975,5.85,-13.39));
#12023=CARTESIAN_POINT('',(2.325,-1.4,-13.39));
#12024=CARTESIAN_POINT('',(2.325,-1.4,-13.39));
#12025=CARTESIAN_POINT('',(1.675,-1.4,-13.39));
#12026=CARTESIAN_POINT('',(1.675,-1.4,-13.39));
#12027=CARTESIAN_POINT('',(1.675,5.2,-13.39));
#12028=CARTESIAN_POINT('Origin',(-5.375,5.75,-13.39));
#12029=CARTESIAN_POINT('',(-5.275,5.85,-13.39));
#12030=CARTESIAN_POINT('',(-5.475,5.65,-13.39));
#12031=CARTESIAN_POINT('Origin',(2.325,5.85,-13.39));
#12032=CARTESIAN_POINT('',(2.325,5.85,-13.39));
#12033=CARTESIAN_POINT('Origin',(-5.475,5.85,-13.39));
#12034=CARTESIAN_POINT('Origin',(2.325,-1.4,-13.39));
#12035=CARTESIAN_POINT('',(2.325,-1.4,-13.39));
#12036=CARTESIAN_POINT('Origin',(1.675,-1.4,-13.39));
#12037=CARTESIAN_POINT('',(1.675,-1.4,-13.39));
#12038=CARTESIAN_POINT('Origin',(1.675,5.2,-13.39));
#12039=CARTESIAN_POINT('Origin',(-5.375,4.0375,-15.38));
#12040=CARTESIAN_POINT('',(-5.275,5.2,-15.28));
#12041=CARTESIAN_POINT('',(-5.275,5.85,-15.28));
#12042=CARTESIAN_POINT('',(-5.275,4.0375,-15.28));
#12043=CARTESIAN_POINT('',(-5.475,5.65,-15.48));
#12044=CARTESIAN_POINT('',(-5.75208333333333,5.37291666666667,-15.7570833333333));
#12045=CARTESIAN_POINT('',(-5.475,5.4,-15.48));
#12046=CARTESIAN_POINT('',(-5.475,4.0375,-15.48));
#12047=CARTESIAN_POINT('',(-5.475,5.4,-15.48));
#12048=CARTESIAN_POINT('Origin',(-5.375,5.3,-15.93));
#12049=CARTESIAN_POINT('',(-5.275,5.2,-15.93));
#12050=CARTESIAN_POINT('',(-5.275,5.2,-15.93));
#12051=CARTESIAN_POINT('',(-5.475,5.4,-15.73));
#12052=CARTESIAN_POINT('',(-5.475,5.4,-15.93));
#12053=CARTESIAN_POINT('',(-5.475,5.4,-15.73));
#12054=CARTESIAN_POINT('Origin',(-5.375,4.0375,-15.83));
#12055=CARTESIAN_POINT('',(-5.475,5.65,-15.73));
#12056=CARTESIAN_POINT('',(-5.475,4.0375,-15.73));
#12057=CARTESIAN_POINT('',(-5.275,5.85,-15.93));
#12058=CARTESIAN_POINT('',(-5.64375,5.48125,-15.56125));
#12059=CARTESIAN_POINT('',(-5.275,4.0375,-15.93));
#12060=CARTESIAN_POINT('Origin',(-1.325,2.225,-15.28));
#12061=CARTESIAN_POINT('',(1.675,5.2,-15.28));
#12062=CARTESIAN_POINT('',(-4.975,5.2,-15.28));
#12063=CARTESIAN_POINT('',(1.675,-1.4,-15.28));
#12064=CARTESIAN_POINT('',(1.675,5.2,-15.28));
#12065=CARTESIAN_POINT('',(2.325,-1.4,-15.28));
#12066=CARTESIAN_POINT('',(1.675,-1.4,-15.28));
#12067=CARTESIAN_POINT('',(2.325,5.85,-15.28));
#12068=CARTESIAN_POINT('',(2.325,-1.4,-15.28));
#12069=CARTESIAN_POINT('',(-4.975,5.85,-15.28));
#12070=CARTESIAN_POINT('Origin',(-4.975,5.2,-15.93));
#12071=CARTESIAN_POINT('',(1.675,5.2,-15.93));
#12072=CARTESIAN_POINT('',(-4.975,5.2,-15.93));
#12073=CARTESIAN_POINT('',(1.675,5.2,-15.93));
#12074=CARTESIAN_POINT('Origin',(-1.325,2.225,-15.93));
#12075=CARTESIAN_POINT('',(2.325,5.85,-15.93));
#12076=CARTESIAN_POINT('',(-4.975,5.85,-15.93));
#12077=CARTESIAN_POINT('',(2.325,-1.4,-15.93));
#12078=CARTESIAN_POINT('',(2.325,-1.4,-15.93));
#12079=CARTESIAN_POINT('',(1.675,-1.4,-15.93));
#12080=CARTESIAN_POINT('',(1.675,-1.4,-15.93));
#12081=CARTESIAN_POINT('',(1.675,5.2,-15.93));
#12082=CARTESIAN_POINT('Origin',(-5.375,5.75,-15.93));
#12083=CARTESIAN_POINT('',(-5.275,5.85,-15.93));
#12084=CARTESIAN_POINT('',(-5.475,5.65,-15.93));
#12085=CARTESIAN_POINT('Origin',(2.325,5.85,-15.93));
#12086=CARTESIAN_POINT('',(2.325,5.85,-15.93));
#12087=CARTESIAN_POINT('Origin',(-5.475,5.85,-15.93));
#12088=CARTESIAN_POINT('Origin',(2.325,-1.4,-15.93));
#12089=CARTESIAN_POINT('',(2.325,-1.4,-15.93));
#12090=CARTESIAN_POINT('Origin',(1.675,-1.4,-15.93));
#12091=CARTESIAN_POINT('',(1.675,-1.4,-15.93));
#12092=CARTESIAN_POINT('Origin',(1.675,5.2,-15.93));
#12093=CARTESIAN_POINT('Origin',(-5.375,4.0375,-17.92));
#12094=CARTESIAN_POINT('',(-5.275,5.2,-17.82));
#12095=CARTESIAN_POINT('',(-5.275,5.85,-17.82));
#12096=CARTESIAN_POINT('',(-5.275,4.0375,-17.82));
#12097=CARTESIAN_POINT('',(-5.475,5.65,-18.02));
#12098=CARTESIAN_POINT('',(-5.75208333333333,5.37291666666667,-18.2970833333333));
#12099=CARTESIAN_POINT('',(-5.475,5.4,-18.02));
#12100=CARTESIAN_POINT('',(-5.475,4.0375,-18.02));
#12101=CARTESIAN_POINT('',(-5.475,5.4,-18.02));
#12102=CARTESIAN_POINT('Origin',(-5.375,5.3,-18.47));
#12103=CARTESIAN_POINT('',(-5.275,5.2,-18.47));
#12104=CARTESIAN_POINT('',(-5.275,5.2,-18.47));
#12105=CARTESIAN_POINT('',(-5.475,5.4,-18.27));
#12106=CARTESIAN_POINT('',(-5.475,5.4,-18.47));
#12107=CARTESIAN_POINT('',(-5.475,5.4,-18.27));
#12108=CARTESIAN_POINT('Origin',(-5.375,4.0375,-18.37));
#12109=CARTESIAN_POINT('',(-5.475,5.65,-18.27));
#12110=CARTESIAN_POINT('',(-5.475,4.0375,-18.27));
#12111=CARTESIAN_POINT('',(-5.275,5.85,-18.47));
#12112=CARTESIAN_POINT('',(-5.64375,5.48125,-18.10125));
#12113=CARTESIAN_POINT('',(-5.275,4.0375,-18.47));
#12114=CARTESIAN_POINT('Origin',(-1.325,2.225,-17.82));
#12115=CARTESIAN_POINT('',(1.675,5.2,-17.82));
#12116=CARTESIAN_POINT('',(-4.975,5.2,-17.82));
#12117=CARTESIAN_POINT('',(1.675,-1.4,-17.82));
#12118=CARTESIAN_POINT('',(1.675,5.2,-17.82));
#12119=CARTESIAN_POINT('',(2.325,-1.4,-17.82));
#12120=CARTESIAN_POINT('',(1.675,-1.4,-17.82));
#12121=CARTESIAN_POINT('',(2.325,5.85,-17.82));
#12122=CARTESIAN_POINT('',(2.325,-1.4,-17.82));
#12123=CARTESIAN_POINT('',(-4.975,5.85,-17.82));
#12124=CARTESIAN_POINT('Origin',(-4.975,5.2,-18.47));
#12125=CARTESIAN_POINT('',(1.675,5.2,-18.47));
#12126=CARTESIAN_POINT('',(-4.975,5.2,-18.47));
#12127=CARTESIAN_POINT('',(1.675,5.2,-18.47));
#12128=CARTESIAN_POINT('Origin',(-1.325,2.225,-18.47));
#12129=CARTESIAN_POINT('',(2.325,5.85,-18.47));
#12130=CARTESIAN_POINT('',(-4.975,5.85,-18.47));
#12131=CARTESIAN_POINT('',(2.325,-1.4,-18.47));
#12132=CARTESIAN_POINT('',(2.325,-1.4,-18.47));
#12133=CARTESIAN_POINT('',(1.675,-1.4,-18.47));
#12134=CARTESIAN_POINT('',(1.675,-1.4,-18.47));
#12135=CARTESIAN_POINT('',(1.675,5.2,-18.47));
#12136=CARTESIAN_POINT('Origin',(-5.375,5.75,-18.47));
#12137=CARTESIAN_POINT('',(-5.275,5.85,-18.47));
#12138=CARTESIAN_POINT('',(-5.475,5.65,-18.47));
#12139=CARTESIAN_POINT('Origin',(2.325,5.85,-18.47));
#12140=CARTESIAN_POINT('',(2.325,5.85,-18.47));
#12141=CARTESIAN_POINT('Origin',(-5.475,5.85,-18.47));
#12142=CARTESIAN_POINT('Origin',(2.325,-1.4,-18.47));
#12143=CARTESIAN_POINT('',(2.325,-1.4,-18.47));
#12144=CARTESIAN_POINT('Origin',(1.675,-1.4,-18.47));
#12145=CARTESIAN_POINT('',(1.675,-1.4,-18.47));
#12146=CARTESIAN_POINT('Origin',(1.675,5.2,-18.47));
#12147=CARTESIAN_POINT('Origin',(2.,1.6,-15.64));
#12148=CARTESIAN_POINT('',(2.75,1.6,-15.64));
#12149=CARTESIAN_POINT('Origin',(2.,1.6,-15.64));
#12150=CARTESIAN_POINT('',(2.75,3.6,-15.64));
#12151=CARTESIAN_POINT('',(2.75,1.6,-15.64));
#12152=CARTESIAN_POINT('Origin',(2.,3.6,-15.64));
#12153=CARTESIAN_POINT('Origin',(2.,1.6,-13.1));
#12154=CARTESIAN_POINT('',(2.75,1.6,-13.1));
#12155=CARTESIAN_POINT('Origin',(2.,1.6,-13.1));
#12156=CARTESIAN_POINT('',(2.75,3.6,-13.1));
#12157=CARTESIAN_POINT('',(2.75,1.6,-13.1));
#12158=CARTESIAN_POINT('Origin',(2.,3.6,-13.1));
#12159=CARTESIAN_POINT('Origin',(2.,1.6,-10.56));
#12160=CARTESIAN_POINT('',(2.75,1.6,-10.56));
#12161=CARTESIAN_POINT('Origin',(2.,1.6,-10.56));
#12162=CARTESIAN_POINT('',(2.75,3.6,-10.56));
#12163=CARTESIAN_POINT('',(2.75,1.6,-10.56));
#12164=CARTESIAN_POINT('Origin',(2.,3.6,-10.56));
#12165=CARTESIAN_POINT('Origin',(2.,1.6,-8.02));
#12166=CARTESIAN_POINT('',(2.75,1.6,-8.02));
#12167=CARTESIAN_POINT('Origin',(2.,1.6,-8.02));
#12168=CARTESIAN_POINT('',(2.75,3.6,-8.02));
#12169=CARTESIAN_POINT('',(2.75,1.6,-8.02));
#12170=CARTESIAN_POINT('Origin',(2.,3.6,-8.02));
#12171=CARTESIAN_POINT('Origin',(2.,1.6,-18.18));
#12172=CARTESIAN_POINT('',(2.75,1.6,-18.18));
#12173=CARTESIAN_POINT('Origin',(2.,1.6,-18.18));
#12174=CARTESIAN_POINT('',(2.75,3.6,-18.18));
#12175=CARTESIAN_POINT('',(2.75,1.6,-18.18));
#12176=CARTESIAN_POINT('Origin',(2.,3.6,-18.18));
#12177=CARTESIAN_POINT('Origin',(3.25,1.6,-6.9));
#12178=CARTESIAN_POINT('',(3.25,1.6,-19.3));
#12179=CARTESIAN_POINT('',(3.25,1.6,-6.9));
#12180=CARTESIAN_POINT('',(3.25,1.6,-19.3));
#12181=CARTESIAN_POINT('',(3.25,3.6,-19.3));
#12182=CARTESIAN_POINT('',(3.25,1.6,-19.3));
#12183=CARTESIAN_POINT('',(3.25,3.6,-6.9));
#12184=CARTESIAN_POINT('',(3.25,3.6,-19.3));
#12185=CARTESIAN_POINT('',(3.25,1.6,-6.9));
#12186=CARTESIAN_POINT('Origin',(0.75,1.6,-6.9));
#12187=CARTESIAN_POINT('',(0.75,1.6,-6.9));
#12188=CARTESIAN_POINT('',(3.25,1.6,-6.9));
#12189=CARTESIAN_POINT('',(0.75,3.6,-6.9));
#12190=CARTESIAN_POINT('',(3.25,3.6,-6.9));
#12191=CARTESIAN_POINT('',(0.75,1.6,-6.9));
#12192=CARTESIAN_POINT('Origin',(0.75,1.6,-19.3));
#12193=CARTESIAN_POINT('',(0.75,1.6,-19.3));
#12194=CARTESIAN_POINT('',(0.75,1.6,-6.9));
#12195=CARTESIAN_POINT('',(0.75,3.6,-19.3));
#12196=CARTESIAN_POINT('',(0.75,3.6,-6.9));
#12197=CARTESIAN_POINT('',(0.75,1.6,-19.3));
#12198=CARTESIAN_POINT('Origin',(3.25,1.6,-19.3));
#12199=CARTESIAN_POINT('',(0.75,1.6,-19.3));
#12200=CARTESIAN_POINT('',(0.75,3.6,-19.3));
#12201=CARTESIAN_POINT('Origin',(2.,3.6,-13.1));
#12202=CARTESIAN_POINT('Origin',(2.,1.6,-13.1));
#12203=CARTESIAN_POINT('Origin',(-57.0800807779155,0.,264.926345324093));
#12204=CARTESIAN_POINT('',(-58.0812408400625,-23.,264.926345324093));
#12205=CARTESIAN_POINT('Origin',(-57.0800807779155,-23.,264.926345324093));
#12206=CARTESIAN_POINT('',(-58.0812408400625,-25.,264.926345324093));
#12207=CARTESIAN_POINT('',(-58.0812408400625,0.,264.926345324093));
#12208=CARTESIAN_POINT('Origin',(-57.0800807779155,-25.,264.926345324093));
#12209=CARTESIAN_POINT('Origin',(32.840573036235,0.,264.983587500983));
#12210=CARTESIAN_POINT('',(31.8394925860667,-23.,264.983587500983));
#12211=CARTESIAN_POINT('Origin',(32.840573036235,-23.,264.983587500983));
#12212=CARTESIAN_POINT('',(31.8394925860667,-25.,264.983587500983));
#12213=CARTESIAN_POINT('',(31.8394925860667,0.,264.983587500983));
#12214=CARTESIAN_POINT('Origin',(32.840573036235,-25.,264.983587500983));
#12215=CARTESIAN_POINT('Origin',(1.09406058373447,-25.,310.106288169383));
#12216=CARTESIAN_POINT('',(1.09406058373446,-25.,310.106288169383));
#12217=CARTESIAN_POINT('',(2.40965471792235,-25.,311.7903108892));
#12218=CARTESIAN_POINT('',(-1.56473708869646,-25.,306.702901386625));
#12219=CARTESIAN_POINT('',(1.09406058373446,-24.,310.106288169383));
#12220=CARTESIAN_POINT('',(1.09406058373446,-25.,310.106288169383));
#12221=CARTESIAN_POINT('',(2.40965471792235,-24.,311.7903108892));
#12222=CARTESIAN_POINT('',(1.09406058373447,-24.,310.106288169383));
#12223=CARTESIAN_POINT('',(2.40965471792235,-25.,311.7903108892));
#12224=CARTESIAN_POINT('Origin',(0.555962875043124,-25.,312.421441263436));
#12225=CARTESIAN_POINT('',(0.55596287504313,-25.,312.421441263436));
#12226=CARTESIAN_POINT('',(1.9112538674395,-25.,306.590332742237));
#12227=CARTESIAN_POINT('',(0.555962875043131,-24.,312.421441263436));
#12228=CARTESIAN_POINT('',(0.55596287504313,-25.,312.421441263436));
#12229=CARTESIAN_POINT('',(0.555962875043123,-24.,312.421441263436));
#12230=CARTESIAN_POINT('Origin',(1.7366214172378,-25.,313.932740043001));
#12231=CARTESIAN_POINT('',(1.7366214172378,-25.,313.932740043001));
#12232=CARTESIAN_POINT('',(-1.97212052944469,-25.,309.185374926474));
#12233=CARTESIAN_POINT('',(1.7366214172378,-24.,313.932740043001));
#12234=CARTESIAN_POINT('',(1.7366214172378,-25.,313.932740043001));
#12235=CARTESIAN_POINT('',(1.7366214172378,-24.,313.932740043001));
#12236=CARTESIAN_POINT('Ctrl Pts',(2.26826426184211,-25.,314.212743506786));
#12237=CARTESIAN_POINT('Ctrl Pts',(2.26826426184211,-24.,314.212743506786));
#12238=CARTESIAN_POINT('Ctrl Pts',(2.17865766991085,-25.,314.213878094233));
#12239=CARTESIAN_POINT('Ctrl Pts',(2.17865766991085,-24.,314.213878094233));
#12240=CARTESIAN_POINT('Ctrl Pts',(1.95818028365557,-25.,314.216669751289));
#12241=CARTESIAN_POINT('Ctrl Pts',(1.95818028365557,-24.,314.216669751289));
#12242=CARTESIAN_POINT('Ctrl Pts',(1.81914805730696,-25.,314.038498685026));
#12243=CARTESIAN_POINT('Ctrl Pts',(1.81914805730696,-24.,314.038498685026));
#12244=CARTESIAN_POINT('Ctrl Pts',(1.7366214172378,-25.,313.932740043001));
#12245=CARTESIAN_POINT('Ctrl Pts',(1.7366214172378,-24.,313.932740043001));
#12246=CARTESIAN_POINT('',(2.26826426184211,-25.,314.212743506786));
#12247=CARTESIAN_POINT('Ctrl Pts',(2.26826426184211,-25.,314.212743506786));
#12248=CARTESIAN_POINT('Ctrl Pts',(2.17865766991085,-25.,314.213878094233));
#12249=CARTESIAN_POINT('Ctrl Pts',(1.95818028365557,-25.,314.216669751289));
#12250=CARTESIAN_POINT('Ctrl Pts',(1.81914805730696,-25.,314.038498685026));
#12251=CARTESIAN_POINT('Ctrl Pts',(1.7366214172378,-25.,313.932740043001));
#12252=CARTESIAN_POINT('',(2.26826426184211,-24.,314.212743506786));
#12253=CARTESIAN_POINT('',(2.26826426184211,-25.,314.212743506786));
#12254=CARTESIAN_POINT('Ctrl Pts',(2.26826426184211,-24.,314.212743506786));
#12255=CARTESIAN_POINT('Ctrl Pts',(2.17865766991085,-24.,314.213878094233));
#12256=CARTESIAN_POINT('Ctrl Pts',(1.95818028365557,-24.,314.216669751289));
#12257=CARTESIAN_POINT('Ctrl Pts',(1.81914805730696,-24.,314.038498685026));
#12258=CARTESIAN_POINT('Ctrl Pts',(1.7366214172378,-24.,313.932740043001));
#12259=CARTESIAN_POINT('Ctrl Pts',(2.59414262190472,-25.,313.784328436372));
#12260=CARTESIAN_POINT('Ctrl Pts',(2.59414262190472,-24.,313.784328436372));
#12261=CARTESIAN_POINT('Ctrl Pts',(2.56457530293418,-25.,313.885783702506));
#12262=CARTESIAN_POINT('Ctrl Pts',(2.56457530293418,-24.,313.885783702506));
#12263=CARTESIAN_POINT('Ctrl Pts',(2.510300804839,-25.,314.072017484946));
#12264=CARTESIAN_POINT('Ctrl Pts',(2.510300804839,-24.,314.072017484946));
#12265=CARTESIAN_POINT('Ctrl Pts',(2.34397853422822,-25.,314.16872135948));
#12266=CARTESIAN_POINT('Ctrl Pts',(2.34397853422822,-24.,314.16872135948));
#12267=CARTESIAN_POINT('Ctrl Pts',(2.26826426184211,-25.,314.212743506786));
#12268=CARTESIAN_POINT('Ctrl Pts',(2.26826426184211,-24.,314.212743506786));
#12269=CARTESIAN_POINT('',(2.59414262190473,-25.,313.784328436372));
#12270=CARTESIAN_POINT('Ctrl Pts',(2.59414262190472,-25.,313.784328436372));
#12271=CARTESIAN_POINT('Ctrl Pts',(2.56457530293418,-25.,313.885783702506));
#12272=CARTESIAN_POINT('Ctrl Pts',(2.510300804839,-25.,314.072017484946));
#12273=CARTESIAN_POINT('Ctrl Pts',(2.34397853422822,-25.,314.16872135948));
#12274=CARTESIAN_POINT('Ctrl Pts',(2.26826426184211,-25.,314.212743506786));
#12275=CARTESIAN_POINT('',(2.59414262190473,-24.,313.784328436372));
#12276=CARTESIAN_POINT('',(2.59414262190473,-25.,313.784328436372));
#12277=CARTESIAN_POINT('Ctrl Pts',(2.59414262190472,-24.,313.784328436372));
#12278=CARTESIAN_POINT('Ctrl Pts',(2.56457530293418,-24.,313.885783702506));
#12279=CARTESIAN_POINT('Ctrl Pts',(2.510300804839,-24.,314.072017484946));
#12280=CARTESIAN_POINT('Ctrl Pts',(2.34397853422822,-24.,314.16872135948));
#12281=CARTESIAN_POINT('Ctrl Pts',(2.26826426184211,-24.,314.212743506786));
#12282=CARTESIAN_POINT('Origin',(2.76450867142835,-25.,313.112348388384));
#12283=CARTESIAN_POINT('',(2.76450867142835,-25.,313.112348388384));
#12284=CARTESIAN_POINT('',(4.24281776733715,-25.,307.281408362552));
#12285=CARTESIAN_POINT('',(2.76450867142835,-24.,313.112348388384));
#12286=CARTESIAN_POINT('',(2.76450867142835,-25.,313.112348388384));
#12287=CARTESIAN_POINT('',(2.76450867142835,-24.,313.112348388384));
#12288=CARTESIAN_POINT('Ctrl Pts',(2.40965471792234,-25.,311.7903108892));
#12289=CARTESIAN_POINT('Ctrl Pts',(2.40965471792234,-24.,311.7903108892));
#12290=CARTESIAN_POINT('Ctrl Pts',(2.55218799900976,-25.,312.00110492191));
#12291=CARTESIAN_POINT('Ctrl Pts',(2.55218799900976,-24.,312.00110492191));
#12292=CARTESIAN_POINT('Ctrl Pts',(2.82366257470396,-25.,312.402591649446));
#12293=CARTESIAN_POINT('Ctrl Pts',(2.82366257470396,-24.,312.402591649446));
#12294=CARTESIAN_POINT('Ctrl Pts',(2.78355731918466,-25.,312.883793629289));
#12295=CARTESIAN_POINT('Ctrl Pts',(2.78355731918466,-24.,312.883793629289));
#12296=CARTESIAN_POINT('Ctrl Pts',(2.76450867142835,-25.,313.112348388384));
#12297=CARTESIAN_POINT('Ctrl Pts',(2.76450867142835,-24.,313.112348388384));
#12298=CARTESIAN_POINT('Ctrl Pts',(2.40965471792234,-25.,311.7903108892));
#12299=CARTESIAN_POINT('Ctrl Pts',(2.55218799900976,-25.,312.00110492191));
#12300=CARTESIAN_POINT('Ctrl Pts',(2.82366257470396,-25.,312.402591649446));
#12301=CARTESIAN_POINT('Ctrl Pts',(2.78355731918466,-25.,312.883793629289));
#12302=CARTESIAN_POINT('Ctrl Pts',(2.76450867142835,-25.,313.112348388384));
#12303=CARTESIAN_POINT('Ctrl Pts',(2.40965471792234,-24.,311.7903108892));
#12304=CARTESIAN_POINT('Ctrl Pts',(2.55218799900976,-24.,312.00110492191));
#12305=CARTESIAN_POINT('Ctrl Pts',(2.82366257470396,-24.,312.402591649446));
#12306=CARTESIAN_POINT('Ctrl Pts',(2.78355731918466,-24.,312.883793629289));
#12307=CARTESIAN_POINT('Ctrl Pts',(2.76450867142835,-24.,313.112348388384));
#12308=CARTESIAN_POINT('Origin',(1.70840411132706,-25.,307.488212678538));
#12309=CARTESIAN_POINT('',(1.70840411132706,-25.,307.488212678538));
#12310=CARTESIAN_POINT('',(2.86320346449315,-25.,302.535757471777));
#12311=CARTESIAN_POINT('',(2.49237412517207,-25.,304.126090621259));
#12312=CARTESIAN_POINT('',(1.70840411132706,-24.,307.488212678538));
#12313=CARTESIAN_POINT('',(1.70840411132706,-25.,307.488212678538));
#12314=CARTESIAN_POINT('',(2.86320346449315,-24.,302.535757471777));
#12315=CARTESIAN_POINT('',(1.70840411132706,-24.,307.488212678538));
#12316=CARTESIAN_POINT('',(2.86320346449315,-25.,302.535757471777));
#12317=CARTESIAN_POINT('Origin',(2.88062881207813,-25.,308.988715742132));
#12318=CARTESIAN_POINT('',(2.88062881207813,-25.,308.988715742132));
#12319=CARTESIAN_POINT('',(0.154364811426697,-25.,305.49896886807));
#12320=CARTESIAN_POINT('',(2.88062881207813,-24.,308.988715742132));
#12321=CARTESIAN_POINT('',(2.88062881207813,-25.,308.988715742132));
#12322=CARTESIAN_POINT('',(2.88062881207813,-24.,308.988715742132));
#12323=CARTESIAN_POINT('Ctrl Pts',(3.41884710533313,-25.,309.254887095441));
#12324=CARTESIAN_POINT('Ctrl Pts',(3.41884710533313,-24.,309.254887095441));
#12325=CARTESIAN_POINT('Ctrl Pts',(3.32753244166303,-25.,309.260359011917));
#12326=CARTESIAN_POINT('Ctrl Pts',(3.32753244166303,-24.,309.260359011917));
#12327=CARTESIAN_POINT('Ctrl Pts',(3.10531512228612,-25.,309.273675105548));
#12328=CARTESIAN_POINT('Ctrl Pts',(3.10531512228612,-24.,309.273675105548));
#12329=CARTESIAN_POINT('Ctrl Pts',(2.9639207150644,-25.,309.094351050446));
#12330=CARTESIAN_POINT('Ctrl Pts',(2.9639207150644,-24.,309.094351050446));
#12331=CARTESIAN_POINT('Ctrl Pts',(2.88062881207813,-25.,308.988715742132));
#12332=CARTESIAN_POINT('Ctrl Pts',(2.88062881207813,-24.,308.988715742132));
#12333=CARTESIAN_POINT('',(3.41884710533313,-25.,309.254887095441));
#12334=CARTESIAN_POINT('Ctrl Pts',(3.41884710533313,-25.,309.254887095441));
#12335=CARTESIAN_POINT('Ctrl Pts',(3.32753244166303,-25.,309.260359011917));
#12336=CARTESIAN_POINT('Ctrl Pts',(3.10531512228612,-25.,309.273675105548));
#12337=CARTESIAN_POINT('Ctrl Pts',(2.9639207150644,-25.,309.094351050446));
#12338=CARTESIAN_POINT('Ctrl Pts',(2.88062881207813,-25.,308.988715742132));
#12339=CARTESIAN_POINT('',(3.41884710533313,-24.,309.254887095441));
#12340=CARTESIAN_POINT('',(3.41884710533313,-25.,309.254887095441));
#12341=CARTESIAN_POINT('Ctrl Pts',(3.41884710533313,-24.,309.254887095441));
#12342=CARTESIAN_POINT('Ctrl Pts',(3.32753244166303,-24.,309.260359011917));
#12343=CARTESIAN_POINT('Ctrl Pts',(3.10531512228612,-24.,309.273675105548));
#12344=CARTESIAN_POINT('Ctrl Pts',(2.9639207150644,-24.,309.094351050446));
#12345=CARTESIAN_POINT('Ctrl Pts',(2.88062881207813,-24.,308.988715742132));
#12346=CARTESIAN_POINT('Ctrl Pts',(3.73578626339442,-25.,308.859535160694));
#12347=CARTESIAN_POINT('Ctrl Pts',(3.73578626339442,-24.,308.859535160694));
#12348=CARTESIAN_POINT('Ctrl Pts',(3.70763368085643,-25.,308.949040228017));
#12349=CARTESIAN_POINT('Ctrl Pts',(3.70763368085643,-24.,308.949040228017));
#12350=CARTESIAN_POINT('Ctrl Pts',(3.65307659162094,-25.,309.122492732362));
#12351=CARTESIAN_POINT('Ctrl Pts',(3.65307659162094,-24.,309.122492732362));
#12352=CARTESIAN_POINT('Ctrl Pts',(3.4952378183393,-25.,309.211708501858));
#12353=CARTESIAN_POINT('Ctrl Pts',(3.4952378183393,-24.,309.211708501858));
#12354=CARTESIAN_POINT('Ctrl Pts',(3.41884710533313,-25.,309.254887095441));
#12355=CARTESIAN_POINT('Ctrl Pts',(3.41884710533313,-24.,309.254887095441));
#12356=CARTESIAN_POINT('',(3.73578626339442,-25.,308.859535160694));
#12357=CARTESIAN_POINT('Ctrl Pts',(3.73578626339442,-25.,308.859535160694));
#12358=CARTESIAN_POINT('Ctrl Pts',(3.70763368085643,-25.,308.949040228017));
#12359=CARTESIAN_POINT('Ctrl Pts',(3.65307659162094,-25.,309.122492732362));
#12360=CARTESIAN_POINT('Ctrl Pts',(3.4952378183393,-25.,309.211708501858));
#12361=CARTESIAN_POINT('Ctrl Pts',(3.41884710533313,-25.,309.254887095441));
#12362=CARTESIAN_POINT('',(3.73578626339442,-24.,308.859535160694));
#12363=CARTESIAN_POINT('',(3.73578626339442,-25.,308.859535160694));
#12364=CARTESIAN_POINT('Ctrl Pts',(3.73578626339442,-24.,308.859535160694));
#12365=CARTESIAN_POINT('Ctrl Pts',(3.70763368085643,-24.,308.949040228017));
#12366=CARTESIAN_POINT('Ctrl Pts',(3.65307659162094,-24.,309.122492732362));
#12367=CARTESIAN_POINT('Ctrl Pts',(3.4952378183393,-24.,309.211708501858));
#12368=CARTESIAN_POINT('Ctrl Pts',(3.41884710533313,-24.,309.254887095441));
#12369=CARTESIAN_POINT('Origin',(4.67635901722706,-25.,304.85668234216));
#12370=CARTESIAN_POINT('',(4.67635901722706,-25.,304.85668234216));
#12371=CARTESIAN_POINT('',(5.09475942877049,-25.,303.076070199401));
#12372=CARTESIAN_POINT('',(4.67635901722706,-24.,304.85668234216));
#12373=CARTESIAN_POINT('',(4.67635901722706,-25.,304.85668234216));
#12374=CARTESIAN_POINT('',(4.67635901722706,-24.,304.85668234216));
#12375=CARTESIAN_POINT('Origin',(8.09184169991805,-25.,309.228661729514));
#12376=CARTESIAN_POINT('',(8.09184169991805,-25.,309.228661729514));
#12377=CARTESIAN_POINT('',(4.31984887796075,-25.,304.400332500846));
#12378=CARTESIAN_POINT('',(8.09184169991805,-24.,309.228661729514));
#12379=CARTESIAN_POINT('',(8.09184169991805,-25.,309.228661729514));
#12380=CARTESIAN_POINT('',(8.09184169991806,-24.,309.228661729514));
#12381=CARTESIAN_POINT('Origin',(7.20355934505728,-25.,312.964678940713));
#12382=CARTESIAN_POINT('',(7.20355934505728,-25.,312.964678940713));
#12383=CARTESIAN_POINT('',(8.46962941931042,-25.,307.63972842007));
#12384=CARTESIAN_POINT('',(7.20355934505728,-24.,312.964678940713));
#12385=CARTESIAN_POINT('',(7.20355934505728,-25.,312.964678940713));
#12386=CARTESIAN_POINT('',(7.20355934505728,-24.,312.964678940713));
#12387=CARTESIAN_POINT('Ctrl Pts',(5.89095678816428,-25.,313.798889323652));
#12388=CARTESIAN_POINT('Ctrl Pts',(5.89095678816428,-24.,313.798889323652));
#12389=CARTESIAN_POINT('Ctrl Pts',(6.20984386613871,-25.,313.818291915498));
#12390=CARTESIAN_POINT('Ctrl Pts',(6.20984386613871,-24.,313.818291915498));
#12391=CARTESIAN_POINT('Ctrl Pts',(6.84850193196655,-25.,313.857150880433));
#12392=CARTESIAN_POINT('Ctrl Pts',(6.84850193196655,-24.,313.857150880433));
#12393=CARTESIAN_POINT('Ctrl Pts',(7.08509772362309,-25.,313.262443947627));
#12394=CARTESIAN_POINT('Ctrl Pts',(7.08509772362309,-24.,313.262443947627));
#12395=CARTESIAN_POINT('Ctrl Pts',(7.20355934505728,-25.,312.964678940713));
#12396=CARTESIAN_POINT('Ctrl Pts',(7.20355934505728,-24.,312.964678940713));
#12397=CARTESIAN_POINT('',(5.89095678816428,-25.,313.798889323652));
#12398=CARTESIAN_POINT('Ctrl Pts',(5.89095678816428,-25.,313.798889323652));
#12399=CARTESIAN_POINT('Ctrl Pts',(6.20984386613871,-25.,313.818291915498));
#12400=CARTESIAN_POINT('Ctrl Pts',(6.84850193196655,-25.,313.857150880433));
#12401=CARTESIAN_POINT('Ctrl Pts',(7.08509772362309,-25.,313.262443947627));
#12402=CARTESIAN_POINT('Ctrl Pts',(7.20355934505728,-25.,312.964678940713));
#12403=CARTESIAN_POINT('',(5.89095678816428,-24.,313.798889323652));
#12404=CARTESIAN_POINT('',(5.89095678816428,-25.,313.798889323652));
#12405=CARTESIAN_POINT('Ctrl Pts',(5.89095678816428,-24.,313.798889323652));
#12406=CARTESIAN_POINT('Ctrl Pts',(6.20984386613871,-24.,313.818291915498));
#12407=CARTESIAN_POINT('Ctrl Pts',(6.84850193196655,-24.,313.857150880433));
#12408=CARTESIAN_POINT('Ctrl Pts',(7.08509772362309,-24.,313.262443947627));
#12409=CARTESIAN_POINT('Ctrl Pts',(7.20355934505728,-24.,312.964678940713));
#12410=CARTESIAN_POINT('Ctrl Pts',(6.36520927228623,-25.,316.453087166441));
#12411=CARTESIAN_POINT('Ctrl Pts',(6.36520927228623,-24.,316.453087166441));
#12412=CARTESIAN_POINT('Ctrl Pts',(6.39640343716514,-25.,316.071009316085));
#12413=CARTESIAN_POINT('Ctrl Pts',(6.39640343716514,-24.,316.071009316085));
#12414=CARTESIAN_POINT('Ctrl Pts',(6.47149009453222,-25.,315.151319728349));
#12415=CARTESIAN_POINT('Ctrl Pts',(6.47149009453222,-24.,315.151319728349));
#12416=CARTESIAN_POINT('Ctrl Pts',(6.10512081454949,-25.,314.297813222933));
#12417=CARTESIAN_POINT('Ctrl Pts',(6.10512081454949,-24.,314.297813222933));
#12418=CARTESIAN_POINT('Ctrl Pts',(5.89095678816428,-25.,313.798889323652));
#12419=CARTESIAN_POINT('Ctrl Pts',(5.89095678816428,-24.,313.798889323652));
#12420=CARTESIAN_POINT('',(6.36520927228623,-25.,316.453087166441));
#12421=CARTESIAN_POINT('Ctrl Pts',(6.36520927228623,-25.,316.453087166441));
#12422=CARTESIAN_POINT('Ctrl Pts',(6.39640343716514,-25.,316.071009316085));
#12423=CARTESIAN_POINT('Ctrl Pts',(6.47149009453222,-25.,315.151319728349));
#12424=CARTESIAN_POINT('Ctrl Pts',(6.10512081454949,-25.,314.297813222933));
#12425=CARTESIAN_POINT('Ctrl Pts',(5.89095678816428,-25.,313.798889323652));
#12426=CARTESIAN_POINT('',(6.36520927228623,-24.,316.453087166441));
#12427=CARTESIAN_POINT('',(6.36520927228623,-25.,316.453087166441));
#12428=CARTESIAN_POINT('Ctrl Pts',(6.36520927228623,-24.,316.453087166441));
#12429=CARTESIAN_POINT('Ctrl Pts',(6.39640343716514,-24.,316.071009316085));
#12430=CARTESIAN_POINT('Ctrl Pts',(6.47149009453222,-24.,315.151319728349));
#12431=CARTESIAN_POINT('Ctrl Pts',(6.10512081454949,-24.,314.297813222933));
#12432=CARTESIAN_POINT('Ctrl Pts',(5.89095678816428,-24.,313.798889323652));
#12433=CARTESIAN_POINT('Origin',(5.76031242071145,-25.,318.994251120824));
#12434=CARTESIAN_POINT('',(5.76031242071145,-25.,318.994251120824));
#12435=CARTESIAN_POINT('',(7.74532764560526,-25.,310.655227491804));
#12436=CARTESIAN_POINT('',(5.76031242071145,-24.,318.994251120824));
#12437=CARTESIAN_POINT('',(5.76031242071145,-25.,318.994251120824));
#12438=CARTESIAN_POINT('',(5.76031242071145,-24.,318.994251120824));
#12439=CARTESIAN_POINT('Ctrl Pts',(4.80258916360189,-25.,320.037961603381));
#12440=CARTESIAN_POINT('Ctrl Pts',(4.80258916360189,-24.,320.037961603381));
#12441=CARTESIAN_POINT('Ctrl Pts',(5.03544251444112,-25.,319.934117043681));
#12442=CARTESIAN_POINT('Ctrl Pts',(5.03544251444112,-24.,319.934117043681));
#12443=CARTESIAN_POINT('Ctrl Pts',(5.50494129554564,-25.,319.724736787705));
#12444=CARTESIAN_POINT('Ctrl Pts',(5.50494129554564,-24.,319.724736787705));
#12445=CARTESIAN_POINT('Ctrl Pts',(5.67473158776095,-25.,319.239053941775));
#12446=CARTESIAN_POINT('Ctrl Pts',(5.67473158776095,-24.,319.239053941775));
#12447=CARTESIAN_POINT('Ctrl Pts',(5.76031242071145,-25.,318.994251120824));
#12448=CARTESIAN_POINT('Ctrl Pts',(5.76031242071145,-24.,318.994251120824));
#12449=CARTESIAN_POINT('',(4.80258916360189,-25.,320.037961603381));
#12450=CARTESIAN_POINT('Ctrl Pts',(4.80258916360189,-25.,320.037961603381));
#12451=CARTESIAN_POINT('Ctrl Pts',(5.03544251444112,-25.,319.934117043681));
#12452=CARTESIAN_POINT('Ctrl Pts',(5.50494129554564,-25.,319.724736787705));
#12453=CARTESIAN_POINT('Ctrl Pts',(5.67473158776095,-25.,319.239053941775));
#12454=CARTESIAN_POINT('Ctrl Pts',(5.76031242071145,-25.,318.994251120824));
#12455=CARTESIAN_POINT('',(4.80258916360189,-24.,320.037961603381));
#12456=CARTESIAN_POINT('',(4.80258916360189,-25.,320.037961603381));
#12457=CARTESIAN_POINT('Ctrl Pts',(4.80258916360189,-24.,320.037961603381));
#12458=CARTESIAN_POINT('Ctrl Pts',(5.03544251444112,-24.,319.934117043681));
#12459=CARTESIAN_POINT('Ctrl Pts',(5.50494129554564,-24.,319.724736787705));
#12460=CARTESIAN_POINT('Ctrl Pts',(5.67473158776095,-24.,319.239053941775));
#12461=CARTESIAN_POINT('Ctrl Pts',(5.76031242071145,-24.,318.994251120824));
#12462=CARTESIAN_POINT('Ctrl Pts',(3.34023434725434,-25.,319.389904709692));
#12463=CARTESIAN_POINT('Ctrl Pts',(3.34023434725434,-24.,319.389904709692));
#12464=CARTESIAN_POINT('Ctrl Pts',(3.55698467318041,-25.,319.642267531053));
#12465=CARTESIAN_POINT('Ctrl Pts',(3.55698467318041,-24.,319.642267531053));
#12466=CARTESIAN_POINT('Ctrl Pts',(3.94838743476561,-25.,320.097978519168));
#12467=CARTESIAN_POINT('Ctrl Pts',(3.94838743476561,-24.,320.097978519168));
#12468=CARTESIAN_POINT('Ctrl Pts',(4.53903109857261,-25.,320.056479409725));
#12469=CARTESIAN_POINT('Ctrl Pts',(4.53903109857261,-24.,320.056479409725));
#12470=CARTESIAN_POINT('Ctrl Pts',(4.80258916360189,-25.,320.037961603381));
#12471=CARTESIAN_POINT('Ctrl Pts',(4.80258916360189,-24.,320.037961603381));
#12472=CARTESIAN_POINT('',(3.34023434725434,-25.,319.389904709692));
#12473=CARTESIAN_POINT('Ctrl Pts',(3.34023434725434,-25.,319.389904709692));
#12474=CARTESIAN_POINT('Ctrl Pts',(3.55698467318041,-25.,319.642267531053));
#12475=CARTESIAN_POINT('Ctrl Pts',(3.94838743476561,-25.,320.097978519168));
#12476=CARTESIAN_POINT('Ctrl Pts',(4.53903109857261,-25.,320.056479409725));
#12477=CARTESIAN_POINT('Ctrl Pts',(4.80258916360189,-25.,320.037961603381));
#12478=CARTESIAN_POINT('',(3.34023434725434,-24.,319.389904709692));
#12479=CARTESIAN_POINT('',(3.34023434725434,-25.,319.389904709692));
#12480=CARTESIAN_POINT('Ctrl Pts',(3.34023434725434,-24.,319.389904709692));
#12481=CARTESIAN_POINT('Ctrl Pts',(3.55698467318041,-24.,319.642267531053));
#12482=CARTESIAN_POINT('Ctrl Pts',(3.94838743476561,-24.,320.097978519168));
#12483=CARTESIAN_POINT('Ctrl Pts',(4.53903109857261,-24.,320.056479409725));
#12484=CARTESIAN_POINT('Ctrl Pts',(4.80258916360189,-24.,320.037961603381));
#12485=CARTESIAN_POINT('Origin',(-3.47386039968827,-25.,310.667541124573));
#12486=CARTESIAN_POINT('',(-3.47386039968827,-25.,310.667541124573));
#12487=CARTESIAN_POINT('',(-5.40317922385906,-25.,308.197921772189));
#12488=CARTESIAN_POINT('',(-3.47386039968827,-24.,310.667541124573));
#12489=CARTESIAN_POINT('',(-3.47386039968827,-25.,310.667541124573));
#12490=CARTESIAN_POINT('',(-3.47386039968827,-24.,310.667541124573));
#12491=CARTESIAN_POINT('Origin',(-0.501679105088444,-25.,298.228548622606));
#12492=CARTESIAN_POINT('',(-0.501679105088444,-25.,298.228548622606));
#12493=CARTESIAN_POINT('',(-0.688337107528117,-25.,299.009738349154));
#12494=CARTESIAN_POINT('',(-0.501679105088444,-24.,298.228548622606));
#12495=CARTESIAN_POINT('',(-0.501679105088444,-25.,298.228548622606));
#12496=CARTESIAN_POINT('',(-0.501679105088444,-24.,298.228548622606));
#12497=CARTESIAN_POINT('Origin',(2.86320346449314,-25.,302.535757471777));
#12498=CARTESIAN_POINT('',(1.7055297602483,-25.,301.053880371978));
#12499=CARTESIAN_POINT('',(2.86320346449314,-24.,302.535757471777));
#12500=CARTESIAN_POINT('Origin',(-4.10030686139273,-24.,300.113851314121));
#12501=CARTESIAN_POINT('Origin',(-23.9790844861381,-25.,276.431631283268));
#12502=CARTESIAN_POINT('',(-23.9790844861381,-25.,276.431631283268));
#12503=CARTESIAN_POINT('',(-22.436656775155,-25.,270.15073967291));
#12504=CARTESIAN_POINT('',(-26.0264583780718,-25.,284.768704981793));
#12505=CARTESIAN_POINT('',(-23.9790844861381,-24.,276.431631283268));
#12506=CARTESIAN_POINT('',(-23.9790844861381,-25.,276.431631283268));
#12507=CARTESIAN_POINT('',(-22.436656775155,-24.,270.15073967291));
#12508=CARTESIAN_POINT('',(-23.9790844861381,-24.,276.431631283268));
#12509=CARTESIAN_POINT('',(-22.436656775155,-25.,270.15073967291));
#12510=CARTESIAN_POINT('Origin',(-19.889804352607,-25.,273.410831240769));
#12511=CARTESIAN_POINT('',(-19.889804352607,-25.,273.410831240769));
#12512=CARTESIAN_POINT('',(-19.8095595496172,-25.,273.351553447034));
#12513=CARTESIAN_POINT('',(-19.889804352607,-24.,273.410831240769));
#12514=CARTESIAN_POINT('',(-19.889804352607,-25.,273.410831240769));
#12515=CARTESIAN_POINT('',(-19.889804352607,-24.,273.410831240769));
#12516=CARTESIAN_POINT('Origin',(-17.3176515065604,-25.,276.703308547426));
#12517=CARTESIAN_POINT('',(-17.3176515065604,-25.,276.703308547426));
#12518=CARTESIAN_POINT('',(-8.38489772527848,-25.,288.137655909803));
#12519=CARTESIAN_POINT('',(-17.3176515065604,-24.,276.703308547426));
#12520=CARTESIAN_POINT('',(-17.3176515065604,-25.,276.703308547426));
#12521=CARTESIAN_POINT('',(-17.3176515065604,-24.,276.703308547426));
#12522=CARTESIAN_POINT('Origin',(-16.7129656319771,-25.,285.843863703647));
#12523=CARTESIAN_POINT('',(-16.7129656319771,-25.,285.843863703647));
#12524=CARTESIAN_POINT('',(-16.2103504138609,-25.,293.441497974024));
#12525=CARTESIAN_POINT('',(-16.7129656319771,-24.,285.843863703647));
#12526=CARTESIAN_POINT('',(-16.7129656319771,-25.,285.843863703647));
#12527=CARTESIAN_POINT('',(-16.7129656319771,-24.,285.843863703647));
#12528=CARTESIAN_POINT('Origin',(-15.1671635788359,-25.,279.456034813734));
#12529=CARTESIAN_POINT('',(-15.1671635788359,-25.,279.456034813734));
#12530=CARTESIAN_POINT('',(-17.0958597038087,-25.,287.426124387576));
#12531=CARTESIAN_POINT('',(-15.1671635788359,-24.,279.456034813734));
#12532=CARTESIAN_POINT('',(-15.1671635788359,-25.,279.456034813734));
#12533=CARTESIAN_POINT('',(-15.1671635788359,-24.,279.456034813734));
#12534=CARTESIAN_POINT('Origin',(-13.0082410757798,-25.,282.219557735425));
#12535=CARTESIAN_POINT('',(-13.0082410757798,-25.,282.219557735425));
#12536=CARTESIAN_POINT('',(-6.23019250988817,-25.,290.895780503802));
#12537=CARTESIAN_POINT('',(-13.0082410757798,-24.,282.219557735425));
#12538=CARTESIAN_POINT('',(-13.0082410757798,-25.,282.219557735425));
#12539=CARTESIAN_POINT('',(-13.0082410757798,-24.,282.219557735425));
#12540=CARTESIAN_POINT('Origin',(-15.9804238381557,-25.,294.658548358569));
#12541=CARTESIAN_POINT('',(-15.9804238381557,-25.,294.65854835857));
#12542=CARTESIAN_POINT('',(-16.1525586993896,-25.,295.378956252697));
#12543=CARTESIAN_POINT('',(-15.9804238381557,-24.,294.65854835857));
#12544=CARTESIAN_POINT('',(-15.9804238381557,-25.,294.65854835857));
#12545=CARTESIAN_POINT('',(-15.9804238381557,-24.,294.658548358569));
#12546=CARTESIAN_POINT('Origin',(-19.7838353395064,-25.,289.790001734164));
#12547=CARTESIAN_POINT('',(-19.7838353395064,-25.,289.790001734164));
#12548=CARTESIAN_POINT('',(-13.5581666937682,-25.,297.759152076984));
#12549=CARTESIAN_POINT('',(-19.7838353395064,-24.,289.790001734164));
#12550=CARTESIAN_POINT('',(-19.7838353395064,-25.,289.790001734164));
#12551=CARTESIAN_POINT('',(-19.7838353395064,-24.,289.790001734164));
#12552=CARTESIAN_POINT('Origin',(-20.2903411613553,-25.,279.92956690394));
#12553=CARTESIAN_POINT('',(-20.2903411613553,-25.,279.92956690394));
#12554=CARTESIAN_POINT('',(-19.7495150312957,-25.,290.458134552914));
#12555=CARTESIAN_POINT('',(-20.2903411613553,-24.,279.92956690394));
#12556=CARTESIAN_POINT('',(-20.2903411613553,-25.,279.92956690394));
#12557=CARTESIAN_POINT('',(-20.2903411613553,-24.,279.92956690394));
#12558=CARTESIAN_POINT('Origin',(-24.9871735183766,-25.,283.12948274552));
#12559=CARTESIAN_POINT('',(-24.9871735183766,-25.,283.129482745519));
#12560=CARTESIAN_POINT('',(-20.3792663770717,-25.,279.990150971));
#12561=CARTESIAN_POINT('',(-24.9871735183766,-24.,283.129482745519));
#12562=CARTESIAN_POINT('',(-24.9871735183766,-25.,283.129482745519));
#12563=CARTESIAN_POINT('',(-24.9871735183766,-24.,283.12948274552));
#12564=CARTESIAN_POINT('Origin',(-27.5761925795344,-25.,279.815415885743));
#12565=CARTESIAN_POINT('',(-27.5761925795344,-25.,279.815415885743));
#12566=CARTESIAN_POINT('',(-17.4543453137821,-25.,292.771859152773));
#12567=CARTESIAN_POINT('',(-27.5761925795344,-24.,279.815415885743));
#12568=CARTESIAN_POINT('',(-27.5761925795344,-25.,279.815415885743));
#12569=CARTESIAN_POINT('',(-27.5761925795344,-24.,279.815415885743));
#12570=CARTESIAN_POINT('Origin',(-24.6040114684066,-25.,267.376423148923));
#12571=CARTESIAN_POINT('',(-24.6040114684066,-25.,267.376423148923));
#12572=CARTESIAN_POINT('',(-27.6266372868024,-25.,280.026534025539));
#12573=CARTESIAN_POINT('',(-24.6040114684066,-24.,267.376423148923));
#12574=CARTESIAN_POINT('',(-24.6040114684066,-25.,267.376423148923));
#12575=CARTESIAN_POINT('',(-24.6040114684066,-24.,267.376423148923));
#12576=CARTESIAN_POINT('Origin',(-22.436656775155,-25.,270.15073967291));
#12577=CARTESIAN_POINT('',(-10.9444003595757,-25.,284.861371472545));
#12578=CARTESIAN_POINT('',(-22.436656775155,-24.,270.15073967291));
#12579=CARTESIAN_POINT('Origin',(-4.10030686139273,-24.,300.113851314121));
#12580=CARTESIAN_POINT('Origin',(0.,-25.,300.));
#12581=CARTESIAN_POINT('',(-24.1842719974739,-25.,260.));
#12582=CARTESIAN_POINT('',(38.3134185007117,-25.,340.));
#12583=CARTESIAN_POINT('',(-10.1715335582908,-25.,277.936968009517));
#12584=CARTESIAN_POINT('',(13.2589231637403,-25.,340.));
#12585=CARTESIAN_POINT('',(47.5,-25.,340.));
#12586=CARTESIAN_POINT('',(-49.2387673344455,-25.,260.));
#12587=CARTESIAN_POINT('',(1.31921022975561,-25.,324.716602691959));
#12588=CARTESIAN_POINT('',(-47.5,-25.,260.));
#12589=CARTESIAN_POINT('',(-8.51330007711292,-25.,287.973294825979));
#12590=CARTESIAN_POINT('',(-9.69339948683371,-25.,292.893364763648));
#12591=CARTESIAN_POINT('',(-9.64560136056131,-25.,292.694084836709));
#12592=CARTESIAN_POINT('',(-14.892528745184,-25.,296.051105535386));
#12593=CARTESIAN_POINT('',(-7.72935051977938,-25.,291.700480880064));
#12594=CARTESIAN_POINT('',(-11.8649792844811,-25.,299.92651204922));
#12595=CARTESIAN_POINT('',(-11.112513396607,-25.,300.889703977595));
#12596=CARTESIAN_POINT('',(-8.91694018545945,-25.,298.092790454938));
#12597=CARTESIAN_POINT('',(-7.60394508101084,-25.,297.276089117086));
#12598=CARTESIAN_POINT('',(-8.11216496068755,-25.,304.730291893088));
#12599=CARTESIAN_POINT('',(-8.73840049066485,-25.,299.565322715486));
#12600=CARTESIAN_POINT('',(-4.78945159832395,-25.,308.983522162402));
#12601=CARTESIAN_POINT('',(-7.7223315043587,-25.,305.229297156446));
#12602=CARTESIAN_POINT('',(-6.28635211336241,-25.,297.254546556208));
#12603=CARTESIAN_POINT('',(-5.31514127532736,-25.,304.864476617253));
#12604=CARTESIAN_POINT('',(-5.05565259053222,-25.,292.399247156721));
#12605=CARTESIAN_POINT('',(-6.42354176465825,-25.,297.795780886112));
#12606=CARTESIAN_POINT('',(-2.25389826726438,-25.,295.98562521445));
#12607=CARTESIAN_POINT('',(11.915038133512,-25.,320.530941881233));
#12608=CARTESIAN_POINT('',(12.1566861404833,-25.,314.431854881982));
#12609=CARTESIAN_POINT('',(12.3117850081207,-25.,310.517229228486));
#12610=CARTESIAN_POINT('',(9.33996803810933,-25.,310.826322479205));
#12611=CARTESIAN_POINT('',(6.35227109824336,-25.,307.00192907708));
#12612=CARTESIAN_POINT('',(8.86403941989205,-25.,326.460636480554));
#12613=CARTESIAN_POINT('',(9.50027553031796,-25.,305.560201523196));
#12614=CARTESIAN_POINT('',(13.8565447726571,-25.,332.851279479319));
#12615=CARTESIAN_POINT('',(0.765770685931111,-25.,316.094469450179));
#12616=CARTESIAN_POINT('',(19.3755788567489,-25.,323.672379014918));
#12617=CARTESIAN_POINT('',(19.2706939662797,-25.,323.846816779781));
#12618=CARTESIAN_POINT('',(16.1371980377169,-25.,319.527098390027));
#12619=CARTESIAN_POINT('',(9.96171745637619,-25.,311.622191143548));
#12620=CARTESIAN_POINT('',(13.9727604103494,-25.,323.164923726559));
#12621=CARTESIAN_POINT('',(18.3180084236225,-25.,315.861754942053));
#12622=CARTESIAN_POINT('',(5.70582658972523,-25.,312.582857407338));
#12623=CARTESIAN_POINT('Origin',(-28.1494017008117,-25.,308.327595297408));
#12624=CARTESIAN_POINT('',(-24.2093479327781,-23.,305.24928792078));
#12625=CARTESIAN_POINT('',(-28.1494017008117,-23.,308.327595297408));
#12626=CARTESIAN_POINT('',(-17.3895045889368,-23.,299.921042341209));
#12627=CARTESIAN_POINT('',(-24.2093479327781,-25.,305.24928792078));
#12628=CARTESIAN_POINT('',(-24.2093479327781,-25.,305.24928792078));
#12629=CARTESIAN_POINT('',(-28.1494017008117,-25.,308.327595297408));
#12630=CARTESIAN_POINT('',(-17.3895045889368,-25.,299.921042341209));
#12631=CARTESIAN_POINT('',(-28.1494017008117,-25.,308.327595297408));
#12632=CARTESIAN_POINT('Origin',(-31.22770907744,-25.,304.387541529375));
#12633=CARTESIAN_POINT('',(-31.22770907744,-23.,304.387541529375));
#12634=CARTESIAN_POINT('',(-26.373751650595,-23.,310.600323720886));
#12635=CARTESIAN_POINT('',(-31.22770907744,-25.,304.387541529375));
#12636=CARTESIAN_POINT('',(-26.373751650595,-25.,310.600323720886));
#12637=CARTESIAN_POINT('',(-31.22770907744,-25.,304.387541529375));
#12638=CARTESIAN_POINT('Origin',(-27.2876553094064,-25.,301.309234152746));
#12639=CARTESIAN_POINT('',(-27.2876553094064,-23.,301.309234152746));
#12640=CARTESIAN_POINT('',(-18.4977850815483,-23.,294.441834884861));
#12641=CARTESIAN_POINT('',(-27.2876553094064,-25.,301.309234152746));
#12642=CARTESIAN_POINT('',(-18.4977850815483,-25.,294.441834884861));
#12643=CARTESIAN_POINT('',(-27.2876553094064,-25.,301.309234152746));
#12644=CARTESIAN_POINT('Origin',(-24.2093479327781,-25.,305.24928792078));
#12645=CARTESIAN_POINT('',(-20.8945441942472,-23.,309.492043228275));
#12646=CARTESIAN_POINT('',(-20.8945441942472,-25.,309.492043228275));
#12647=CARTESIAN_POINT('Origin',(19.0674407797579,-23.,290.301416599724));
#12648=CARTESIAN_POINT('',(18.2794300261511,-23.,290.91707807505));
#12649=CARTESIAN_POINT('Origin',(19.0674407797579,-23.,290.301416599724));
#12650=CARTESIAN_POINT('',(18.2794300261511,-24.,290.91707807505));
#12651=CARTESIAN_POINT('',(18.2794300261511,-23.,290.91707807505));
#12652=CARTESIAN_POINT('Origin',(19.0674407797579,-24.,290.301416599724));
#12653=CARTESIAN_POINT('Origin',(14.4499797148154,-24.,284.391335947674));
#12654=CARTESIAN_POINT('Origin',(9.832518649873,-23.,278.481255295623));
#12655=CARTESIAN_POINT('',(9.04450789626626,-23.,279.096916770949));
#12656=CARTESIAN_POINT('Origin',(9.832518649873,-23.,278.481255295623));
#12657=CARTESIAN_POINT('',(9.04450789626626,-24.,279.096916770949));
#12658=CARTESIAN_POINT('',(9.04450789626626,-23.,279.096916770949));
#12659=CARTESIAN_POINT('Origin',(9.832518649873,-24.,278.481255295623));
#12660=CARTESIAN_POINT('Origin',(14.4499797148154,-24.,284.391335947674));
#12661=CARTESIAN_POINT('Origin',(2.85000007450581,-25.,267.850004023314));
#12662=CARTESIAN_POINT('',(-2.85000007450581,-23.,267.850004023314));
#12663=CARTESIAN_POINT('',(2.85000007450581,-23.,267.850004023314));
#12664=CARTESIAN_POINT('',(1.4250000372529,-23.,267.850004023313));
#12665=CARTESIAN_POINT('',(-2.85000007450581,-25.,267.850004023314));
#12666=CARTESIAN_POINT('',(-2.85000007450581,-25.,267.850004023314));
#12667=CARTESIAN_POINT('',(2.85000007450581,-25.,267.850004023314));
#12668=CARTESIAN_POINT('',(1.4250000372529,-25.,267.850004023313));
#12669=CARTESIAN_POINT('',(2.85000007450581,-25.,267.850004023314));
#12670=CARTESIAN_POINT('Origin',(2.85000007450581,-25.,270.000004023314));
#12671=CARTESIAN_POINT('',(2.85000007450581,-23.,272.150004023313));
#12672=CARTESIAN_POINT('Origin',(2.85000007450581,-23.,270.000004023314));
#12673=CARTESIAN_POINT('',(2.85000007450581,-25.,272.150004023313));
#12674=CARTESIAN_POINT('Origin',(2.85000007450581,-25.,270.000004023314));
#12675=CARTESIAN_POINT('',(2.85000007450581,-25.,272.150004023313));
#12676=CARTESIAN_POINT('Origin',(-2.85000007450581,-25.,272.150004023313));
#12677=CARTESIAN_POINT('',(-2.85000007450581,-23.,272.150004023313));
#12678=CARTESIAN_POINT('',(-1.4250000372529,-23.,272.150004023314));
#12679=CARTESIAN_POINT('',(-2.85000007450581,-25.,272.150004023313));
#12680=CARTESIAN_POINT('',(-1.4250000372529,-25.,272.150004023314));
#12681=CARTESIAN_POINT('',(-2.85000007450581,-25.,272.150004023313));
#12682=CARTESIAN_POINT('Origin',(-2.85000007450581,-25.,270.000004023314));
#12683=CARTESIAN_POINT('Origin',(-2.85000007450581,-23.,270.000004023314));
#12684=CARTESIAN_POINT('Origin',(-2.85000007450581,-25.,270.000004023314));
#12685=CARTESIAN_POINT('Origin',(13.7714632733104,-25.,280.924043713291));
#12686=CARTESIAN_POINT('',(11.2498288617688,-23.,282.894160434333));
#12687=CARTESIAN_POINT('',(13.7714632733104,-23.,280.924043713291));
#12688=CARTESIAN_POINT('',(4.86836311501237,-23.,287.879907898319));
#12689=CARTESIAN_POINT('',(11.2498288617688,-25.,282.894160434333));
#12690=CARTESIAN_POINT('',(11.2498288617688,-25.,282.894160434333));
#12691=CARTESIAN_POINT('',(13.7714632733104,-25.,280.924043713291));
#12692=CARTESIAN_POINT('',(4.86836311501237,-25.,287.879907898319));
#12693=CARTESIAN_POINT('',(13.7714632733104,-25.,280.924043713291));
#12694=CARTESIAN_POINT('Origin',(17.650130567862,-25.,285.888511461014));
#12695=CARTESIAN_POINT('',(17.650130567862,-23.,285.888511461014));
#12696=CARTESIAN_POINT('',(17.728165442229,-23.,285.988391545479));
#12697=CARTESIAN_POINT('',(17.650130567862,-25.,285.888511461014));
#12698=CARTESIAN_POINT('',(17.728165442229,-25.,285.988391545479));
#12699=CARTESIAN_POINT('',(17.650130567862,-25.,285.888511461014));
#12700=CARTESIAN_POINT('Origin',(15.1284961563205,-25.,287.858628182056));
#12701=CARTESIAN_POINT('',(15.1284961563205,-23.,287.858628182056));
#12702=CARTESIAN_POINT('',(7.48621320379325,-23.,293.829434006563));
#12703=CARTESIAN_POINT('',(15.1284961563205,-25.,287.858628182056));
#12704=CARTESIAN_POINT('',(7.48621320379325,-25.,293.829434006563));
#12705=CARTESIAN_POINT('',(15.1284961563205,-25.,287.858628182056));
#12706=CARTESIAN_POINT('Origin',(11.2498288617688,-25.,282.894160434333));
#12707=CARTESIAN_POINT('',(13.2671973834117,-23.,285.47627439266));
#12708=CARTESIAN_POINT('',(13.2671973834117,-25.,285.47627439266));
#12709=CARTESIAN_POINT('Origin',(-31.4433702678546,-25.,295.990161565901));
#12710=CARTESIAN_POINT('',(-35.3834240358882,-23.,299.068468942529));
#12711=CARTESIAN_POINT('',(-31.4433702678546,-23.,295.990161565901));
#12712=CARTESIAN_POINT('',(-22.6535000399965,-23.,289.122762298016));
#12713=CARTESIAN_POINT('',(-35.3834240358882,-25.,299.068468942529));
#12714=CARTESIAN_POINT('',(-35.3834240358882,-25.,299.068468942529));
#12715=CARTESIAN_POINT('',(-31.4433702678546,-25.,295.990161565901));
#12716=CARTESIAN_POINT('',(-22.6535000399965,-25.,289.122762298016));
#12717=CARTESIAN_POINT('',(-31.4433702678546,-25.,295.990161565901));
#12718=CARTESIAN_POINT('Origin',(-28.3650628912263,-25.,299.930215333935));
#12719=CARTESIAN_POINT('',(-28.3650628912263,-23.,299.930215333935));
#12720=CARTESIAN_POINT('',(-22.9724016734713,-23.,306.832506934852));
#12721=CARTESIAN_POINT('',(-28.3650628912263,-25.,299.930215333935));
#12722=CARTESIAN_POINT('',(-22.9724016734713,-25.,306.832506934852));
#12723=CARTESIAN_POINT('',(-28.3650628912263,-25.,299.930215333935));
#12724=CARTESIAN_POINT('Origin',(-32.3051166592599,-25.,303.008522710563));
#12725=CARTESIAN_POINT('',(-32.3051166592599,-23.,303.008522710563));
#12726=CARTESIAN_POINT('',(-21.545219547385,-23.,294.601969754364));
#12727=CARTESIAN_POINT('',(-32.3051166592599,-25.,303.008522710563));
#12728=CARTESIAN_POINT('',(-21.545219547385,-25.,294.601969754364));
#12729=CARTESIAN_POINT('',(-32.3051166592599,-25.,303.008522710563));
#12730=CARTESIAN_POINT('Origin',(-35.3834240358882,-25.,299.068468942529));
#12731=CARTESIAN_POINT('',(-28.4516091298191,-23.,307.940787427464));
#12732=CARTESIAN_POINT('',(-28.4516091298191,-25.,307.940787427464));
#12733=CARTESIAN_POINT('Origin',(39.8484275686574,-25.,341.964884213429));
#12734=CARTESIAN_POINT('',(40.8152598402093,-24.,340.));
#12735=CARTESIAN_POINT('',(40.8152598402093,-25.,340.));
#12736=CARTESIAN_POINT('',(40.8152598402093,-24.,340.));
#12737=CARTESIAN_POINT('',(40.8292166817596,-24.,339.971635641012));
#12738=CARTESIAN_POINT('',(40.8292166817596,-24.,339.971635641012));
#12739=CARTESIAN_POINT('',(40.8292166817596,-25.,339.971635641012));
#12740=CARTESIAN_POINT('',(40.8292166817596,-25.,339.971635641012));
#12741=CARTESIAN_POINT('',(44.2767507920682,-25.,332.965244203819));
#12742=CARTESIAN_POINT('Origin',(8.0495254659853,-24.,300.633057194751));
#12743=CARTESIAN_POINT('',(38.3134185007117,-24.,340.));
#12744=CARTESIAN_POINT('',(51.5247627329926,-24.,340.));
#12745=CARTESIAN_POINT('',(-24.1842719974739,-24.,260.));
#12746=CARTESIAN_POINT('',(28.5463386472057,-24.,327.497675801266));
#12747=CARTESIAN_POINT('',(-21.646314979811,-24.,260.));
#12748=CARTESIAN_POINT('',(-43.4752372670074,-24.,260.));
#12749=CARTESIAN_POINT('',(30.1224094680124,-24.,326.266415971741));
#12750=CARTESIAN_POINT('Origin',(-24.730165749789,-25.,259.301230176074));
#12751=CARTESIAN_POINT('',(38.3134185007117,-24.,340.));
#12752=CARTESIAN_POINT('',(-24.1842719974739,-24.,260.));
#12753=CARTESIAN_POINT('Origin',(40.8292166817596,-25.,339.971635641012));
#12754=CARTESIAN_POINT('',(-21.646314979811,-25.,260.));
#12755=CARTESIAN_POINT('',(-21.646314979811,-24.,260.));
#12756=CARTESIAN_POINT('',(23.3961930678868,-25.,317.656540827224));
#12757=CARTESIAN_POINT('Origin',(-51.8079667254823,-25.,259.960008284306));
#12758=CARTESIAN_POINT('',(-51.7767243521084,-24.,260.));
#12759=CARTESIAN_POINT('',(-51.7767243521084,-25.,260.));
#12760=CARTESIAN_POINT('',(-51.7767243521084,-24.,260.));
#12761=CARTESIAN_POINT('',(10.7209661460773,-24.,340.));
#12762=CARTESIAN_POINT('',(11.4114310313615,-24.,340.883827712391));
#12763=CARTESIAN_POINT('',(10.7209661460773,-25.,340.));
#12764=CARTESIAN_POINT('',(10.7209661460773,-24.,340.));
#12765=CARTESIAN_POINT('',(-32.2778878540596,-25.,284.959433019196));
#12766=CARTESIAN_POINT('Origin',(13.8101586213415,-25.,340.705607459357));
#12767=CARTESIAN_POINT('',(-49.2387673344455,-24.,260.));
#12768=CARTESIAN_POINT('',(-49.2387673344455,-24.,260.));
#12769=CARTESIAN_POINT('',(13.2589231637403,-24.,340.));
#12770=CARTESIAN_POINT('',(13.2589231637403,-24.,340.));
#12771=CARTESIAN_POINT('',(-39.2938032637955,-24.,272.730024410664));
#12772=CARTESIAN_POINT('Origin',(-18.9989040520705,-24.,300.092528944232));
#12773=CARTESIAN_POINT('',(-56.9994520260352,-24.,260.));
#12774=CARTESIAN_POINT('',(38.0005479739648,-24.,340.));
#12775=CARTESIAN_POINT('Origin',(0.,-25.,300.));
#12776=CARTESIAN_POINT('',(-95.,-25.,340.));
#12777=CARTESIAN_POINT('',(47.5,-25.,340.));
#12778=CARTESIAN_POINT('',(-100.,-25.,335.));
#12779=CARTESIAN_POINT('Origin',(-95.,-25.,335.));
#12780=CARTESIAN_POINT('',(-100.,-25.,265.));
#12781=CARTESIAN_POINT('',(-100.,-25.,317.5));
#12782=CARTESIAN_POINT('',(-95.,-25.,260.));
#12783=CARTESIAN_POINT('Origin',(-95.,-25.,265.));
#12784=CARTESIAN_POINT('',(-47.5,-25.,260.));
#12785=CARTESIAN_POINT('',(-92.7500000149012,-25.,308.896261867971));
#12786=CARTESIAN_POINT('Origin',(-70.2500000149012,-25.,308.896261867971));
#12787=CARTESIAN_POINT('',(-96.0000014305115,-25.,335.000004991889));
#12788=CARTESIAN_POINT('Origin',(-95.0000014156103,-25.,335.000004991889));
#12789=CARTESIAN_POINT('',(-96.0000014305115,-25.,282.792518744052));
#12790=CARTESIAN_POINT('Origin',(-95.0000014156103,-25.,282.792518744052));
#12791=CARTESIAN_POINT('',(-45.9999985992908,-25.,335.000004991889));
#12792=CARTESIAN_POINT('Origin',(-44.9999985843897,-25.,335.000004991889));
#12793=CARTESIAN_POINT('',(-45.9999985992908,-25.,282.792518744052));
#12794=CARTESIAN_POINT('Origin',(-44.9999985843897,-25.,282.792518744052));
#12795=CARTESIAN_POINT('',(-96.0000014305115,-25.,265.000000074506));
#12796=CARTESIAN_POINT('Origin',(-95.0000014156103,-25.,265.000000074506));
#12797=CARTESIAN_POINT('Origin',(0.,-25.,300.));
#12798=CARTESIAN_POINT('',(95.,-25.,260.));
#12799=CARTESIAN_POINT('',(-47.5,-25.,260.));
#12800=CARTESIAN_POINT('',(100.,-25.,265.));
#12801=CARTESIAN_POINT('Origin',(95.,-25.,265.));
#12802=CARTESIAN_POINT('',(100.,-25.,335.));
#12803=CARTESIAN_POINT('',(100.,-25.,282.5));
#12804=CARTESIAN_POINT('',(95.,-25.,340.));
#12805=CARTESIAN_POINT('Origin',(95.,-25.,335.));
#12806=CARTESIAN_POINT('',(47.5,-25.,340.));
#12807=CARTESIAN_POINT('',(96.0000014305115,-25.,282.792518744052));
#12808=CARTESIAN_POINT('Origin',(95.0000014156103,-25.,282.792518744052));
#12809=CARTESIAN_POINT('',(45.9999985992908,-25.,335.000004991889));
#12810=CARTESIAN_POINT('Origin',(44.9999985843897,-25.,335.000004991889));
#12811=CARTESIAN_POINT('',(45.9999985992908,-25.,282.792518744052));
#12812=CARTESIAN_POINT('Origin',(44.9999985843897,-25.,282.792518744052));
#12813=CARTESIAN_POINT('',(47.7500000149011,-25.,308.896261867971));
#12814=CARTESIAN_POINT('Origin',(70.2500000149012,-25.,308.896261867971));
#12815=CARTESIAN_POINT('',(94.0000014007092,-25.,265.000000074506));
#12816=CARTESIAN_POINT('Origin',(95.0000014156103,-25.,265.000000074506));
#12817=CARTESIAN_POINT('',(94.0000014007092,-25.,335.000004991889));
#12818=CARTESIAN_POINT('Origin',(95.0000014156103,-25.,335.000004991889));
#12819=CARTESIAN_POINT('Origin',(95.,-23.,340.));
#12820=CARTESIAN_POINT('',(95.,-23.,340.));
#12821=CARTESIAN_POINT('',(95.,-23.,340.));
#12822=CARTESIAN_POINT('',(-95.,-23.,340.));
#12823=CARTESIAN_POINT('',(47.5,-23.,340.));
#12824=CARTESIAN_POINT('',(-95.,-23.,340.));
#12825=CARTESIAN_POINT('Origin',(-8.51330007711293,-25.,287.973294825979));
#12826=CARTESIAN_POINT('',(-8.51330007711292,-24.,287.973294825979));
#12827=CARTESIAN_POINT('',(-8.51330007711292,-25.,287.973294825979));
#12828=CARTESIAN_POINT('',(-9.69339948683371,-24.,292.893364763648));
#12829=CARTESIAN_POINT('',(-8.51330007711292,-24.,287.973294825979));
#12830=CARTESIAN_POINT('',(-9.69339948683371,-25.,292.893364763648));
#12831=CARTESIAN_POINT('Origin',(-5.05565259053223,-25.,292.399247156721));
#12832=CARTESIAN_POINT('',(-5.05565259053222,-24.,292.399247156721));
#12833=CARTESIAN_POINT('',(-5.05565259053222,-25.,292.399247156721));
#12834=CARTESIAN_POINT('',(-5.05565259053221,-24.,292.399247156721));
#12835=CARTESIAN_POINT('Origin',(-6.28635211336241,-25.,297.254546556208));
#12836=CARTESIAN_POINT('',(-6.28635211336241,-24.,297.254546556208));
#12837=CARTESIAN_POINT('',(-6.28635211336241,-25.,297.254546556208));
#12838=CARTESIAN_POINT('',(-6.28635211336241,-24.,297.254546556208));
#12839=CARTESIAN_POINT('Origin',(-4.78945159832395,-25.,308.983522162402));
#12840=CARTESIAN_POINT('',(-4.78945159832395,-24.,308.983522162402));
#12841=CARTESIAN_POINT('',(-4.78945159832395,-25.,308.983522162402));
#12842=CARTESIAN_POINT('',(-4.78945159832395,-24.,308.983522162402));
#12843=CARTESIAN_POINT('Origin',(-8.11216496068753,-25.,304.730291893088));
#12844=CARTESIAN_POINT('',(-8.11216496068755,-24.,304.730291893088));
#12845=CARTESIAN_POINT('',(-8.11216496068755,-25.,304.730291893088));
#12846=CARTESIAN_POINT('',(-8.11216496068755,-24.,304.730291893088));
#12847=CARTESIAN_POINT('Origin',(-8.91694018545945,-25.,298.092790454938));
#12848=CARTESIAN_POINT('',(-8.91694018545945,-24.,298.092790454938));
#12849=CARTESIAN_POINT('',(-8.91694018545945,-25.,298.092790454938));
#12850=CARTESIAN_POINT('',(-8.91694018545945,-24.,298.092790454938));
#12851=CARTESIAN_POINT('Origin',(-11.8649792844811,-25.,299.92651204922));
#12852=CARTESIAN_POINT('',(-11.8649792844811,-24.,299.92651204922));
#12853=CARTESIAN_POINT('',(-11.8649792844811,-25.,299.92651204922));
#12854=CARTESIAN_POINT('',(-11.8649792844811,-24.,299.92651204922));
#12855=CARTESIAN_POINT('Origin',(-14.892528745184,-25.,296.051105535386));
#12856=CARTESIAN_POINT('',(-14.892528745184,-24.,296.051105535386));
#12857=CARTESIAN_POINT('',(-14.892528745184,-25.,296.051105535386));
#12858=CARTESIAN_POINT('',(-14.892528745184,-24.,296.051105535386));
#12859=CARTESIAN_POINT('Origin',(-9.69339948683371,-25.,292.893364763648));
#12860=CARTESIAN_POINT('',(-9.69339948683371,-24.,292.893364763648));
#12861=CARTESIAN_POINT('Origin',(-4.10030686139273,-24.,300.113851314121));
#12862=CARTESIAN_POINT('Origin',(11.7706022543569,-25.,323.772766511885));
#12863=CARTESIAN_POINT('',(11.7706022543569,-25.,323.772766511885));
#12864=CARTESIAN_POINT('',(12.7825986454406,-25.,325.06816976025));
#12865=CARTESIAN_POINT('',(3.77353374661484,-25.,313.536140557875));
#12866=CARTESIAN_POINT('',(11.7706022543569,-24.,323.772766511885));
#12867=CARTESIAN_POINT('',(11.7706022543569,-25.,323.772766511885));
#12868=CARTESIAN_POINT('',(12.7825986454406,-24.,325.06816976025));
#12869=CARTESIAN_POINT('',(11.7706022543569,-24.,323.772766511885));
#12870=CARTESIAN_POINT('',(12.7825986454406,-25.,325.06816976025));
#12871=CARTESIAN_POINT('Origin',(11.6092959913983,-25.,326.993007871567));
#12872=CARTESIAN_POINT('',(11.6092959913983,-25.,326.993007871567));
#12873=CARTESIAN_POINT('',(12.2691338755457,-25.,313.820318812607));
#12874=CARTESIAN_POINT('',(11.6092959913983,-24.,326.993007871567));
#12875=CARTESIAN_POINT('',(11.6092959913983,-25.,326.993007871567));
#12876=CARTESIAN_POINT('',(11.6092959913983,-24.,326.993007871567));
#12877=CARTESIAN_POINT('Origin',(12.7825986454405,-25.,325.06816976025));
#12878=CARTESIAN_POINT('',(16.6216511344061,-25.,318.770089280634));
#12879=CARTESIAN_POINT('',(12.7825986454406,-24.,325.06816976025));
#12880=CARTESIAN_POINT('Origin',(11.915038133512,-25.,320.530941881233));
#12881=CARTESIAN_POINT('',(11.915038133512,-24.,320.530941881233));
#12882=CARTESIAN_POINT('',(11.915038133512,-25.,320.530941881233));
#12883=CARTESIAN_POINT('',(12.1566861404833,-24.,314.431854881982));
#12884=CARTESIAN_POINT('',(11.915038133512,-24.,320.530941881234));
#12885=CARTESIAN_POINT('',(12.1566861404833,-25.,314.431854881982));
#12886=CARTESIAN_POINT('Origin',(13.9727604103493,-25.,323.164923726559));
#12887=CARTESIAN_POINT('',(13.9727604103494,-24.,323.164923726559));
#12888=CARTESIAN_POINT('',(13.9727604103494,-25.,323.164923726559));
#12889=CARTESIAN_POINT('',(13.9727604103493,-24.,323.164923726559));
#12890=CARTESIAN_POINT('Origin',(16.1371980377169,-25.,319.527098390027));
#12891=CARTESIAN_POINT('',(16.1371980377169,-24.,319.527098390027));
#12892=CARTESIAN_POINT('',(16.1371980377169,-25.,319.527098390027));
#12893=CARTESIAN_POINT('',(16.1371980377169,-24.,319.527098390027));
#12894=CARTESIAN_POINT('Origin',(19.3755788567489,-25.,323.672379014918));
#12895=CARTESIAN_POINT('',(19.3755788567489,-24.,323.672379014918));
#12896=CARTESIAN_POINT('',(19.3755788567489,-25.,323.672379014918));
#12897=CARTESIAN_POINT('',(19.3755788567489,-24.,323.672379014918));
#12898=CARTESIAN_POINT('Origin',(13.8565447726571,-25.,332.851279479319));
#12899=CARTESIAN_POINT('',(13.8565447726571,-24.,332.851279479319));
#12900=CARTESIAN_POINT('',(13.8565447726571,-25.,332.851279479319));
#12901=CARTESIAN_POINT('',(13.8565447726571,-24.,332.851279479319));
#12902=CARTESIAN_POINT('Origin',(8.86403941989205,-25.,326.460636480554));
#12903=CARTESIAN_POINT('',(8.86403941989205,-24.,326.460636480554));
#12904=CARTESIAN_POINT('',(8.86403941989205,-25.,326.460636480554));
#12905=CARTESIAN_POINT('',(8.86403941989205,-24.,326.460636480554));
#12906=CARTESIAN_POINT('Origin',(9.33996803810933,-25.,310.826322479205));
#12907=CARTESIAN_POINT('',(9.33996803810933,-24.,310.826322479205));
#12908=CARTESIAN_POINT('',(9.33996803810933,-25.,310.826322479205));
#12909=CARTESIAN_POINT('',(9.33996803810933,-24.,310.826322479205));
#12910=CARTESIAN_POINT('Origin',(12.1566861404833,-25.,314.431854881982));
#12911=CARTESIAN_POINT('',(12.1566861404833,-24.,314.431854881982));
#12912=CARTESIAN_POINT('Origin',(-4.10030686139273,-24.,300.113851314121));
#12913=CARTESIAN_POINT('Origin',(0.,-25.,300.));
#12914=CARTESIAN_POINT('Origin',(0.,-25.,300.));
#12915=CARTESIAN_POINT('Origin',(-95.0000014156103,0.,265.000000074506));
#12916=CARTESIAN_POINT('',(-96.0000014305115,-23.,265.000000074506));
#12917=CARTESIAN_POINT('Origin',(-95.0000014156103,-23.,265.000000074506));
#12918=CARTESIAN_POINT('',(-96.0000014305115,0.,265.000000074506));
#12919=CARTESIAN_POINT('Origin',(-44.9999985843897,0.,282.792518744052));
#12920=CARTESIAN_POINT('',(-45.9999985992908,-23.,282.792518744052));
#12921=CARTESIAN_POINT('Origin',(-44.9999985843897,-23.,282.792518744052));
#12922=CARTESIAN_POINT('',(-45.9999985992908,0.,282.792518744052));
#12923=CARTESIAN_POINT('Origin',(-44.9999985843897,0.,335.000004991889));
#12924=CARTESIAN_POINT('',(-45.9999985992908,-23.,335.000004991889));
#12925=CARTESIAN_POINT('Origin',(-44.9999985843897,-23.,335.000004991889));
#12926=CARTESIAN_POINT('',(-45.9999985992908,0.,335.000004991889));
#12927=CARTESIAN_POINT('Origin',(95.0000014156103,0.,335.000004991889));
#12928=CARTESIAN_POINT('',(94.0000014007092,-23.,335.000004991889));
#12929=CARTESIAN_POINT('Origin',(95.0000014156103,-23.,335.000004991889));
#12930=CARTESIAN_POINT('',(94.0000014007092,0.,335.000004991889));
#12931=CARTESIAN_POINT('Origin',(-95.0000014156103,0.,282.792518744052));
#12932=CARTESIAN_POINT('',(-96.0000014305115,-23.,282.792518744052));
#12933=CARTESIAN_POINT('Origin',(-95.0000014156103,-23.,282.792518744052));
#12934=CARTESIAN_POINT('',(-96.0000014305115,0.,282.792518744052));
#12935=CARTESIAN_POINT('Origin',(-95.0000014156103,0.,335.000004991889));
#12936=CARTESIAN_POINT('',(-96.0000014305115,-23.,335.000004991889));
#12937=CARTESIAN_POINT('Origin',(-95.0000014156103,-23.,335.000004991889));
#12938=CARTESIAN_POINT('',(-96.0000014305115,0.,335.000004991889));
#12939=CARTESIAN_POINT('Origin',(95.0000014156103,0.,265.000000074506));
#12940=CARTESIAN_POINT('',(94.0000014007092,-23.,265.000000074506));
#12941=CARTESIAN_POINT('Origin',(95.0000014156103,-23.,265.000000074506));
#12942=CARTESIAN_POINT('',(94.0000014007092,0.,265.000000074506));
#12943=CARTESIAN_POINT('Origin',(70.2500000149012,0.,308.896261867971));
#12944=CARTESIAN_POINT('',(47.7500000149011,-23.,308.896261867971));
#12945=CARTESIAN_POINT('Origin',(70.2500000149012,-23.,308.896261867971));
#12946=CARTESIAN_POINT('',(47.7500000149011,0.,308.896261867971));
#12947=CARTESIAN_POINT('Origin',(-70.2500000149012,0.,308.896261867971));
#12948=CARTESIAN_POINT('',(-92.7500000149012,-23.,308.896261867971));
#12949=CARTESIAN_POINT('Origin',(-70.2500000149012,-23.,308.896261867971));
#12950=CARTESIAN_POINT('',(-92.7500000149012,0.,308.896261867971));
#12951=CARTESIAN_POINT('Origin',(95.,-23.,335.));
#12952=CARTESIAN_POINT('',(100.,-23.,335.));
#12953=CARTESIAN_POINT('Origin',(95.,-23.,335.));
#12954=CARTESIAN_POINT('',(100.,-23.,335.));
#12955=CARTESIAN_POINT('Origin',(100.,-23.,265.));
#12956=CARTESIAN_POINT('',(100.,-23.,265.));
#12957=CARTESIAN_POINT('',(100.,-23.,282.5));
#12958=CARTESIAN_POINT('',(100.,-23.,265.));
#12959=CARTESIAN_POINT('Origin',(95.,-23.,265.));
#12960=CARTESIAN_POINT('',(95.,-23.,260.));
#12961=CARTESIAN_POINT('Origin',(95.,-23.,265.));
#12962=CARTESIAN_POINT('',(95.,-23.,260.));
#12963=CARTESIAN_POINT('Origin',(-95.,-23.,260.));
#12964=CARTESIAN_POINT('',(-95.,-23.,260.));
#12965=CARTESIAN_POINT('',(-95.,-23.,260.));
#12966=CARTESIAN_POINT('',(-47.5,-23.,260.));
#12967=CARTESIAN_POINT('Origin',(-95.,-23.,265.));
#12968=CARTESIAN_POINT('',(-100.,-23.,265.));
#12969=CARTESIAN_POINT('Origin',(-95.,-23.,265.));
#12970=CARTESIAN_POINT('',(-100.,-23.,265.));
#12971=CARTESIAN_POINT('Origin',(-100.,-23.,335.));
#12972=CARTESIAN_POINT('',(-100.,-23.,335.));
#12973=CARTESIAN_POINT('',(-100.,-23.,317.5));
#12974=CARTESIAN_POINT('',(-100.,-23.,335.));
#12975=CARTESIAN_POINT('Origin',(-95.,-23.,335.));
#12976=CARTESIAN_POINT('Origin',(-95.,-23.,335.));
#12977=CARTESIAN_POINT('Origin',(0.,-23.,300.));
#12978=CARTESIAN_POINT('',(96.0000014305115,-23.,282.792518744052));
#12979=CARTESIAN_POINT('Origin',(95.0000014156103,-23.,282.792518744052));
#12980=CARTESIAN_POINT('',(45.9999985992908,-23.,335.000004991889));
#12981=CARTESIAN_POINT('Origin',(44.9999985843897,-23.,335.000004991889));
#12982=CARTESIAN_POINT('',(45.9999985992908,-23.,282.792518744052));
#12983=CARTESIAN_POINT('Origin',(44.9999985843897,-23.,282.792518744052));
#12984=CARTESIAN_POINT('Origin',(44.9999985843897,0.,282.792518744052));
#12985=CARTESIAN_POINT('',(45.9999985992908,0.,282.792518744052));
#12986=CARTESIAN_POINT('Origin',(44.9999985843897,0.,335.000004991889));
#12987=CARTESIAN_POINT('',(45.9999985992908,0.,335.000004991889));
#12988=CARTESIAN_POINT('Origin',(95.0000014156103,0.,282.792518744052));
#12989=CARTESIAN_POINT('',(96.0000014305115,0.,282.792518744052));
#12990=CARTESIAN_POINT('Origin',(69.0395716678122,-26.,307.632393513844));
#12991=CARTESIAN_POINT('',(55.0395716678123,-25.,307.632393513844));
#12992=CARTESIAN_POINT('Origin',(69.0395716678122,-25.,307.632393513844));
#12993=CARTESIAN_POINT('',(55.0395716678123,-26.,307.632393513844));
#12994=CARTESIAN_POINT('',(55.0395716678123,-26.,307.632393513844));
#12995=CARTESIAN_POINT('Origin',(69.0395716678122,-26.,307.632393513844));
#12996=CARTESIAN_POINT('Origin',(42.,-25.,282.792518744052));
#12997=CARTESIAN_POINT('',(42.,-26.,282.792518744052));
#12998=CARTESIAN_POINT('',(42.,-26.,335.000004991889));
#12999=CARTESIAN_POINT('',(42.,-26.,295.84440800959));
#13000=CARTESIAN_POINT('',(42.,-25.,335.000004991889));
#13001=CARTESIAN_POINT('',(42.,-25.,335.000004991889));
#13002=CARTESIAN_POINT('',(42.,-25.,282.792518744052));
#13003=CARTESIAN_POINT('',(42.,-25.,295.84440800959));
#13004=CARTESIAN_POINT('',(42.,-25.,282.792518744052));
#13005=CARTESIAN_POINT('Origin',(44.9999985843897,-25.,335.000004991889));
#13006=CARTESIAN_POINT('',(44.9973241589095,-26.,338.000002384186));
#13007=CARTESIAN_POINT('Origin',(44.9999985843897,-26.,335.000004991889));
#13008=CARTESIAN_POINT('',(44.9973241589095,-25.,338.000002384186));
#13009=CARTESIAN_POINT('',(44.9973241589095,-25.,338.000002384186));
#13010=CARTESIAN_POINT('Origin',(44.9999985843897,-25.,335.000004991889));
#13011=CARTESIAN_POINT('Origin',(44.9973241589095,-25.,338.));
#13012=CARTESIAN_POINT('',(95.,-26.,338.));
#13013=CARTESIAN_POINT('',(57.4986620794547,-26.,338.));
#13014=CARTESIAN_POINT('',(95.,-25.,338.));
#13015=CARTESIAN_POINT('',(95.,-25.,338.));
#13016=CARTESIAN_POINT('',(57.4986620794547,-25.,338.));
#13017=CARTESIAN_POINT('Origin',(95.,-25.,335.));
#13018=CARTESIAN_POINT('',(98.,-26.,335.));
#13019=CARTESIAN_POINT('Origin',(95.,-26.,335.));
#13020=CARTESIAN_POINT('',(98.,-25.,335.));
#13021=CARTESIAN_POINT('',(98.,-25.,335.));
#13022=CARTESIAN_POINT('Origin',(95.,-25.,335.));
#13023=CARTESIAN_POINT('Origin',(95.0000014156103,-25.,335.000004991889));
#13024=CARTESIAN_POINT('',(96.0000014305115,-26.,335.000004991889));
#13025=CARTESIAN_POINT('Origin',(95.0000014156103,-26.,335.000004991889));
#13026=CARTESIAN_POINT('',(96.0000014305115,-25.,335.000004991889));
#13027=CARTESIAN_POINT('',(96.0000014305115,-25.,335.000004991889));
#13028=CARTESIAN_POINT('Origin',(95.0000014156103,-25.,335.000004991889));
#13029=CARTESIAN_POINT('Origin',(95.0000014156103,-25.,282.792518744052));
#13030=CARTESIAN_POINT('',(96.0000014305115,-26.,282.792518744052));
#13031=CARTESIAN_POINT('Origin',(95.0000014156103,-26.,282.792518744052));
#13032=CARTESIAN_POINT('',(96.0000014305115,-25.,282.792518744052));
#13033=CARTESIAN_POINT('',(96.0000014305115,-25.,282.792518744052));
#13034=CARTESIAN_POINT('Origin',(95.0000014156103,-25.,282.792518744052));
#13035=CARTESIAN_POINT('Origin',(44.9999985843897,-25.,335.000004991889));
#13036=CARTESIAN_POINT('',(45.9999985992908,-26.,335.000004991889));
#13037=CARTESIAN_POINT('Origin',(44.9999985843897,-26.,335.000004991889));
#13038=CARTESIAN_POINT('',(45.9999985992908,-25.,335.000004991889));
#13039=CARTESIAN_POINT('',(45.9999985992908,-25.,335.000004991889));
#13040=CARTESIAN_POINT('Origin',(44.9999985843897,-25.,335.000004991889));
#13041=CARTESIAN_POINT('Origin',(44.9999985843897,-25.,282.792518744052));
#13042=CARTESIAN_POINT('',(45.9999985992908,-26.,282.792518744052));
#13043=CARTESIAN_POINT('Origin',(44.9999985843897,-26.,282.792518744052));
#13044=CARTESIAN_POINT('',(45.9999985992908,-25.,282.792518744052));
#13045=CARTESIAN_POINT('',(45.9999985992908,-25.,282.792518744052));
#13046=CARTESIAN_POINT('Origin',(44.9999985843897,-25.,282.792518744052));
#13047=CARTESIAN_POINT('Origin',(44.9999985843897,-25.,282.792518744052));
#13048=CARTESIAN_POINT('',(44.9792131798023,-26.,279.792592166068));
#13049=CARTESIAN_POINT('Origin',(44.9999985843897,-26.,282.792518744052));
#13050=CARTESIAN_POINT('',(44.9792131798023,-25.,279.792592166068));
#13051=CARTESIAN_POINT('Origin',(44.9999985843897,-25.,282.792518744052));
#13052=CARTESIAN_POINT('',(44.9792131798023,-25.,279.792592166068));
#13053=CARTESIAN_POINT('Origin',(95.0207868201977,-25.,279.792592166068));
#13054=CARTESIAN_POINT('',(95.0207868201977,-26.,279.792592166068));
#13055=CARTESIAN_POINT('',(82.5103934100989,-26.,279.792592166068));
#13056=CARTESIAN_POINT('',(95.0207868201977,-25.,279.792592166068));
#13057=CARTESIAN_POINT('',(82.5103934100989,-25.,279.792592166068));
#13058=CARTESIAN_POINT('',(95.0207868201977,-25.,279.792592166068));
#13059=CARTESIAN_POINT('Origin',(95.0000014156103,-25.,282.792518744052));
#13060=CARTESIAN_POINT('',(98.,-26.,282.792518744052));
#13061=CARTESIAN_POINT('Origin',(95.0000014156103,-26.,282.792518744052));
#13062=CARTESIAN_POINT('',(98.,-25.,282.792518744052));
#13063=CARTESIAN_POINT('Origin',(95.0000014156103,-25.,282.792518744052));
#13064=CARTESIAN_POINT('',(98.,-25.,282.792518744052));
#13065=CARTESIAN_POINT('Origin',(98.,-25.,335.));
#13066=CARTESIAN_POINT('',(98.,-26.,321.948148637563));
#13067=CARTESIAN_POINT('',(98.,-25.,321.948148637563));
#13068=CARTESIAN_POINT('Origin',(70.,-25.,308.896297275127));
#13069=CARTESIAN_POINT('Origin',(70.,-26.,308.896297275127));
#13070=CARTESIAN_POINT('Origin',(-57.0800807779155,0.,264.926345324093));
#13071=CARTESIAN_POINT('',(-56.4879013837466,-23.0002323418984,265.733590661745));
#13072=CARTESIAN_POINT('',(-57.88995791157,-23.0002323418984,264.33777035145));
#13073=CARTESIAN_POINT('Origin',(-57.0800807779155,-23.0002323418985,264.926345324093));
#13074=CARTESIAN_POINT('',(-56.4879013837466,-0.000232341898485644,265.733590661745));
#13075=CARTESIAN_POINT('',(-56.4879013837466,0.,265.733590661745));
#13076=CARTESIAN_POINT('',(-57.88995791157,-0.000232341898485644,264.33777035145));
#13077=CARTESIAN_POINT('Origin',(-57.0800807779155,-0.000232341898485644,
264.926345324093));
#13078=CARTESIAN_POINT('',(-57.88995791157,0.,264.33777035145));
#13079=CARTESIAN_POINT('Origin',(32.840573036235,0.,264.983587500983));
#13080=CARTESIAN_POINT('',(31.8397845742827,-23.0002323418985,265.007764393511));
#13081=CARTESIAN_POINT('',(33.8177534112329,-23.0002323418985,264.766146514901));
#13082=CARTESIAN_POINT('Origin',(32.840573036235,-23.0002323418985,264.983587500983));
#13083=CARTESIAN_POINT('',(31.8397845742827,-0.000232341898485644,265.007764393511));
#13084=CARTESIAN_POINT('',(31.8397845742827,0.,265.007764393512));
#13085=CARTESIAN_POINT('',(33.8177534112329,-0.000232341898485644,264.766146514901));
#13086=CARTESIAN_POINT('Origin',(32.840573036235,-0.000232341898485644,
264.983587500983));
#13087=CARTESIAN_POINT('',(33.8177534112329,0.,264.766146514901));
#13088=CARTESIAN_POINT('Origin',(-57.0855249544206,-0.000232341898485644,
263.431813801627));
#13089=CARTESIAN_POINT('',(-62.0855250289264,-0.000232341898485644,262.));
#13090=CARTESIAN_POINT('',(-52.0855248799148,-0.000232341898485644,262.));
#13091=CARTESIAN_POINT('',(18.9572375227897,-0.000232341898485644,262.));
#13092=CARTESIAN_POINT('',(-62.0855250289264,-0.000232341898485644,263.931813809078));
#13093=CARTESIAN_POINT('',(-62.0855250289264,-0.000232341898485644,259.931813749473));
#13094=CARTESIAN_POINT('',(-60.0855249842229,-0.000232341898485644,263.931813809078));
#13095=CARTESIAN_POINT('',(-62.0855250289264,-0.000232341898485644,263.931813809078));
#13096=CARTESIAN_POINT('',(-59.0855249842229,-0.000232341898485644,264.931813823979));
#13097=CARTESIAN_POINT('Origin',(-60.0855249842229,-0.000232341898485644,
264.931813809078));
#13098=CARTESIAN_POINT('',(-55.0855249246183,-0.000232341898485644,264.931813823979));
#13099=CARTESIAN_POINT('Origin',(-57.0855249544206,-0.000232341898485644,
264.931813823979));
#13100=CARTESIAN_POINT('',(-54.0855249246183,-0.000232341898485644,263.931813809078));
#13101=CARTESIAN_POINT('Origin',(-54.0855249246183,-0.000232341898485644,
264.931813809078));
#13102=CARTESIAN_POINT('',(-52.0855248799148,-0.000232341898485644,263.931813809078));
#13103=CARTESIAN_POINT('',(-52.0855248799148,-0.000232341898485644,263.931813809078));
#13104=CARTESIAN_POINT('',(-52.0855248799148,-0.000232341898485644,263.931813809078));
#13105=CARTESIAN_POINT('Origin',(-57.0855249544206,-0.000232341898485644,
264.931813823979));
#13106=CARTESIAN_POINT('Origin',(32.8391395476695,-0.000232341898485644,
263.471852437636));
#13107=CARTESIAN_POINT('',(27.8391394731637,-0.000232341898485644,262.));
#13108=CARTESIAN_POINT('',(37.8391396221753,-0.000232341898485644,262.));
#13109=CARTESIAN_POINT('',(63.9195697738348,-0.000232341898485644,262.));
#13110=CARTESIAN_POINT('',(27.8391394731637,-0.000232341898485644,263.971852445087));
#13111=CARTESIAN_POINT('',(27.8391394731637,-0.000232341898485644,259.971852385482));
#13112=CARTESIAN_POINT('',(29.8391395178672,-0.000232341898485644,263.971852445087));
#13113=CARTESIAN_POINT('',(27.8391394731637,-0.000232341898485644,263.971852445087));
#13114=CARTESIAN_POINT('',(30.8391395178672,-0.000232341898485644,264.971852459988));
#13115=CARTESIAN_POINT('Origin',(29.8391395178672,-0.000232341898485644,
264.971852445086));
#13116=CARTESIAN_POINT('',(34.8391395774718,-0.000232341898485644,264.971852459988));
#13117=CARTESIAN_POINT('Origin',(32.8391395476695,-0.000232341898485644,
264.971852459988));
#13118=CARTESIAN_POINT('',(35.8391395774718,-0.000232341898485644,263.971852445087));
#13119=CARTESIAN_POINT('Origin',(35.8391395774718,-0.000232341898485644,
264.971852445086));
#13120=CARTESIAN_POINT('',(37.8391396221753,-0.000232341898485644,263.971852445087));
#13121=CARTESIAN_POINT('',(37.8391396221753,-0.000232341898485644,263.971852445087));
#13122=CARTESIAN_POINT('',(37.8391396221753,-0.000232341898485644,263.971852445087));
#13123=CARTESIAN_POINT('Origin',(32.8391395476695,-0.000232341898485644,
264.971852459988));
#13124=CARTESIAN_POINT('Origin',(49.9999995529652,-16.7282323418985,338.000005066395));
#13125=CARTESIAN_POINT('',(49.9999995529652,-23.,338.000004842877));
#13126=CARTESIAN_POINT('',(42.5,-23.,338.000004842877));
#13127=CARTESIAN_POINT('',(-24.9999962892807,-23.,338.));
#13128=CARTESIAN_POINT('',(39.9999994039535,-23.,338.000004842877));
#13129=CARTESIAN_POINT('',(42.5,-23.,338.000004842877));
#13130=CARTESIAN_POINT('',(39.9999994039536,-23.0002323418985,338.000005066395));
#13131=CARTESIAN_POINT('',(39.9999994039536,-16.7282323418985,338.000005066395));
#13132=CARTESIAN_POINT('',(49.9999995529652,-23.0002323418985,338.000005066395));
#13133=CARTESIAN_POINT('',(45.9999994933605,-23.0002323418985,338.000005066395));
#13134=CARTESIAN_POINT('',(49.9999995529652,-16.7282323418985,338.000005066395));
#13135=CARTESIAN_POINT('Origin',(44.9999994784594,-0.000232341898485644,
336.500005014241));
#13136=CARTESIAN_POINT('',(49.9999995529652,-0.000232341898485644,338.));
#13137=CARTESIAN_POINT('',(39.9999994039536,-0.000232341898485644,338.));
#13138=CARTESIAN_POINT('',(-25.0000002607703,-0.000232341898485644,338.));
#13139=CARTESIAN_POINT('',(49.9999995529652,-0.000232341898485644,336.00000500679));
#13140=CARTESIAN_POINT('',(49.9999995529652,-0.000232341898485644,340.000005066395));
#13141=CARTESIAN_POINT('',(47.9999995082617,-0.000232341898485644,336.00000500679));
#13142=CARTESIAN_POINT('',(49.9999995529652,-0.000232341898485644,336.00000500679));
#13143=CARTESIAN_POINT('',(46.9999995082617,-0.000232341898485644,335.000004991889));
#13144=CARTESIAN_POINT('Origin',(47.9999995082616,-0.000232341898485644,
335.00000500679));
#13145=CARTESIAN_POINT('',(42.999999448657,-0.000232341898485644,335.000004991889));
#13146=CARTESIAN_POINT('Origin',(44.9999994784594,-0.000232341898485644,
335.000004991889));
#13147=CARTESIAN_POINT('',(41.999999448657,-0.000232341898485644,336.00000500679));
#13148=CARTESIAN_POINT('Origin',(41.9999994486571,-0.000232341898485644,
335.00000500679));
#13149=CARTESIAN_POINT('',(39.9999994039536,-0.000232341898485644,336.00000500679));
#13150=CARTESIAN_POINT('',(39.9999994039536,-0.000232341898485644,336.00000500679));
#13151=CARTESIAN_POINT('',(39.9999994039536,-0.000232341898485644,336.00000500679));
#13152=CARTESIAN_POINT('',(43.9999994635582,-0.000232341898485644,335.000004991889));
#13153=CARTESIAN_POINT('Origin',(44.9999994784594,-0.000232341898485644,
335.000004991889));
#13154=CARTESIAN_POINT('Origin',(44.9999994784594,-23.0002323418985,336.500005014241));
#13155=CARTESIAN_POINT('',(39.9999994039536,-23.0002323418985,336.00000500679));
#13156=CARTESIAN_POINT('',(39.9999994039536,-23.0002323418985,336.00000500679));
#13157=CARTESIAN_POINT('',(41.999999448657,-23.0002323418985,336.00000500679));
#13158=CARTESIAN_POINT('',(39.9999994039536,-23.0002323418985,336.00000500679));
#13159=CARTESIAN_POINT('',(42.999999448657,-23.0002323418985,335.000004991889));
#13160=CARTESIAN_POINT('Origin',(41.9999994486571,-23.0002323418985,335.00000500679));
#13161=CARTESIAN_POINT('',(46.9999995082617,-23.0002323418985,335.000004991889));
#13162=CARTESIAN_POINT('Origin',(44.9999994784594,-23.0002323418985,335.000004991889));
#13163=CARTESIAN_POINT('',(47.9999995082617,-23.0002323418985,336.00000500679));
#13164=CARTESIAN_POINT('Origin',(47.9999995082616,-23.0002323418985,335.00000500679));
#13165=CARTESIAN_POINT('',(49.9999995529652,-23.0002323418985,336.00000500679));
#13166=CARTESIAN_POINT('',(49.9999995529652,-23.0002323418985,336.00000500679));
#13167=CARTESIAN_POINT('',(49.9999995529652,-23.0002323418985,340.000005066395));
#13168=CARTESIAN_POINT('',(43.9999994635582,-23.0002323418985,335.000004991889));
#13169=CARTESIAN_POINT('Origin',(44.9999994784594,-23.0002323418985,335.000004991889));
#13170=CARTESIAN_POINT('Origin',(49.9999995529652,-3.72823234189849,340.000005066395));
#13171=CARTESIAN_POINT('',(49.9999995529652,-1.86411617094924,338.));
#13172=CARTESIAN_POINT('',(49.9999995529652,-3.72823234189849,336.00000500679));
#13173=CARTESIAN_POINT('Origin',(47.9999995082616,-3.72823234189849,335.00000500679));
#13174=CARTESIAN_POINT('',(46.9999995082617,-1.72823234189849,335.000004991889));
#13175=CARTESIAN_POINT('',(47.9999995082617,-3.72823234189849,336.00000500679));
#13176=CARTESIAN_POINT('Origin',(49.9999995529652,-3.72823234189849,336.00000500679));
#13177=CARTESIAN_POINT('Origin',(41.9999994486571,-3.72823234189849,335.00000500679));
#13178=CARTESIAN_POINT('',(41.999999448657,-3.72823234189849,336.00000500679));
#13179=CARTESIAN_POINT('',(42.999999448657,-1.72823234189849,335.000004991889));
#13180=CARTESIAN_POINT('Origin',(39.9999994039536,-3.72823234189849,336.00000500679));
#13181=CARTESIAN_POINT('',(39.9999994039536,-1.86411617094924,338.));
#13182=CARTESIAN_POINT('',(39.9999994039536,-3.72823234189849,336.00000500679));
#13183=CARTESIAN_POINT('Origin',(41.999999448657,-3.72823234189849,336.00000500679));
#13184=CARTESIAN_POINT('Origin',(44.9999994784594,-1.72823234189849,335.000004991889));
#13185=CARTESIAN_POINT('',(43.9999994635582,-1.72823234189849,335.000004991889));
#13186=CARTESIAN_POINT('Origin',(44.9999994784594,-1.72823234189849,335.000004991889));
#13187=CARTESIAN_POINT('Origin',(-95.,0.,338.));
#13188=CARTESIAN_POINT('',(-30.0000004470348,-23.,338.000004842877));
#13189=CARTESIAN_POINT('',(42.5,-23.,338.000004842877));
#13190=CARTESIAN_POINT('',(-40.0000005960465,-23.,338.000004842877));
#13191=CARTESIAN_POINT('',(42.5,-23.,338.000004842877));
#13192=CARTESIAN_POINT('',(-40.0000004470348,-0.000232341898485644,338.));
#13193=CARTESIAN_POINT('',(-40.0000004470348,-1.86411617094924,338.));
#13194=CARTESIAN_POINT('',(-50.0000005960464,-0.000232341898485644,338.));
#13195=CARTESIAN_POINT('',(-70.0000002607703,-0.000232341898485644,338.));
#13196=CARTESIAN_POINT('',(-50.0000005960464,-23.,338.000004842877));
#13197=CARTESIAN_POINT('',(-50.0000005960464,-1.86411617094924,338.));
#13198=CARTESIAN_POINT('',(-93.000001385808,-23.,338.));
#13199=CARTESIAN_POINT('',(-24.9999962892807,-23.,338.));
#13200=CARTESIAN_POINT('',(-93.000001385808,0.,338.));
#13201=CARTESIAN_POINT('',(-93.000001385808,0.,338.));
#13202=CARTESIAN_POINT('',(-42.5,0.,338.000004842877));
#13203=CARTESIAN_POINT('',(-47.5,0.,338.));
#13204=CARTESIAN_POINT('',(42.5,0.,338.000004842877));
#13205=CARTESIAN_POINT('',(-47.5,0.,338.));
#13206=CARTESIAN_POINT('',(93.000001385808,0.,338.));
#13207=CARTESIAN_POINT('',(-47.5,0.,338.));
#13208=CARTESIAN_POINT('',(93.000001385808,-23.,338.));
#13209=CARTESIAN_POINT('',(93.000001385808,0.,338.));
#13210=CARTESIAN_POINT('',(-24.9999962892807,-23.,338.));
#13211=CARTESIAN_POINT('Origin',(-40.0000004470348,-16.7282323418985,338.000005066395));
#13212=CARTESIAN_POINT('',(-42.5,-23.,338.000004842877));
#13213=CARTESIAN_POINT('',(42.5,-23.,338.000004842877));
#13214=CARTESIAN_POINT('',(-24.9999962892807,-23.,338.));
#13215=CARTESIAN_POINT('',(-50.0000005960464,-23.0002323418985,338.000005066395));
#13216=CARTESIAN_POINT('',(-50.0000005960464,-16.7282323418985,338.000005066395));
#13217=CARTESIAN_POINT('',(-40.0000004470348,-23.0002323418985,338.000005066395));
#13218=CARTESIAN_POINT('',(-44.0000005066395,-23.0002323418985,338.000005066395));
#13219=CARTESIAN_POINT('',(-40.0000004470348,-16.7282323418985,338.000005066395));
#13220=CARTESIAN_POINT('Origin',(-45.0000005215406,-0.000232341898485644,
336.500005014241));
#13221=CARTESIAN_POINT('',(-40.0000004470348,-0.000232341898485644,336.00000500679));
#13222=CARTESIAN_POINT('',(-40.0000004470348,-0.000232341898485644,340.000005066395));
#13223=CARTESIAN_POINT('',(-42.0000004917383,-0.000232341898485644,336.00000500679));
#13224=CARTESIAN_POINT('',(-40.0000004470348,-0.000232341898485644,336.00000500679));
#13225=CARTESIAN_POINT('',(-43.0000004917383,-0.000232341898485644,335.000004991889));
#13226=CARTESIAN_POINT('Origin',(-42.0000004917384,-0.000232341898485644,
335.00000500679));
#13227=CARTESIAN_POINT('',(-47.000000551343,-0.000232341898485644,335.000004991889));
#13228=CARTESIAN_POINT('Origin',(-45.0000005215406,-0.000232341898485644,
335.000004991889));
#13229=CARTESIAN_POINT('',(-48.000000551343,-0.000232341898485644,336.00000500679));
#13230=CARTESIAN_POINT('Origin',(-48.0000005513429,-0.000232341898485644,
335.00000500679));
#13231=CARTESIAN_POINT('',(-50.0000005960464,-0.000232341898485644,336.00000500679));
#13232=CARTESIAN_POINT('',(-50.0000005960464,-0.000232341898485644,336.00000500679));
#13233=CARTESIAN_POINT('',(-50.0000005960464,-0.000232341898485644,336.00000500679));
#13234=CARTESIAN_POINT('',(-46.0000005364418,-0.000232341898485644,335.000004991889));
#13235=CARTESIAN_POINT('Origin',(-45.0000005215406,-0.000232341898485644,
335.000004991889));
#13236=CARTESIAN_POINT('Origin',(-45.0000005215406,-23.0002323418985,336.500005014241));
#13237=CARTESIAN_POINT('',(-50.0000005960464,-23.0002323418985,336.00000500679));
#13238=CARTESIAN_POINT('',(-50.0000005960464,-23.0002323418985,336.00000500679));
#13239=CARTESIAN_POINT('',(-48.000000551343,-23.0002323418985,336.00000500679));
#13240=CARTESIAN_POINT('',(-50.0000005960464,-23.0002323418985,336.00000500679));
#13241=CARTESIAN_POINT('',(-47.000000551343,-23.0002323418985,335.000004991889));
#13242=CARTESIAN_POINT('Origin',(-48.0000005513429,-23.0002323418985,335.00000500679));
#13243=CARTESIAN_POINT('',(-43.0000004917383,-23.0002323418985,335.000004991889));
#13244=CARTESIAN_POINT('Origin',(-45.0000005215406,-23.0002323418985,335.000004991889));
#13245=CARTESIAN_POINT('',(-42.0000004917383,-23.0002323418985,336.00000500679));
#13246=CARTESIAN_POINT('Origin',(-42.0000004917384,-23.0002323418985,335.00000500679));
#13247=CARTESIAN_POINT('',(-40.0000004470348,-23.0002323418985,336.00000500679));
#13248=CARTESIAN_POINT('',(-40.0000004470348,-23.0002323418985,336.00000500679));
#13249=CARTESIAN_POINT('',(-40.0000004470348,-23.0002323418985,340.000005066395));
#13250=CARTESIAN_POINT('',(-46.0000005364418,-23.0002323418985,335.000004991889));
#13251=CARTESIAN_POINT('Origin',(-45.0000005215406,-23.0002323418985,335.000004991889));
#13252=CARTESIAN_POINT('Origin',(-40.0000004470348,-3.72823234189849,340.000005066395));
#13253=CARTESIAN_POINT('',(-40.0000004470348,-3.72823234189849,336.00000500679));
#13254=CARTESIAN_POINT('Origin',(-42.0000004917384,-3.72823234189849,335.00000500679));
#13255=CARTESIAN_POINT('',(-43.0000004917383,-1.72823234189849,335.000004991889));
#13256=CARTESIAN_POINT('',(-42.0000004917383,-3.72823234189849,336.00000500679));
#13257=CARTESIAN_POINT('Origin',(-40.0000004470348,-3.72823234189849,336.00000500679));
#13258=CARTESIAN_POINT('Origin',(-48.0000005513429,-3.72823234189849,335.00000500679));
#13259=CARTESIAN_POINT('',(-48.000000551343,-3.72823234189849,336.00000500679));
#13260=CARTESIAN_POINT('',(-47.000000551343,-1.72823234189849,335.000004991889));
#13261=CARTESIAN_POINT('Origin',(-50.0000005960464,-3.72823234189849,336.00000500679));
#13262=CARTESIAN_POINT('',(-50.0000005960464,-3.72823234189849,336.00000500679));
#13263=CARTESIAN_POINT('Origin',(-48.000000551343,-3.72823234189849,336.00000500679));
#13264=CARTESIAN_POINT('Origin',(-45.0000005215406,-1.72823234189849,335.000004991889));
#13265=CARTESIAN_POINT('',(-46.0000005364418,-1.72823234189849,335.000004991889));
#13266=CARTESIAN_POINT('Origin',(-45.0000005215406,-1.72823234189849,335.000004991889));
#13267=CARTESIAN_POINT('Origin',(27.8391394731637,-3.72823234189849,259.971852385482));
#13268=CARTESIAN_POINT('',(27.8391394731637,-23.,262.));
#13269=CARTESIAN_POINT('',(27.8391394731637,-1.86411617094924,262.));
#13270=CARTESIAN_POINT('',(27.8391394731637,-23.,261.971852608999));
#13271=CARTESIAN_POINT('',(27.8391394731637,-23.,279.985926192741));
#13272=CARTESIAN_POINT('',(27.8391394731637,-23.0002323418985,261.971852385482));
#13273=CARTESIAN_POINT('',(27.8391394731637,-16.7282323418985,261.971852385482));
#13274=CARTESIAN_POINT('',(27.8391394731637,-23.0002323418985,263.971852445087));
#13275=CARTESIAN_POINT('',(27.8391394731637,-23.0002323418985,259.971852385482));
#13276=CARTESIAN_POINT('',(27.8391394731637,-3.72823234189849,263.971852445087));
#13277=CARTESIAN_POINT('Origin',(27.8391394731637,-16.7282323418985,261.971852385482));
#13278=CARTESIAN_POINT('',(37.8391396221753,-23.,261.971852608999));
#13279=CARTESIAN_POINT('',(-11.0804265526988,-23.,261.971852385482));
#13280=CARTESIAN_POINT('',(37.8391396221753,-23.0002323418985,261.971852385482));
#13281=CARTESIAN_POINT('',(37.8391396221753,-16.7282323418985,261.971852385482));
#13282=CARTESIAN_POINT('',(31.8391395327683,-23.0002323418985,261.971852385482));
#13283=CARTESIAN_POINT('Origin',(32.8391395476695,-23.0002323418985,263.471852437636));
#13284=CARTESIAN_POINT('',(37.8391396221753,-23.0002323418985,263.971852445087));
#13285=CARTESIAN_POINT('',(37.8391396221753,-23.0002323418985,263.971852445087));
#13286=CARTESIAN_POINT('',(35.8391395774718,-23.0002323418985,263.971852445087));
#13287=CARTESIAN_POINT('',(37.8391396221753,-23.0002323418985,263.971852445087));
#13288=CARTESIAN_POINT('',(34.8391395774718,-23.0002323418985,264.971852459988));
#13289=CARTESIAN_POINT('Origin',(35.8391395774718,-23.0002323418985,264.971852445086));
#13290=CARTESIAN_POINT('',(30.8391395178672,-23.0002323418985,264.971852459988));
#13291=CARTESIAN_POINT('Origin',(32.8391395476695,-23.0002323418985,264.971852459988));
#13292=CARTESIAN_POINT('',(29.8391395178672,-23.0002323418985,263.971852445087));
#13293=CARTESIAN_POINT('Origin',(29.8391395178672,-23.0002323418985,264.971852445086));
#13294=CARTESIAN_POINT('',(27.8391394731637,-23.0002323418985,263.971852445087));
#13295=CARTESIAN_POINT('Origin',(32.8391395476695,-23.0002323418985,264.971852459988));
#13296=CARTESIAN_POINT('Origin',(29.8391395178672,-3.72823234189849,264.971852445086));
#13297=CARTESIAN_POINT('',(30.8391395178672,-1.72823234189849,264.971852459988));
#13298=CARTESIAN_POINT('',(29.8391395178672,-3.72823234189849,263.971852445087));
#13299=CARTESIAN_POINT('Origin',(27.8391394731637,-3.72823234189849,263.971852445087));
#13300=CARTESIAN_POINT('Origin',(35.8391395774718,-3.72823234189849,264.971852445086));
#13301=CARTESIAN_POINT('',(35.8391395774718,-3.72823234189849,263.971852445087));
#13302=CARTESIAN_POINT('',(34.8391395774718,-1.72823234189849,264.971852459988));
#13303=CARTESIAN_POINT('Origin',(37.8391396221753,-3.72823234189849,263.971852445087));
#13304=CARTESIAN_POINT('',(37.8391396221753,-23.,262.));
#13305=CARTESIAN_POINT('',(37.8391396221753,-1.86411617094924,262.));
#13306=CARTESIAN_POINT('',(37.8391396221753,-3.72823234189849,263.971852445087));
#13307=CARTESIAN_POINT('',(37.8391396221753,-23.,281.985926222543));
#13308=CARTESIAN_POINT('Origin',(35.8391395774718,-3.72823234189849,263.971852445087));
#13309=CARTESIAN_POINT('Origin',(32.8391395476695,-1.72823234189849,264.971852459988));
#13310=CARTESIAN_POINT('Origin',(32.8391395476695,-1.72823234189849,264.971852459988));
#13311=CARTESIAN_POINT('Origin',(95.,0.,262.));
#13312=CARTESIAN_POINT('',(93.000001385808,-23.,262.));
#13313=CARTESIAN_POINT('',(-95.,-23.,262.));
#13314=CARTESIAN_POINT('',(93.000001385808,0.,262.));
#13315=CARTESIAN_POINT('',(93.000001385808,0.,262.));
#13316=CARTESIAN_POINT('',(-92.9999955743476,0.,262.));
#13317=CARTESIAN_POINT('',(47.5,0.,262.));
#13318=CARTESIAN_POINT('',(-92.9999955743476,-23.,262.));
#13319=CARTESIAN_POINT('',(-92.9999955743475,0.,262.));
#13320=CARTESIAN_POINT('',(-62.0855250289264,-23.,262.));
#13321=CARTESIAN_POINT('',(-95.,-23.,262.));
#13322=CARTESIAN_POINT('',(-62.0855250289264,-1.86411617094924,262.));
#13323=CARTESIAN_POINT('',(-52.0855248799148,-23.,262.));
#13324=CARTESIAN_POINT('',(-52.0855248799148,-1.86411617094924,262.));
#13325=CARTESIAN_POINT('',(-95.,-23.,262.));
#13326=CARTESIAN_POINT('Origin',(-62.0855250289264,-3.72823234189849,259.931813749473));
#13327=CARTESIAN_POINT('',(-62.0855250289264,-23.,261.931813972991));
#13328=CARTESIAN_POINT('',(-62.0855250289264,-23.,279.965906874737));
#13329=CARTESIAN_POINT('',(-62.0855250289264,-23.0002323418985,261.931813749473));
#13330=CARTESIAN_POINT('',(-62.0855250289264,-16.7282323418985,261.931813749473));
#13331=CARTESIAN_POINT('',(-62.0855250289264,-23.0002323418985,263.931813809078));
#13332=CARTESIAN_POINT('',(-62.0855250289264,-23.0002323418985,259.931813749473));
#13333=CARTESIAN_POINT('',(-62.0855250289264,-3.72823234189849,263.931813809078));
#13334=CARTESIAN_POINT('Origin',(-62.0855250289264,-16.7282323418985,261.931813749473));
#13335=CARTESIAN_POINT('',(-52.0855248799148,-23.,261.931813972991));
#13336=CARTESIAN_POINT('',(-56.0427588037439,-23.,261.931813749473));
#13337=CARTESIAN_POINT('',(-52.0855248799148,-23.0002323418985,261.931813749473));
#13338=CARTESIAN_POINT('',(-52.0855248799148,-16.7282323418985,261.931813749473));
#13339=CARTESIAN_POINT('',(-58.0855249693218,-23.0002323418985,261.931813749473));
#13340=CARTESIAN_POINT('Origin',(-57.0855249544206,-23.0002323418985,263.431813801627));
#13341=CARTESIAN_POINT('',(-52.0855248799148,-23.0002323418985,263.931813809078));
#13342=CARTESIAN_POINT('',(-52.0855248799148,-23.0002323418985,263.931813809078));
#13343=CARTESIAN_POINT('',(-54.0855249246183,-23.0002323418985,263.931813809078));
#13344=CARTESIAN_POINT('',(-52.0855248799148,-23.0002323418985,263.931813809078));
#13345=CARTESIAN_POINT('',(-55.0855249246183,-23.0002323418985,264.931813823979));
#13346=CARTESIAN_POINT('Origin',(-54.0855249246183,-23.0002323418985,264.931813809078));
#13347=CARTESIAN_POINT('',(-59.0855249842229,-23.0002323418985,264.931813823979));
#13348=CARTESIAN_POINT('Origin',(-57.0855249544206,-23.0002323418985,264.931813823979));
#13349=CARTESIAN_POINT('',(-60.0855249842229,-23.0002323418985,263.931813809078));
#13350=CARTESIAN_POINT('Origin',(-60.0855249842229,-23.0002323418985,264.931813809078));
#13351=CARTESIAN_POINT('',(-62.0855250289264,-23.0002323418985,263.931813809078));
#13352=CARTESIAN_POINT('Origin',(-57.0855249544206,-23.0002323418985,264.931813823979));
#13353=CARTESIAN_POINT('Origin',(-60.0855249842229,-3.72823234189849,264.931813809078));
#13354=CARTESIAN_POINT('',(-59.0855249842229,-1.72823234189849,264.931813823979));
#13355=CARTESIAN_POINT('',(-60.0855249842229,-3.72823234189849,263.931813809078));
#13356=CARTESIAN_POINT('Origin',(-62.0855250289264,-3.72823234189849,263.931813809078));
#13357=CARTESIAN_POINT('Origin',(-54.0855249246183,-3.72823234189849,264.931813809078));
#13358=CARTESIAN_POINT('',(-54.0855249246183,-3.72823234189849,263.931813809078));
#13359=CARTESIAN_POINT('',(-55.0855249246183,-1.72823234189849,264.931813823979));
#13360=CARTESIAN_POINT('Origin',(-52.0855248799148,-3.72823234189849,263.931813809078));
#13361=CARTESIAN_POINT('',(-52.0855248799148,-3.72823234189849,263.931813809078));
#13362=CARTESIAN_POINT('',(-52.0855248799148,-23.,281.965906904539));
#13363=CARTESIAN_POINT('Origin',(-54.0855249246183,-3.72823234189849,263.931813809078));
#13364=CARTESIAN_POINT('Origin',(-57.0855249544206,-1.72823234189849,264.931813823979));
#13365=CARTESIAN_POINT('Origin',(-57.0855249544206,-1.72823234189849,264.931813823979));
#13366=CARTESIAN_POINT('Origin',(-95.,0.,340.));
#13367=CARTESIAN_POINT('',(95.,-23.,340.));
#13368=CARTESIAN_POINT('',(95.,3.,340.));
#13369=CARTESIAN_POINT('',(95.,0.,340.));
#13370=CARTESIAN_POINT('',(-95.,3.,340.));
#13371=CARTESIAN_POINT('',(95.,3.,340.));
#13372=CARTESIAN_POINT('',(-95.,-23.,340.));
#13373=CARTESIAN_POINT('',(-95.,0.,340.));
#13374=CARTESIAN_POINT('',(95.,-23.,340.));
#13375=CARTESIAN_POINT('Origin',(-49.9999925785613,-23.,300.));
#13376=CARTESIAN_POINT('',(100.,-23.,335.));
#13377=CARTESIAN_POINT('Origin',(95.,-23.,335.));
#13378=CARTESIAN_POINT('',(-100.,-23.,335.));
#13379=CARTESIAN_POINT('Origin',(-95.,-23.,335.));
#13380=CARTESIAN_POINT('',(-100.,-23.,265.));
#13381=CARTESIAN_POINT('',(-100.,-23.,335.));
#13382=CARTESIAN_POINT('',(-95.,-23.,260.));
#13383=CARTESIAN_POINT('Origin',(-95.,-23.,265.));
#13384=CARTESIAN_POINT('',(95.,-23.,260.));
#13385=CARTESIAN_POINT('',(-95.,-23.,260.));
#13386=CARTESIAN_POINT('',(100.,-23.,265.));
#13387=CARTESIAN_POINT('Origin',(95.,-23.,265.));
#13388=CARTESIAN_POINT('',(100.,-23.,265.));
#13389=CARTESIAN_POINT('',(-93.000001385808,-23.,265.000003948808));
#13390=CARTESIAN_POINT('',(-93.000001385808,-23.,265.000003948808));
#13391=CARTESIAN_POINT('',(-95.0000014156103,-23.,267.000000104308));
#13392=CARTESIAN_POINT('Origin',(-95.0000014156103,-23.,265.000000074506));
#13393=CARTESIAN_POINT('',(-98.,-23.,267.000000104308));
#13394=CARTESIAN_POINT('',(-95.0000014156103,-23.,267.000000104308));
#13395=CARTESIAN_POINT('',(-98.,-23.,333.000004962087));
#13396=CARTESIAN_POINT('',(-98.,-23.,335.));
#13397=CARTESIAN_POINT('',(-95.0000014156103,-23.,333.000004962087));
#13398=CARTESIAN_POINT('',(-95.0000014156103,-23.,333.000004962087));
#13399=CARTESIAN_POINT('',(-93.000001385808,-23.,335.000004991889));
#13400=CARTESIAN_POINT('Origin',(-95.0000014156103,-23.,335.000004991889));
#13401=CARTESIAN_POINT('',(-93.000001385808,-23.,335.000004991889));
#13402=CARTESIAN_POINT('',(93.000001385808,-23.,335.000004991889));
#13403=CARTESIAN_POINT('',(93.000001385808,-23.,335.000004991889));
#13404=CARTESIAN_POINT('',(95.0000014156103,-23.,333.000004962087));
#13405=CARTESIAN_POINT('Origin',(95.0000014156103,-23.,335.000004991889));
#13406=CARTESIAN_POINT('',(98.,-23.,333.000004962087));
#13407=CARTESIAN_POINT('',(95.0000014156103,-23.,333.000004962087));
#13408=CARTESIAN_POINT('',(98.,-23.,267.000000104308));
#13409=CARTESIAN_POINT('',(98.,-23.,265.));
#13410=CARTESIAN_POINT('',(95.0000014156103,-23.,267.000000104308));
#13411=CARTESIAN_POINT('',(95.0000014156103,-23.,267.000000104308));
#13412=CARTESIAN_POINT('',(93.000001385808,-23.,265.000000074506));
#13413=CARTESIAN_POINT('Origin',(95.0000014156103,-23.,265.000000074506));
#13414=CARTESIAN_POINT('',(93.000001385808,-23.,265.000000074506));
#13415=CARTESIAN_POINT('',(-96.0000014305115,-23.,335.000004991889));
#13416=CARTESIAN_POINT('Origin',(-95.0000014156103,-23.,335.000004991889));
#13417=CARTESIAN_POINT('',(-96.0000014305115,-23.,265.000000074506));
#13418=CARTESIAN_POINT('Origin',(-95.0000014156103,-23.,265.000000074506));
#13419=CARTESIAN_POINT('',(94.0000014007092,-23.,265.000000074506));
#13420=CARTESIAN_POINT('Origin',(95.0000014156103,-23.,265.000000074506));
#13421=CARTESIAN_POINT('',(94.0000014007092,-23.,335.000004991889));
#13422=CARTESIAN_POINT('Origin',(95.0000014156103,-23.,335.000004991889));
#13423=CARTESIAN_POINT('Origin',(60.5000005811453,-8.,295.896261867971));
#13424=CARTESIAN_POINT('',(62.5000005811453,-11.4995231300613,295.896261867971));
#13425=CARTESIAN_POINT('Origin',(60.5000005811453,-11.4995231300613,295.896261867971));
#13426=CARTESIAN_POINT('',(62.5000005811453,-8.,295.896261867971));
#13427=CARTESIAN_POINT('',(62.5000005811453,-8.,295.896261867971));
#13428=CARTESIAN_POINT('Origin',(60.5000005811453,-8.,295.896261867971));
#13429=CARTESIAN_POINT('Origin',(70.,-11.4995231300613,308.896261867971));
#13430=CARTESIAN_POINT('',(61.5000005811453,-11.4995231300613,295.896261867971));
#13431=CARTESIAN_POINT('Origin',(60.5000005811453,-11.4995231300613,295.896261867971));
#13432=CARTESIAN_POINT('Origin',(79.4999994188547,-8.,295.896261867971));
#13433=CARTESIAN_POINT('',(81.4999994188547,-11.4995231300613,295.896261867971));
#13434=CARTESIAN_POINT('Origin',(79.4999994188547,-11.4995231300613,295.896261867971));
#13435=CARTESIAN_POINT('',(81.4999994188547,-8.,295.896261867971));
#13436=CARTESIAN_POINT('',(81.4999994188547,-8.,295.896261867971));
#13437=CARTESIAN_POINT('Origin',(79.4999994188547,-8.,295.896261867971));
#13438=CARTESIAN_POINT('Origin',(70.,-11.4995231300613,308.896261867971));
#13439=CARTESIAN_POINT('',(80.4999994188547,-11.4995231300613,295.896261867971));
#13440=CARTESIAN_POINT('Origin',(79.4999994188547,-11.4995231300613,295.896261867971));
#13441=CARTESIAN_POINT('Origin',(60.5000005811453,-8.,321.896261867971));
#13442=CARTESIAN_POINT('',(62.5000005811453,-11.4995231300613,321.896261867971));
#13443=CARTESIAN_POINT('Origin',(60.5000005811453,-11.4995231300613,321.896261867971));
#13444=CARTESIAN_POINT('',(62.5000005811453,-8.,321.896261867971));
#13445=CARTESIAN_POINT('',(62.5000005811453,-8.,321.896261867971));
#13446=CARTESIAN_POINT('Origin',(60.5000005811453,-8.,321.896261867971));
#13447=CARTESIAN_POINT('Origin',(70.,-11.4995231300613,308.896261867971));
#13448=CARTESIAN_POINT('',(61.5000005811453,-11.4995231300613,321.896261867971));
#13449=CARTESIAN_POINT('Origin',(60.5000005811453,-11.4995231300613,321.896261867971));
#13450=CARTESIAN_POINT('Origin',(79.4999994188547,-8.,321.896261867971));
#13451=CARTESIAN_POINT('',(81.4999994188547,-11.4995231300613,321.896261867971));
#13452=CARTESIAN_POINT('Origin',(79.4999994188547,-11.4995231300613,321.896261867971));
#13453=CARTESIAN_POINT('',(81.4999994188547,-8.,321.896261867971));
#13454=CARTESIAN_POINT('',(81.4999994188547,-8.,321.896261867971));
#13455=CARTESIAN_POINT('Origin',(79.4999994188547,-8.,321.896261867971));
#13456=CARTESIAN_POINT('Origin',(70.,-11.4995231300613,308.896261867971));
#13457=CARTESIAN_POINT('',(80.4999994188547,-11.4995231300613,321.896261867971));
#13458=CARTESIAN_POINT('Origin',(79.4999994188547,-11.4995231300613,321.896261867971));
#13459=CARTESIAN_POINT('Origin',(60.5000005811453,0.,295.896261867971));
#13460=CARTESIAN_POINT('',(61.5000005811453,0.,295.896261867971));
#13461=CARTESIAN_POINT('',(61.5000005811453,0.,295.896261867971));
#13462=CARTESIAN_POINT('Origin',(60.5000005811453,0.,295.896261867971));
#13463=CARTESIAN_POINT('Origin',(79.4999994188547,0.,295.896261867971));
#13464=CARTESIAN_POINT('',(80.4999994188547,0.,295.896261867971));
#13465=CARTESIAN_POINT('',(80.4999994188547,0.,295.896261867971));
#13466=CARTESIAN_POINT('Origin',(79.4999994188547,0.,295.896261867971));
#13467=CARTESIAN_POINT('Origin',(79.4999994188547,0.,321.896261867971));
#13468=CARTESIAN_POINT('',(80.4999994188547,0.,321.896261867971));
#13469=CARTESIAN_POINT('',(80.4999994188547,0.,321.896261867971));
#13470=CARTESIAN_POINT('Origin',(79.4999994188547,0.,321.896261867971));
#13471=CARTESIAN_POINT('Origin',(60.5000005811453,0.,321.896261867971));
#13472=CARTESIAN_POINT('',(61.5000005811453,0.,321.896261867971));
#13473=CARTESIAN_POINT('',(61.5000005811453,0.,321.896261867971));
#13474=CARTESIAN_POINT('Origin',(60.5000005811453,0.,321.896261867971));
#13475=CARTESIAN_POINT('Origin',(83.0562476071874,0.,290.396261257023));
#13476=CARTESIAN_POINT('',(83.499999910593,0.,290.396261257023));
#13477=CARTESIAN_POINT('',(56.499999910593,0.,290.396261257023));
#13478=CARTESIAN_POINT('',(41.5281238035937,0.,290.396261257023));
#13479=CARTESIAN_POINT('',(83.499999910593,-8.,290.396261257023));
#13480=CARTESIAN_POINT('',(83.499999910593,0.,290.396261257023));
#13481=CARTESIAN_POINT('',(56.499999910593,-8.,290.396261257023));
#13482=CARTESIAN_POINT('',(83.499999910593,-8.,290.396261257023));
#13483=CARTESIAN_POINT('',(56.499999910593,0.,290.396261257023));
#13484=CARTESIAN_POINT('Origin',(83.499999910593,0.,324.396261257023));
#13485=CARTESIAN_POINT('',(83.499999910593,0.,324.396261257023));
#13486=CARTESIAN_POINT('',(83.499999910593,0.,312.198130628511));
#13487=CARTESIAN_POINT('',(83.499999910593,-8.,324.396261257023));
#13488=CARTESIAN_POINT('',(83.499999910593,0.,324.396261257023));
#13489=CARTESIAN_POINT('',(83.499999910593,-8.,324.396261257023));
#13490=CARTESIAN_POINT('Origin',(56.499999910593,0.,324.396261257023));
#13491=CARTESIAN_POINT('',(56.499999910593,0.,324.396261257023));
#13492=CARTESIAN_POINT('',(28.2499999552965,0.,324.396261257023));
#13493=CARTESIAN_POINT('',(56.499999910593,-8.,324.396261257023));
#13494=CARTESIAN_POINT('',(56.499999910593,0.,324.396261257023));
#13495=CARTESIAN_POINT('',(56.499999910593,-8.,324.396261257023));
#13496=CARTESIAN_POINT('Origin',(56.499999910593,0.,291.086503387533));
#13497=CARTESIAN_POINT('',(56.499999910593,0.,295.543251693766));
#13498=CARTESIAN_POINT('',(56.499999910593,-8.,290.396261257023));
#13499=CARTESIAN_POINT('Origin',(69.999999910593,-8.,307.396261257023));
#13500=CARTESIAN_POINT('Origin',(0.,0.,300.));
#13501=CARTESIAN_POINT('Origin',(0.,0.,300.));
#13502=CARTESIAN_POINT('Origin',(0.,0.,300.));
#13503=CARTESIAN_POINT('Origin',(0.,0.,300.));
#13504=CARTESIAN_POINT('Origin',(-60.5000005811453,-8.,295.896261867971));
#13505=CARTESIAN_POINT('',(-62.5000005811453,-11.4995231300613,295.896261867971));
#13506=CARTESIAN_POINT('Origin',(-60.5000005811453,-11.4995231300613,295.896261867971));
#13507=CARTESIAN_POINT('',(-62.5000005811453,-8.,295.896261867971));
#13508=CARTESIAN_POINT('',(-62.5000005811453,-8.,295.896261867971));
#13509=CARTESIAN_POINT('Origin',(-60.5000005811453,-8.,295.896261867971));
#13510=CARTESIAN_POINT('Origin',(-70.,-11.4995231300613,308.896261867971));
#13511=CARTESIAN_POINT('',(-61.5000005811453,-11.4995231300613,295.896261867971));
#13512=CARTESIAN_POINT('Origin',(-60.5000005811453,-11.4995231300613,295.896261867971));
#13513=CARTESIAN_POINT('Origin',(-79.4999994188547,-8.,295.896261867971));
#13514=CARTESIAN_POINT('',(-81.4999994188547,-11.4995231300613,295.896261867971));
#13515=CARTESIAN_POINT('Origin',(-79.4999994188547,-11.4995231300613,295.896261867971));
#13516=CARTESIAN_POINT('',(-81.4999994188547,-8.,295.896261867971));
#13517=CARTESIAN_POINT('',(-81.4999994188547,-8.,295.896261867971));
#13518=CARTESIAN_POINT('Origin',(-79.4999994188547,-8.,295.896261867971));
#13519=CARTESIAN_POINT('Origin',(-70.,-11.4995231300613,308.896261867971));
#13520=CARTESIAN_POINT('',(-80.4999994188547,-11.4995231300613,295.896261867971));
#13521=CARTESIAN_POINT('Origin',(-79.4999994188547,-11.4995231300613,295.896261867971));
#13522=CARTESIAN_POINT('Origin',(-60.5000005811453,-8.,321.896261867971));
#13523=CARTESIAN_POINT('',(-62.5000005811453,-11.4995231300613,321.896261867971));
#13524=CARTESIAN_POINT('Origin',(-60.5000005811453,-11.4995231300613,321.896261867971));
#13525=CARTESIAN_POINT('',(-62.5000005811453,-8.,321.896261867971));
#13526=CARTESIAN_POINT('',(-62.5000005811453,-8.,321.896261867971));
#13527=CARTESIAN_POINT('Origin',(-60.5000005811453,-8.,321.896261867971));
#13528=CARTESIAN_POINT('Origin',(-70.,-11.4995231300613,308.896261867971));
#13529=CARTESIAN_POINT('',(-61.5000005811453,-11.4995231300613,321.896261867971));
#13530=CARTESIAN_POINT('Origin',(-60.5000005811453,-11.4995231300613,321.896261867971));
#13531=CARTESIAN_POINT('Origin',(-79.4999994188547,-8.,321.896261867971));
#13532=CARTESIAN_POINT('',(-81.4999994188547,-11.4995231300613,321.896261867971));
#13533=CARTESIAN_POINT('Origin',(-79.4999994188547,-11.4995231300613,321.896261867971));
#13534=CARTESIAN_POINT('',(-81.4999994188547,-8.,321.896261867971));
#13535=CARTESIAN_POINT('',(-81.4999994188547,-8.,321.896261867971));
#13536=CARTESIAN_POINT('Origin',(-79.4999994188547,-8.,321.896261867971));
#13537=CARTESIAN_POINT('Origin',(-70.,-11.4995231300613,308.896261867971));
#13538=CARTESIAN_POINT('',(-80.4999994188547,-11.4995231300613,321.896261867971));
#13539=CARTESIAN_POINT('Origin',(-79.4999994188547,-11.4995231300613,321.896261867971));
#13540=CARTESIAN_POINT('Origin',(-60.5000005811453,0.,295.896261867971));
#13541=CARTESIAN_POINT('',(-61.5000005811453,0.,295.896261867971));
#13542=CARTESIAN_POINT('',(-61.5000005811453,0.,295.896261867971));
#13543=CARTESIAN_POINT('Origin',(-60.5000005811453,0.,295.896261867971));
#13544=CARTESIAN_POINT('Origin',(-79.4999994188547,0.,295.896261867971));
#13545=CARTESIAN_POINT('',(-80.4999994188547,0.,295.896261867971));
#13546=CARTESIAN_POINT('',(-80.4999994188547,0.,295.896261867971));
#13547=CARTESIAN_POINT('Origin',(-79.4999994188547,0.,295.896261867971));
#13548=CARTESIAN_POINT('Origin',(-79.4999994188547,0.,321.896261867971));
#13549=CARTESIAN_POINT('',(-80.4999994188547,0.,321.896261867971));
#13550=CARTESIAN_POINT('',(-80.4999994188547,0.,321.896261867971));
#13551=CARTESIAN_POINT('Origin',(-79.4999994188547,0.,321.896261867971));
#13552=CARTESIAN_POINT('Origin',(-60.5000005811453,0.,321.896261867971));
#13553=CARTESIAN_POINT('',(-61.5000005811453,0.,321.896261867971));
#13554=CARTESIAN_POINT('',(-61.5000005811453,0.,321.896261867971));
#13555=CARTESIAN_POINT('Origin',(-60.5000005811453,0.,321.896261867971));
#13556=CARTESIAN_POINT('Origin',(-83.0562476071874,0.,290.396261257023));
#13557=CARTESIAN_POINT('',(-56.499999910593,0.,290.396261257023));
#13558=CARTESIAN_POINT('',(-83.499999910593,0.,290.396261257023));
#13559=CARTESIAN_POINT('',(-41.5281238035937,0.,290.396261257023));
#13560=CARTESIAN_POINT('',(-56.499999910593,-8.,290.396261257023));
#13561=CARTESIAN_POINT('',(-56.499999910593,0.,290.396261257023));
#13562=CARTESIAN_POINT('',(-83.499999910593,-8.,290.396261257023));
#13563=CARTESIAN_POINT('',(-83.499999910593,-8.,290.396261257023));
#13564=CARTESIAN_POINT('',(-83.499999910593,0.,290.396261257023));
#13565=CARTESIAN_POINT('Origin',(-83.499999910593,0.,324.396261257023));
#13566=CARTESIAN_POINT('',(-83.499999910593,0.,324.396261257023));
#13567=CARTESIAN_POINT('',(-83.499999910593,0.,312.198130628511));
#13568=CARTESIAN_POINT('',(-83.499999910593,-8.,324.396261257023));
#13569=CARTESIAN_POINT('',(-83.499999910593,-8.,324.396261257023));
#13570=CARTESIAN_POINT('',(-83.499999910593,0.,324.396261257023));
#13571=CARTESIAN_POINT('Origin',(-56.499999910593,0.,324.396261257023));
#13572=CARTESIAN_POINT('',(-56.499999910593,0.,324.396261257023));
#13573=CARTESIAN_POINT('',(-28.2499999552965,0.,324.396261257023));
#13574=CARTESIAN_POINT('',(-56.499999910593,-8.,324.396261257023));
#13575=CARTESIAN_POINT('',(-56.499999910593,-8.,324.396261257023));
#13576=CARTESIAN_POINT('',(-56.499999910593,0.,324.396261257023));
#13577=CARTESIAN_POINT('Origin',(-56.499999910593,0.,291.086503387533));
#13578=CARTESIAN_POINT('',(-56.499999910593,0.,295.543251693766));
#13579=CARTESIAN_POINT('',(-56.499999910593,-8.,290.396261257023));
#13580=CARTESIAN_POINT('Origin',(-69.999999910593,-8.,307.396261257023));
#13581=CARTESIAN_POINT('Origin',(0.,0.,300.));
#13582=CARTESIAN_POINT('Origin',(0.,0.,300.));
#13583=CARTESIAN_POINT('Origin',(0.,0.,300.));
#13584=CARTESIAN_POINT('Origin',(0.,0.,300.));
#13585=CARTESIAN_POINT('Origin',(95.0000014156103,0.,335.000004991889));
#13586=CARTESIAN_POINT('',(94.0000014007092,0.,335.000004991889));
#13587=CARTESIAN_POINT('',(94.0000014007092,0.,335.000004991889));
#13588=CARTESIAN_POINT('Origin',(95.0000014156103,0.,335.000004991889));
#13589=CARTESIAN_POINT('Origin',(93.000001385808,0.,338.));
#13590=CARTESIAN_POINT('',(93.000001385808,0.,335.000004991889));
#13591=CARTESIAN_POINT('',(93.000001385808,0.,319.));
#13592=CARTESIAN_POINT('',(93.000001385808,0.,335.000004991889));
#13593=CARTESIAN_POINT('Origin',(95.0000014156103,0.,333.000004962087));
#13594=CARTESIAN_POINT('',(98.,0.,333.000004962087));
#13595=CARTESIAN_POINT('',(95.0000014156103,0.,333.000004962087));
#13596=CARTESIAN_POINT('',(47.5000007078052,0.,333.000004962087));
#13597=CARTESIAN_POINT('',(98.,0.,333.000004962087));
#13598=CARTESIAN_POINT('',(95.0000014156103,0.,333.000004962087));
#13599=CARTESIAN_POINT('Origin',(95.0000014156103,0.,335.000004991889));
#13600=CARTESIAN_POINT('Origin',(95.0000014156103,0.,335.000004991889));
#13601=CARTESIAN_POINT('Origin',(0.,0.,300.));
#13602=CARTESIAN_POINT('Origin',(95.0000014156103,0.,265.000000074506));
#13603=CARTESIAN_POINT('',(94.0000014007092,0.,265.000000074506));
#13604=CARTESIAN_POINT('',(94.0000014007092,0.,265.000000074506));
#13605=CARTESIAN_POINT('Origin',(95.0000014156103,0.,265.000000074506));
#13606=CARTESIAN_POINT('Origin',(93.000001385808,0.,265.000000074506));
#13607=CARTESIAN_POINT('',(93.000001385808,0.,265.000000074506));
#13608=CARTESIAN_POINT('',(93.000001385808,0.,282.500000037253));
#13609=CARTESIAN_POINT('',(93.000001385808,0.,265.000000074506));
#13610=CARTESIAN_POINT('Origin',(95.0000014156103,0.,265.000000074506));
#13611=CARTESIAN_POINT('',(95.0000014156103,0.,267.000000104308));
#13612=CARTESIAN_POINT('Origin',(95.0000014156103,0.,265.000000074506));
#13613=CARTESIAN_POINT('',(95.0000014156103,0.,267.000000104308));
#13614=CARTESIAN_POINT('Origin',(98.,0.,267.000000104308));
#13615=CARTESIAN_POINT('',(98.,0.,267.000000104308));
#13616=CARTESIAN_POINT('',(49.,0.,267.000000104308));
#13617=CARTESIAN_POINT('',(98.,0.,267.000000104308));
#13618=CARTESIAN_POINT('Origin',(98.,0.,335.));
#13619=CARTESIAN_POINT('',(98.,0.,317.5));
#13620=CARTESIAN_POINT('Origin',(0.,0.,300.));
#13621=CARTESIAN_POINT('Origin',(-95.0000014156103,0.,265.000000074506));
#13622=CARTESIAN_POINT('',(-96.0000014305115,0.,265.000000074506));
#13623=CARTESIAN_POINT('',(-96.0000014305115,0.,265.000000074506));
#13624=CARTESIAN_POINT('Origin',(-95.0000014156103,0.,265.000000074506));
#13625=CARTESIAN_POINT('Origin',(-92.9999955743476,0.,262.));
#13626=CARTESIAN_POINT('',(-93.000001385808,0.,265.000003948808));
#13627=CARTESIAN_POINT('',(-93.0000323800407,0.,280.999909922415));
#13628=CARTESIAN_POINT('',(-93.000001385808,0.,265.000003948808));
#13629=CARTESIAN_POINT('Origin',(-95.0000014156103,0.,267.000000104308));
#13630=CARTESIAN_POINT('',(-98.,0.,267.000000104308));
#13631=CARTESIAN_POINT('',(-95.0000014156103,0.,267.000000104308));
#13632=CARTESIAN_POINT('',(-47.5000007078052,0.,267.000000104308));
#13633=CARTESIAN_POINT('',(-98.,0.,267.000000104308));
#13634=CARTESIAN_POINT('',(-95.0000014156103,0.,267.000000104308));
#13635=CARTESIAN_POINT('Origin',(-95.0000014156103,0.,265.000000074506));
#13636=CARTESIAN_POINT('Origin',(-95.0000014156103,0.,265.000000074506));
#13637=CARTESIAN_POINT('Origin',(0.,0.,300.));
#13638=CARTESIAN_POINT('Origin',(-95.0000014156103,0.,335.000004991889));
#13639=CARTESIAN_POINT('',(-96.0000014305115,0.,335.000004991889));
#13640=CARTESIAN_POINT('',(-96.0000014305115,0.,335.000004991889));
#13641=CARTESIAN_POINT('Origin',(-95.0000014156103,0.,335.000004991889));
#13642=CARTESIAN_POINT('Origin',(-93.000001385808,0.,335.000004991889));
#13643=CARTESIAN_POINT('',(-93.000001385808,0.,335.000004991889));
#13644=CARTESIAN_POINT('',(-93.000001385808,0.,317.500002495944));
#13645=CARTESIAN_POINT('',(-93.000001385808,0.,335.000004991889));
#13646=CARTESIAN_POINT('Origin',(-95.0000014156103,0.,335.000004991889));
#13647=CARTESIAN_POINT('',(-95.0000014156103,0.,333.000004962087));
#13648=CARTESIAN_POINT('Origin',(-95.0000014156103,0.,335.000004991889));
#13649=CARTESIAN_POINT('',(-95.0000014156103,0.,333.000004962087));
#13650=CARTESIAN_POINT('Origin',(-98.,0.,333.000004962087));
#13651=CARTESIAN_POINT('',(-98.,0.,333.000004962087));
#13652=CARTESIAN_POINT('',(-49.,0.,333.000004962087));
#13653=CARTESIAN_POINT('',(-98.,0.,333.000004962087));
#13654=CARTESIAN_POINT('Origin',(0.,0.,300.));
#13655=CARTESIAN_POINT('Origin',(-98.,0.,265.));
#13656=CARTESIAN_POINT('',(-98.,0.,282.5));
#13657=CARTESIAN_POINT('Origin',(-100.,0.,265.));
#13658=CARTESIAN_POINT('',(-100.,3.,335.));
#13659=CARTESIAN_POINT('',(-100.,0.,335.));
#13660=CARTESIAN_POINT('',(-100.,3.,265.));
#13661=CARTESIAN_POINT('',(-100.,3.,335.));
#13662=CARTESIAN_POINT('',(-100.,0.,265.));
#13663=CARTESIAN_POINT('Origin',(-95.,0.,265.));
#13664=CARTESIAN_POINT('',(-95.,3.,260.));
#13665=CARTESIAN_POINT('Origin',(-95.,3.,265.));
#13666=CARTESIAN_POINT('',(-95.,0.,260.));
#13667=CARTESIAN_POINT('Origin',(95.,0.,260.));
#13668=CARTESIAN_POINT('',(95.,3.,260.));
#13669=CARTESIAN_POINT('',(-95.,3.,260.));
#13670=CARTESIAN_POINT('',(95.,0.,260.));
#13671=CARTESIAN_POINT('Origin',(95.,0.,265.));
#13672=CARTESIAN_POINT('',(100.,3.,265.));
#13673=CARTESIAN_POINT('Origin',(95.,3.,265.));
#13674=CARTESIAN_POINT('',(100.,0.,265.));
#13675=CARTESIAN_POINT('Origin',(100.,0.,335.));
#13676=CARTESIAN_POINT('',(100.,3.,335.));
#13677=CARTESIAN_POINT('',(100.,3.,265.));
#13678=CARTESIAN_POINT('',(100.,0.,335.));
#13679=CARTESIAN_POINT('Origin',(95.,0.,335.));
#13680=CARTESIAN_POINT('Origin',(95.,3.,335.));
#13681=CARTESIAN_POINT('Origin',(-95.,0.,335.));
#13682=CARTESIAN_POINT('Origin',(-95.,3.,335.));
#13683=CARTESIAN_POINT('Origin',(0.,3.,300.));
#13684=CARTESIAN_POINT('Origin',(0.,0.,300.));
#13685=CARTESIAN_POINT('Origin',(-70.9604283321878,-26.,307.632393513844));
#13686=CARTESIAN_POINT('',(-84.9604283321877,-25.,307.632393513844));
#13687=CARTESIAN_POINT('Origin',(-70.9604283321878,-25.,307.632393513844));
#13688=CARTESIAN_POINT('',(-84.9604283321877,-26.,307.632393513844));
#13689=CARTESIAN_POINT('',(-84.9604283321877,-26.,307.632393513844));
#13690=CARTESIAN_POINT('Origin',(-70.9604283321878,-26.,307.632393513844));
#13691=CARTESIAN_POINT('Origin',(-98.,-25.,282.792518744052));
#13692=CARTESIAN_POINT('',(-98.,-26.,282.792518744052));
#13693=CARTESIAN_POINT('',(-98.,-26.,335.000004991889));
#13694=CARTESIAN_POINT('',(-98.,-26.,295.84440800959));
#13695=CARTESIAN_POINT('',(-98.,-25.,335.000004991889));
#13696=CARTESIAN_POINT('',(-98.,-25.,335.000004991889));
#13697=CARTESIAN_POINT('',(-98.,-25.,282.792518744052));
#13698=CARTESIAN_POINT('',(-98.,-25.,295.84440800959));
#13699=CARTESIAN_POINT('',(-98.,-25.,282.792518744052));
#13700=CARTESIAN_POINT('Origin',(-95.0000014156103,-25.,335.000004991889));
#13701=CARTESIAN_POINT('',(-95.0026758410905,-26.,338.000002384186));
#13702=CARTESIAN_POINT('Origin',(-95.0000014156103,-26.,335.000004991889));
#13703=CARTESIAN_POINT('',(-95.0026758410905,-25.,338.000002384186));
#13704=CARTESIAN_POINT('',(-95.0026758410905,-25.,338.000002384186));
#13705=CARTESIAN_POINT('Origin',(-95.0000014156103,-25.,335.000004991889));
#13706=CARTESIAN_POINT('Origin',(-95.0026758410905,-25.,338.));
#13707=CARTESIAN_POINT('',(-45.,-26.,338.));
#13708=CARTESIAN_POINT('',(-82.5013379205453,-26.,338.));
#13709=CARTESIAN_POINT('',(-45.,-25.,338.));
#13710=CARTESIAN_POINT('',(-45.,-25.,338.));
#13711=CARTESIAN_POINT('',(-82.5013379205453,-25.,338.));
#13712=CARTESIAN_POINT('Origin',(-45.,-25.,335.));
#13713=CARTESIAN_POINT('',(-42.,-26.,335.));
#13714=CARTESIAN_POINT('Origin',(-45.,-26.,335.));
#13715=CARTESIAN_POINT('',(-42.,-25.,335.));
#13716=CARTESIAN_POINT('',(-42.,-25.,335.));
#13717=CARTESIAN_POINT('Origin',(-45.,-25.,335.));
#13718=CARTESIAN_POINT('Origin',(-44.9999985843897,-25.,335.000004991889));
#13719=CARTESIAN_POINT('',(-43.9999985694885,-26.,335.000004991889));
#13720=CARTESIAN_POINT('Origin',(-44.9999985843897,-26.,335.000004991889));
#13721=CARTESIAN_POINT('',(-43.9999985694885,-25.,335.000004991889));
#13722=CARTESIAN_POINT('',(-43.9999985694885,-25.,335.000004991889));
#13723=CARTESIAN_POINT('Origin',(-44.9999985843897,-25.,335.000004991889));
#13724=CARTESIAN_POINT('Origin',(-44.9999985843897,-25.,282.792518744052));
#13725=CARTESIAN_POINT('',(-43.9999985694885,-26.,282.792518744052));
#13726=CARTESIAN_POINT('Origin',(-44.9999985843897,-26.,282.792518744052));
#13727=CARTESIAN_POINT('',(-43.9999985694885,-25.,282.792518744052));
#13728=CARTESIAN_POINT('',(-43.9999985694885,-25.,282.792518744052));
#13729=CARTESIAN_POINT('Origin',(-44.9999985843897,-25.,282.792518744052));
#13730=CARTESIAN_POINT('Origin',(-95.0000014156103,-25.,335.000004991889));
#13731=CARTESIAN_POINT('',(-94.0000014007092,-26.,335.000004991889));
#13732=CARTESIAN_POINT('Origin',(-95.0000014156103,-26.,335.000004991889));
#13733=CARTESIAN_POINT('',(-94.0000014007092,-25.,335.000004991889));
#13734=CARTESIAN_POINT('',(-94.0000014007092,-25.,335.000004991889));
#13735=CARTESIAN_POINT('Origin',(-95.0000014156103,-25.,335.000004991889));
#13736=CARTESIAN_POINT('Origin',(-95.0000014156103,-25.,282.792518744052));
#13737=CARTESIAN_POINT('',(-94.0000014007092,-26.,282.792518744052));
#13738=CARTESIAN_POINT('Origin',(-95.0000014156103,-26.,282.792518744052));
#13739=CARTESIAN_POINT('',(-94.0000014007092,-25.,282.792518744052));
#13740=CARTESIAN_POINT('',(-94.0000014007092,-25.,282.792518744052));
#13741=CARTESIAN_POINT('Origin',(-95.0000014156103,-25.,282.792518744052));
#13742=CARTESIAN_POINT('Origin',(-95.0000014156103,-25.,282.792518744052));
#13743=CARTESIAN_POINT('',(-95.0207868201977,-26.,279.792592166068));
#13744=CARTESIAN_POINT('Origin',(-95.0000014156103,-26.,282.792518744052));
#13745=CARTESIAN_POINT('',(-95.0207868201977,-25.,279.792592166068));
#13746=CARTESIAN_POINT('Origin',(-95.0000014156103,-25.,282.792518744052));
#13747=CARTESIAN_POINT('',(-95.0207868201977,-25.,279.792592166068));
#13748=CARTESIAN_POINT('Origin',(-44.9792131798023,-25.,279.792592166068));
#13749=CARTESIAN_POINT('',(-44.9792131798023,-26.,279.792592166068));
#13750=CARTESIAN_POINT('',(-57.4896065899011,-26.,279.792592166068));
#13751=CARTESIAN_POINT('',(-44.9792131798023,-25.,279.792592166068));
#13752=CARTESIAN_POINT('',(-57.4896065899011,-25.,279.792592166068));
#13753=CARTESIAN_POINT('',(-44.9792131798023,-25.,279.792592166068));
#13754=CARTESIAN_POINT('Origin',(-44.9999985843897,-25.,282.792518744052));
#13755=CARTESIAN_POINT('',(-42.,-26.,282.792518744052));
#13756=CARTESIAN_POINT('Origin',(-44.9999985843897,-26.,282.792518744052));
#13757=CARTESIAN_POINT('',(-42.,-25.,282.792518744052));
#13758=CARTESIAN_POINT('Origin',(-44.9999985843897,-25.,282.792518744052));
#13759=CARTESIAN_POINT('',(-42.,-25.,282.792518744052));
#13760=CARTESIAN_POINT('Origin',(-42.,-25.,335.));
#13761=CARTESIAN_POINT('',(-42.,-26.,321.948148637563));
#13762=CARTESIAN_POINT('',(-42.,-25.,321.948148637563));
#13763=CARTESIAN_POINT('Origin',(-70.,-25.,308.896297275127));
#13764=CARTESIAN_POINT('Origin',(-70.,-26.,308.896297275127));
#13765=CARTESIAN_POINT('',(-56.4142537939688,-11.4995231300613,291.343628846778));
#13766=CARTESIAN_POINT('',(83.5857462060278,-11.4995231300613,291.343628846776));
#13767=UNCERTAINTY_MEASURE_WITH_UNIT(LENGTH_MEASURE(0.01),#13773,
'DISTANCE_ACCURACY_VALUE',
'Maximum model space distance between geometric entities at asserted c
onnectivities');
#13768=UNCERTAINTY_MEASURE_WITH_UNIT(LENGTH_MEASURE(0.01),#13773,
'DISTANCE_ACCURACY_VALUE',
'Maximum model space distance between geometric entities at asserted c
onnectivities');
#13769=UNCERTAINTY_MEASURE_WITH_UNIT(LENGTH_MEASURE(0.01),#13773,
'DISTANCE_ACCURACY_VALUE',
'Maximum model space distance between geometric entities at asserted c
onnectivities');
#13770=(
GEOMETRIC_REPRESENTATION_CONTEXT(3)
GLOBAL_UNCERTAINTY_ASSIGNED_CONTEXT((#13767))
GLOBAL_UNIT_ASSIGNED_CONTEXT((#13773,#13775,#13776))
REPRESENTATION_CONTEXT('','3D')
);
#13771=(
GEOMETRIC_REPRESENTATION_CONTEXT(3)
GLOBAL_UNCERTAINTY_ASSIGNED_CONTEXT((#13768))
GLOBAL_UNIT_ASSIGNED_CONTEXT((#13773,#13775,#13776))
REPRESENTATION_CONTEXT('','3D')
);
#13772=(
GEOMETRIC_REPRESENTATION_CONTEXT(3)
GLOBAL_UNCERTAINTY_ASSIGNED_CONTEXT((#13769))
GLOBAL_UNIT_ASSIGNED_CONTEXT((#13773,#13775,#13776))
REPRESENTATION_CONTEXT('','3D')
);
#13773=(
LENGTH_UNIT()
NAMED_UNIT(*)
SI_UNIT(.MILLI.,.METRE.)
);
#13774=(
LENGTH_UNIT()
NAMED_UNIT(*)
SI_UNIT($,.METRE.)
);
#13775=(
NAMED_UNIT(*)
PLANE_ANGLE_UNIT()
SI_UNIT($,.RADIAN.)
);
#13776=(
NAMED_UNIT(*)
SI_UNIT($,.STERADIAN.)
SOLID_ANGLE_UNIT()
);
#13777=SHAPE_DEFINITION_REPRESENTATION(#13779,#13783);
#13778=SHAPE_DEFINITION_REPRESENTATION(#13780,#13784);
#13779=PRODUCT_DEFINITION_SHAPE('',$,#13786);
#13780=PRODUCT_DEFINITION_SHAPE('',$,#13787);
#13781=PRODUCT_DEFINITION_SHAPE($,$,#17);
#13782=PRODUCT_DEFINITION_SHAPE($,$,#18);
#13783=SHAPE_REPRESENTATION('',(#8260,#8992,#8993),#13770);
#13784=SHAPE_REPRESENTATION('',(#8261),#13771);
#13785=PRODUCT_DEFINITION_CONTEXT('part definition',#13793,'design');
#13786=PRODUCT_DEFINITION('2026-04-09-21-49-30-880','TX',#13788,#13785);
#13787=PRODUCT_DEFINITION('2026-04-10-14-31-41-144','joy_stick_2a',#13789,
#13785);
#13788=PRODUCT_DEFINITION_FORMATION('',$,#13795);
#13789=PRODUCT_DEFINITION_FORMATION('',$,#13796);
#13790=PRODUCT_RELATED_PRODUCT_CATEGORY('TX','TX',(#13795));
#13791=PRODUCT_RELATED_PRODUCT_CATEGORY('joy_stick_2a','joy_stick_2a',(#13796));
#13792=APPLICATION_PROTOCOL_DEFINITION('international standard',
'automotive_design',2009,#13793);
#13793=APPLICATION_CONTEXT(
'Core Data for Automotive Mechanical Design Process');
#13794=PRODUCT_CONTEXT('part definition',#13793,'mechanical');
#13795=PRODUCT('2026-04-09-21-49-30-880','TX',$,(#13794));
#13796=PRODUCT('2026-04-10-14-31-41-144','joy_stick_2a',$,(#13794));
#13797=PRESENTATION_STYLE_ASSIGNMENT((#13803));
#13798=PRESENTATION_STYLE_ASSIGNMENT((#13804));
#13799=PRESENTATION_STYLE_ASSIGNMENT((#13805));
#13800=PRESENTATION_STYLE_ASSIGNMENT((#13806));
#13801=PRESENTATION_STYLE_ASSIGNMENT((#13807));
#13802=PRESENTATION_STYLE_ASSIGNMENT((#13808));
#13803=SURFACE_STYLE_USAGE(.BOTH.,#13809);
#13804=SURFACE_STYLE_USAGE(.BOTH.,#13810);
#13805=SURFACE_STYLE_USAGE(.BOTH.,#13811);
#13806=SURFACE_STYLE_USAGE(.BOTH.,#13812);
#13807=SURFACE_STYLE_USAGE(.BOTH.,#13813);
#13808=SURFACE_STYLE_USAGE(.BOTH.,#13814);
#13809=SURFACE_SIDE_STYLE('',(#13815));
#13810=SURFACE_SIDE_STYLE('',(#13816));
#13811=SURFACE_SIDE_STYLE('',(#13817));
#13812=SURFACE_SIDE_STYLE('',(#13818));
#13813=SURFACE_SIDE_STYLE('',(#13819));
#13814=SURFACE_SIDE_STYLE('',(#13820));
#13815=SURFACE_STYLE_FILL_AREA(#13821);
#13816=SURFACE_STYLE_FILL_AREA(#13822);
#13817=SURFACE_STYLE_FILL_AREA(#13823);
#13818=SURFACE_STYLE_FILL_AREA(#13824);
#13819=SURFACE_STYLE_FILL_AREA(#13825);
#13820=SURFACE_STYLE_FILL_AREA(#13826);
#13821=FILL_AREA_STYLE('Steel - Satin',(#13827));
#13822=FILL_AREA_STYLE('Opaque(208,164,20)',(#13828));
#13823=FILL_AREA_STYLE('Opaque(25,25,25)',(#13829));
#13824=FILL_AREA_STYLE('Opaque(39,39,39)',(#13830));
#13825=FILL_AREA_STYLE('Opaque(245,245,246)',(#13831));
#13826=FILL_AREA_STYLE('Opaque(160,160,160)',(#13832));
#13827=FILL_AREA_STYLE_COLOUR('Steel - Satin',#13833);
#13828=FILL_AREA_STYLE_COLOUR('Opaque(208,164,20)',#13834);
#13829=FILL_AREA_STYLE_COLOUR('Opaque(25,25,25)',#13835);
#13830=FILL_AREA_STYLE_COLOUR('Opaque(39,39,39)',#13836);
#13831=FILL_AREA_STYLE_COLOUR('Opaque(245,245,246)',#13837);
#13832=FILL_AREA_STYLE_COLOUR('Opaque(160,160,160)',#13838);
#13833=COLOUR_RGB('Steel - Satin',0.627450980392157,0.627450980392157,0.627450980392157);
#13834=COLOUR_RGB('Opaque(208,164,20)',0.815686274509804,0.643137254901961,
0.0784313725490196);
#13835=COLOUR_RGB('Opaque(25,25,25)',0.0980392156862745,0.0980392156862745,
0.0980392156862745);
#13836=COLOUR_RGB('Opaque(39,39,39)',0.152941176470588,0.152941176470588,
0.152941176470588);
#13837=COLOUR_RGB('Opaque(245,245,246)',0.96078431372549,0.96078431372549,
0.964705882352941);
#13838=COLOUR_RGB('Opaque(160,160,160)',0.627450980392157,0.627450980392157,
0.627450980392157);
ENDSEC;
END-ISO-10303-21;
